<doc><id>1</id><url>http://www.chinanews.com/sh/2024/05-29/10225417.shtml</url><title>如何守护“蓝天白云”？云南向周边国家分享经验</title><datetime>2024-5-29 21:44:00</datetime><body>	中新网昆明5月29日电(记者缪超)位于中国西南边陲的云南省生态环境优良，蓝天白云、绿水青山是该省常年吸引海内外游客的“招牌”之一。
	29日，在云南昆明举行的“2024澜沧江-湄公河合作周”绿色澜湄计划：低碳与可持续基础设施知识共享圆桌对话的一场平行对话上，云南省生态环境厅大气环境处处长孟广智向来自缅甸、老挝、泰国等国家的环境官员及专家学者介绍云南守护“蓝天白云”的经验和做法。
	近年来，云南在蓝天保卫战当中，实施了重点行业超低排放改造、机动车移动源污染排放控制、城市在建设过程扬尘管理、农业秸秆综合利用、农村散煤替代等一系列具体措施，2015年至2023年空气质量持续得到改善。
	在加强重点行业超低排放改造方面，云南在企业达到环境排放标准的基础上，进一步鼓励企业开展污染物的消减。
	例如钢铁行业的超低排放改造，云南对原料、烧结球团、炼钢、轧钢等所有的生产环节均提出改造要求。孟广智介绍，“年产580万吨钢铁的昆明钢铁厂在达标情况下，再次消解超过55%的大气污染物。”
	再如焦化、有色金属冶炼行业深度治理，他称，此举实现了焦化废水污水的封闭化处理，减少了臭氧的形成。
	在加强机动车移动源污染排放控制方面，云南形成集新车查验、定期尾气检测、遥感监测、车载诊断、远程监控等方面的管理体系。孟广智说，“如安装的遥感监测和黑烟抓拍系统，可实时抓拍违法排污机动车。”
	云南是传统农业省份，近年来该省推动农业秸秆综合利用，实现秸秆的饲料化、肥料化、原料化、燃料化，此举大量减少了焚烧秸秆情况。烤烟是云南经济支柱产业之一，传统烤烟房依靠燃烧煤炭，孟广智说，“我们通过将之改造成电烤烟房，降低二氧化碳排放。”
	孟广智还介绍，云南空气污染呈现“两集中”：时间集中于每年4月，空间集中在东南和西南边境地区。他表示，希望在澜湄环境合作机制下，加强与周边国家环境空气质量的交流合作，推动区域的环境空气质量持续改善。(完)【编辑:于晓】
</body></doc>