<doc><id>10</id><url>http://www.chinanews.com/gj/2024/05-29/10225304.shtml</url><title>中国驻柬埔寨大使王文天辞行拜会柬首相洪玛奈</title><datetime>2024-5-29 21:00:00</datetime><body>	中新网金边5月29日电(记者杨强)当地时间5月28日，中国驻柬埔寨大使王文天辞行拜会柬埔寨首相洪玛奈。
	洪玛奈表示，近年来柬中关系快速发展，双方政治互信不断增强，各领域合作持续拓展，两国在新冠疫情期间守望相助、患难与共，让柬中传统友谊更加深入人心。感谢中方长期向柬提供无私支持和帮助。柬新一届政府将继续坚定奉行对华友好政策，愿同中方一道，构建好高质量、高水平、高标准的新时代柬中命运共同体，更好造福两国和两国人民。
	洪玛奈高度评价王文天任内为推动柬中全面战略合作伙伴关系发展所作贡献，代表柬埔寨政府向其颁授“友谊合作大十字勋章”。该勋章由柬埔寨国王西哈莫尼签批，用于表彰为促进柬对外交往合作作出重要贡献的外国友好人士。
	此前，王文天还先后辞行拜会柬埔寨参议院主席洪森和国会主席昆索达莉。(完)
【编辑:张奥林】
</body></doc>