<doc><id>100</id><url>http://www.chinanews.com/sh/2024/05-29/10225092.shtml</url><title>广东结束防汛Ⅳ级应急响应</title><datetime>2024-5-29 13:45:00</datetime><body>	中新网广州5月29日电(记者王坚)广东省于5月29日8时结束防汛Ⅳ级应急响应。
	广东省应急管理厅介绍，据气象水文部门监测预报，本轮强降雨过程已基本结束，全省江河水情平稳。根据《广东省防汛防旱防风防冻应急预案》和广东省防总有关规定，广东省防汛防旱防风总指挥部决定于5月29日8时结束防汛Ⅳ级应急响应。
	广东省应急管理厅表示，当前，正值“龙舟水”降雨集中期，强降水频繁、局地雨势猛烈，致灾风险高。
	广东省防总要求各地各部门要克服麻痹松懈思想，继续压紧压实防汛责任，密切关注雨情、水情、汛情发展，强化监测预警和会商研判，及时做好防御工作。要强化转移人员安置管理，在风险没有解除前严禁擅自冒险返回，坚决做到“不安全、不返回”。要加快损毁设施修复，尽快恢复正常的生产生活秩序，全力以赴保障人民群众生命财产安全。(完)
【编辑:曹子健】
</body></doc>