<doc><id>1000</id><url>http://www.chinanews.com/gn/2024/06-03/10227841.shtml</url><title>文脉华章｜悠悠荆楚 遇见知音</title><datetime>2024-6-3 12:56:00</datetime><body>	党的十八大以来，以习近平同志为核心的党中央把文化建设提升到一个新的历史高度，引领文化强国建设取得新的历史性成就，把我们党对文化作用和文化发展规律的认识提升到一个新的境界。
	2023年6月2日，文化传承发展座谈会在北京召开，习近平总书记发表重要讲话，从党和国家事业发展全局战略高度，对中华文化传承发展的一系列重大理论和现实问题作了全面系统深入阐述，为在全面建设社会主义现代化国家新征程上推进文化传承发展事业指明了前进方向、提供了根本遵循。
	新时代，中华优秀传统文化正在焕发新生机。刚刚闭幕的第二十届深圳文博会上，一曲跨越千年的“钟琴和鸣”，上演了一场“今古传奇”。这是由曾侯乙编钟的1：1复制件和长江钢琴这两件来自湖北的乐器共同演奏的《长江之歌》，现场观众连连点赞：“古今文化之间的碰撞简直太美妙了”！
	当下，作为中华优秀传统文化的重要组成部分，荆楚文化正在创新中赓续绵延，踏着文旅融合的脚步，吸引更多知音在湖北相遇。
	01
	荆楚文化是悠久的中华文明的重要组成部分，在中华文明发展史上地位举足轻重。
	——2018年4月，习近平总书记在参观湖北省博物馆精品文物展时指出。
	荆楚文化是一片古老而富饶的文化沃土。
	百万年前，“郧县人”在这里繁衍生息，实证我国百万年人类史；
	五千年前，炎帝神农氏在这里开启了璀璨的农耕文明，创制了早期的礼乐文明，成为中华文明史上的一个重要里程碑。如今，炎帝故里寻根节已连续举办16年，在全球华人中产生广泛影响。今年6月2日，甲辰年世界华人炎帝故里寻根节在随州举办。
	一场关于“寻根”的拜祖大典，正是对中华优秀传统文化的继承与弘扬。
	在仪式流程方面，设计有：起鼓鸣钟、恭启圣门、点燃新火、敬献花篮、香敬始祖、恭读颂文、共拜始祖、唱诵始祖、瞻仰圣像等九项仪程，充分融入了炎帝文化、荆楚文化、曾随文化的元素；
	在吟咏、唱诵方面，引入《礼记》《诗经》等经典，借助诗经、楚辞、汉赋等文体；
	在音乐方面，深入挖掘和展现中华传统文化中“礼乐文化”的精髓，融合曾侯乙遗址出土的编钟、编磬、鼓、箎、笙、琴、瑟、排箫等八种乐器，创新编排大典音乐。
	图/湖北随州甲辰年拜谒炎帝神农大典现场
	承百代之流、汇古今之变，既体现了文化感、仪式感、参与感与氛围感，又充分彰显了中华优秀传统文化特别是礼乐文化、祭祀文化和地方特质文化的赓续。
	更重要的是，“寻根”充分发挥了优秀传统文化在铸魂育人中的作用，凝聚起对中华文化的认同感，在与历史相承、与时代共振的实践奋斗中，激荡起深沉持久、昂扬奋进的力量。
	绵延百万年的文脉华章，无不在共同诉说着：荆楚文化是悠久中华文明的重要组成部分，在中华文明发展史上的地位举足轻重。也激励着海内外中华儿女共同为强国建设、民族复兴而团结奋斗。
	02
	着力赓续中华文脉、推动中华优秀传统文化创造性转化和创新性发展。
	——2023年10月，习近平总书记对宣传思想文化工作作出重要指示。
	文化自信是一个国家、一个民族发展中最基本、最深沉、最持久的力量。新的历史机遇下，湖北以文聚力，以旅塑文，荆楚文化始终在兼收并蓄中历久弥新。
	图/曾侯乙编钟的1：1复制件亮相第二十届深圳文博会
	随州曾侯乙编钟、潜江龙湾楚章华台、襄阳隆中、三国赤壁……湖北一个个著名的旅游景点丰富的文化含量使其穿越历史而魅力常新。
	“汉服热”“非遗热”“博物馆热”“古镇热”……赴一场传统文化的旅行成为许多人尤其是年轻人来湖北的不二选择。
	已有1800余年历史的黄鹤楼，一直是八方游客来汉必去的打卡点。
	今年五一假期，18.7万人畅游黄鹤楼公园打卡60种玩法，借助人工智能交互设施，与李白共赴诗意盛会……黄鹤楼文化的创新性发展，让这一文旅IP持续爆红，武汉地铁5号线司门口黄鹤楼站C出口旁的红墙成为“现象级”火热拍照打卡地。
	“大江东去，浪淘尽，千古风流人物……”一代文豪苏东坡，正是在湖北完成了一生最大的转变，“二赋一词”传唱千年，浸润着一代代中国人的心灵。黄冈深度开发东坡旅游资源，越来越多的游客前来领略东坡文化。
	今年以来，湖北文化味儿十足的旅游新业态、新产品、新现象频频出圈，勾勒出文旅深度融合、共促发展的火热态势和全新机遇。
	03
	要更好推动中华文化走出去，以文载道、以文传声、以文化人，向世界阐释推介更多具有中国特色、体现中国精神、蕴藏中国智慧的优秀文化。
	——2021年5月，习近平总书记在十九届中央政治局第三十次集体学习时的讲话。
	奔流的长江，跃动着中华文明的脉搏，吸引着世界的目光。湖北，是知音传说的故乡。高山流水，以文会友，湖北正从长江走向世界。
	图/武汉樱花
	今年3月，“相约春天赏樱花”，湖北向世界发出春的邀约；
	今年4月，263件(套)湖北珍贵文物跨过大洋，亮相美国“凤凰故国——青铜时代湖北曾楚艺术展”；
	今年5月，在第31届阿拉伯旅游展上，湖北的秀美风光与悠久的人文底蕴在异国他乡大放异彩，收获一众“粉丝”；在第二十届深圳文博会上，湖北馆汇聚了5000多件展品，集中展陈优势荆楚文化创造性转化、创新性发展的最新成果。
	湖北将丰富多彩的长江文化、荆楚文化与一场场文旅活动有机结合，通过举办长江文化节、“知音湖北，遇见花开”赏花季等群众喜闻乐见、接地气的文旅活动，让长江文化、荆楚文化响彻海内外……如今，新时代“长江之歌”正在湖北唱响。
	荆楚大地，人杰地灵；湖北文化，底蕴深厚。新的起点上，荆楚儿女将更加坚定文化自信，推动荆楚文化在新时代新征程上实现创造性转化、创新性发展，奋力谱写全面建设社会主义现代化国家荆楚新篇章！
	出品人：王彬
	总监制：岑卓
	监制：洪燕
	编审：梁延康耀方林如峰
	统筹：罗峰
	记者：邹敏雷少军
	美编：蒋艳邱芳蕾
	责任编辑刘蕊俊
</body></doc>