<doc><id>1001</id><url>http://www.chinanews.com/gn/2024/06-03/10227839.shtml</url><title>镜观·领航｜跟随总书记足迹，感悟中华文化魅力</title><datetime>2024-6-3 12:49:00</datetime><body>	中国文化源远流长，中华文明博大精深。只有全面深入了解中华文明的历史，才能更有效地推动中华优秀传统文化创造性转化、创新性发展，更有力地推进中国特色社会主义文化建设，建设中华民族现代文明。
	2023年6月2日，中共中央总书记、国家主席、中央军委主席习近平在北京出席文化传承发展座谈会并发表重要讲话。
	多年来，习近平总书记始终心系文化传承发展，在地方考察期间多次调研古城老街、博物馆等历史文化地标，对历史文化遗产保护和历史文化传承作出重要指示。
	记者：鞠鹏燕雁王晔刘彬谢环驰李学仁
	编辑：武巍王诺毕晓洋李琰周荻潇张曼怡张浩波
	新华社第一工作室出品
	新华社摄影部制作
</body></doc>