<doc><id>1004</id><url>http://www.chinanews.com/gj/2024/06-03/10227797.shtml</url><title>出口民调显示莫迪所在的执政联盟在印度大选中获胜</title><datetime>2024-6-3 11:49:00</datetime><body>	中新网6月3日电据路透社当地时间3日报道，出口民调显示，印度总理莫迪领导的执政党印度人民党主导的全国民主联盟，在印度人民院(议会下院)选举中取得压倒性胜利，赢得三分之二的议席。
	据报道，多项预测表明，全国民主联盟可能赢得543个议席中的353至401个，远超所需的简单多数272席。
	不过，路透社称，印度的出口民调由民调机构进行，可能不准确。莫迪在投票结束后的首次讲话中宣布获胜，但未提及出口民调结果。
	报道称，选举委员会将于4日计票，预计当天可公布结果。
	据介绍，印度人民院选举每5年举行一次，在人民院选举中赢得多数席位的政党或政党联盟有权组建内阁。
	路透社称，如果莫迪所在的执政联盟再次胜出，莫迪预计将成为继印度开国总理尼赫鲁之后首位连任三届总理的人。【编辑:孔庆玲】
</body></doc>