<doc><id>1006</id><url>http://www.chinanews.com/gj/2024/06-03/10227821.shtml</url><title>商界女性赢得大选 冰岛选出第二位女总统</title><datetime>2024-6-3 11:39:00</datetime><body>	中新网6月3日电据美联社当地时间2日报道，冰岛商界女性哈德拉·托马斯多蒂尔击败前总理卡特琳·雅各布斯多蒂尔等竞争对手，赢得总统选举。报道称，她将成为该国历史上第二位女总统。
	据报道，托马斯多蒂尔得票率约34%。在此次冰岛大选中，得票前三的候选人均为女性。
	据法新社介绍，托马斯多蒂尔现年55岁，曾创立投资公司，目前是一家非政府组织的首席执行官。
	据介绍，冰岛人口近40万，总统由全民直选产生，任期4年，可连选连任。总统主要承担礼仪性职务，但有权否决议会通过的法案或将法案交由全民投票决定。
	1980年，维格迪丝·芬博阿多蒂尔当选冰岛总统，成为该国1944年独立以来第一位女总统，也是世界上第一位民选女总统。【编辑:孔庆玲】
</body></doc>