<doc><id>1007</id><url>http://www.chinanews.com/cj/2024/06-03/10227815.shtml</url><title>5月中国仓储指数小幅回调 业务需求有所恢复</title><datetime>2024-6-3 11:30:00</datetime><body>	中新社北京6月3日电(记者阮煜琳)中国物流与采购联合会3日发布数据显示，5月份中国仓储指数为48.4%，较上月回落0.6个百分点。从分项指数看，仓储业务需求有所恢复。
	中储发展股份有限公司副总裁王勇认为，5月份仓储指数在收缩区间再次小幅回调，主要受期末库存指数和企业员工指数下降影响，但新订单指数和平均库存周转次数指数回升至扩张区间，显示仓储业务需求有所恢复，货物周转效率提高，供应链上下游衔接顺畅，库存去化速度加快。
	从分项指数来看，新订单指数为52.8%，较上月回升4.6个百分点，显示仓储业务需求有所恢复，订单量有所增长。分品种来看，在假日消费需求提升和电商促销活动提前备货的带动下，日用品、化妆品等商品新订单指数涨幅较为显著。
	5月，平均库存周转次数指数为51.3%，较上月回升2.2个百分点；期末库存指数为44%，在收缩区间继续回落。两项指数变化情况显示，仓储业务活动趋于活跃，商品周转效率有所提高，供应链上下游衔接更加顺畅，库存去化速度加快，仓储企业库存量有所下降。
	5月，业务活动预期指数为54.8%，仍位于扩张区间较好水平，表明企业信心仍然较为充足，对未来市场运行保持乐观预期。分析称，近期，大规模设备更新和消费品以旧换新、超长期特别国债等宏观组合政策正在有力推进，将持续增强经济回升动力，有利于提振仓储行业需求继续回升，预计后期行业将恢复向好运行态势。(完)【编辑:叶攀】
</body></doc>