<doc><id>101</id><url>http://www.chinanews.com/sh/2024/05-29/10225091.shtml</url><title>山西吕梁推动设备更新 促煤、酒、新能源等重点产业转型升级</title><datetime>2024-5-29 13:43:00</datetime><body>	中新网吕梁5月29日电(记者范丽芳)当前，各地正在推动大规模设备更新和消费品以旧换新。5月29日，记者从山西省吕梁市官方获悉，当地在贯彻国家、省方案基础上，增加本地特色领域，借此次行动推动“一黑二白”(煤、铝、酒)，及“两大三新”(大数据、大旅游、新能源、新材料、新装备)产业转型升级。
	有色、钢铁、白酒等工业制造业是吕梁的支柱产业，也是“985”工业经济重点产业链的重要组成部分。吕梁市以工业设备再升级、数智赋能再深化、绿色装备再应用、本质安全再提升为重点，实施设备更新行动。
	根据《吕梁市推动大规模设备更新和消费品以旧换新工作任务分解》，当地推动焦化、钢铁、酿酒等传统产业加快淘汰落后低效设备、超期服役老旧设备；加大智能制造设备和软件投入，加快工业互联网和数字基础设施建设和普及应用；推动新一代信息技术与制造全过程、全要素深度融合，努力打造智能制造典型场景、数字化车间和智能工厂。
	吕梁市聚焦钢铁、有色、焦化、化工、建材等重点用能行业，推广应用节能环保绿色装备；推动节能降碳改造，加快工业窑炉、锅炉、压缩机、风机、泵等重点用能设备系统改造升级。
	近年，电力、新能源等能源领域产业发展迅猛，其中包含了较大规模设备设施，设备更新的需求足、市场广。
	在推动能源领域的设备更新方面，吕梁市以智能装备和大数据平台为投入重点，以人工智能和工业互联网为技术依托，推动4G、5G等信息基础设施布局，采掘系统、主辅运输系统、通风供电系统等智能设备替代，实现煤炭产业与数字技术一体化融合发展。
	同时，推动充填开采、矸石返井等试点项目建设，不断提升煤矸石、粉煤灰等固体废弃物消纳能力，推动“110工法”等无煤柱开采技术应用，进一步提高资源回收率，加快实现煤炭资源开发向绿色开采方式转变；推进煤电机组实施节能改造，提高能源利用效率，“十四五”期间预计完成节能改造495万千瓦。(完)【编辑:曹子健】
</body></doc>