<doc><id>1010</id><url>http://www.chinanews.com/cj/2024/06-03/10227799.shtml</url><title>5月27日-6月2日国家铁路累计运输货物7590.4万吨</title><datetime>2024-6-3 11:00:00</datetime><body>	中新网6月3日电据交通运输部微信公众号消息，根据国务院物流保通保畅工作领导小组办公室监测汇总数据，5月27日-6月2日，全国货运物流有序运行，其中：
	国家铁路累计运输货物7590.4万吨，环比下降1.44%；
	全国高速公路累计货车通行5332.8万辆，环比下降1.77%；
	监测港口累计完成货物吞吐量26482.4万吨，环比增长2.90%，完成集装箱吞吐量586.9万标箱，环比下降5.17%；
	民航累计保障航班11.4万班(其中货运航班4543班，包括国际货运航班2694班，国内货运航班1849班)，环比下降0.68%；
	邮政快递累计揽收量约34.71亿件，环比下降3.40%；累计投递量约34.47亿件，环比增长1.09%。(中新财经)【编辑:叶攀】
</body></doc>