<doc><id>1014</id><url>http://www.chinanews.com/sh/2024/06-03/10227791.shtml</url><title>江西南昌发生一金店抢劫案 男子抢劫数小时后被抓获归案</title><datetime>2024-6-3 10:56:00</datetime><body>	中新网南昌6月3日电(记者李韵涵)江西省南昌市南昌县公安局3日发布通报称，该县2日晚一金店发生一起抢劫案，犯罪嫌疑人在数小时后被抓获归案。
	通报称，2024年6月2日19时许，南昌县蒋巷镇发生一起抢劫案，犯罪嫌疑人田某(男，38岁，四川资阳人)在一金店抢劫黄金后逃离，现场无人员伤亡。
	接报后，公安机关立即组织警力赶赴现场处置。经全力工作，6月3日1时30分许，犯罪嫌疑人田某被抓获归案，涉案财物已全部追回。
	目前，案件侦办工作正在进行中。(完)
【编辑:刘欢】
</body></doc>