<doc><id>1018</id><url>http://www.chinanews.com/gj/2024/06-03/10227729.shtml</url><title>美国多地发生大规模枪击事件</title><datetime>2024-6-3 10:54:00</datetime><body>	中新社休斯敦6月2日电当地时间6月1日晚至2日凌晨，美国多地发生大规模枪击事件，致多人伤亡。
	俄亥俄州阿克伦市长和警察局长在一份声明中说，2日零时刚过，警方多次接到关于街头枪击事件的报警电话。25人在事件中受伤，其中1人重伤不治。据美联社报道，至少有两名伤者情况危急，其他人没有生命危险。
	当地媒体WOIO报道称，身亡者是一名27岁男子，警方在现场发现数十枚弹壳和一支枪。警方表示，暂时没有关于嫌疑人或受害者的更多信息。
	2日凌晨，宾夕法尼亚州匹兹堡市郊区一家酒吧发生枪击事件，造成2人身亡、7人受伤，其中1人情况危急。当地警方透露有多人开枪，但未公布是否已逮捕嫌疑人。当日凌晨，肯塔基州路易斯维尔一个停车场发生“交火”，6名青少年遭枪击，所幸均无生命危险。2日凌晨，弗吉尼亚州纽波特纽斯市一处居民区发生枪击事件，警察在现场发现4名男子受枪伤，其中1人有生命危险。
	1日晚，南卡罗来纳州罗克希尔一场街头派对上发生枪击事件，造成2死2伤。当晚，俄亥俄州哥伦布市一处居民区发生枪击事件，导致1死3伤。
	根据美国“枪支暴力档案”网站的统计数据，今年美国已发生192起造成至少4人伤亡的大规模枪击事件。(完)【编辑:管娜】
</body></doc>