<doc><id>102</id><url>http://www.chinanews.com/gn/2024/05-29/10225101.shtml</url><title>京沪台盟组织联合举办“学盟史不忘初心 担使命薪火相传”读书学习交流活动 </title><datetime>2024-5-29 13:38:00</datetime><body>	今年是新中国成立75周年、人民政协成立75周年，同时也是北京和上海台盟组织成立75周年。5月24日上午，台盟北京市委、台盟上海市委在北京城市副中心联合举办“学盟史不忘初心担使命薪火相传”京沪盟员“阅·思源”读书学习交流会。台盟北京市委专职副主委陈伟、台盟上海市委专职副主委李海泳、台盟北京市委秘书长庄文静，以及京沪盟员和机关干部参加活动。
	活动邀请了台盟中央宣传部原副部长、台盟中央两岸文化交流委员会原主任吴艺煤同志作《台盟简明历史》专题辅导讲座。
	京沪盟员代表王正、陈小兵、韩若冰、李亮菲先后分享了“谢雪红的六次大陆之行”“从老照片追忆台盟前辈的革命足迹”“‘九二共识’历史存证”“蔡啸的革命一生”等学习体会，共同追忆台盟与中国共产党风雨同舟的光荣历史，表达为深化两岸融合发展、坚定不移推进祖国统一大业的愿望与决心。
	陈伟表示，读好书，学好盟史，是为了充分运用好红色基因所蕴含的责任感、使命感来履职尽责。李海泳希望，两地盟员和盟务工作者通过相互交流，强化盟史学习，牢记初心使命，更好地传承红色薪火。
	部分在沪台青台生通过在线方式，收看了读书交流活动的实况直播。
	(“北京台盟”微信公众号文：台盟上海市委)【编辑:付子豪】
</body></doc>