<doc><id>1020</id><url>http://www.chinanews.com/gj/2024/06-03/10227786.shtml</url><title>驻名古屋总领馆提醒中国公民关注地震预警加强自我防范</title><datetime>2024-6-3 10:43:00</datetime><body>	中新网6月3日电据中国驻名古屋总领馆微信公众号消息，据日本气象厅观测，6月3日上午6时31分，领区石川县能登地区发生5.9级地震，震源深度10千米，轮岛市和珠州市震度为5强，能登町5弱(日本标准)。东北、北陆地区、及东海地区均有震感，暂无海啸危险。
	中国驻名古屋总领馆提醒领区中国公民，特别是能登地区同胞高度警惕地震发生并防范落石、山体滑坡等次生灾害，随时关注官方发布最新气象预警和防灾信息，远离近海区域，遵循当地政府避难指令，确保人身安全。
	如遇紧急情况，请及时拨打日本紧急求助电话，并联系中国驻名古屋总领馆求助。联系方式如下：
	一、日本紧急求助电话：
	119(消防、急救)、118(海上事故、海难)、110(警察)
	二、外交部全球领事保护与服务应急热线(24小时)：
	+86-10-12308
	+86-10-65612308
	二、驻名古屋总领馆领事保护与协助电话：
	+81-52-932-1036【编辑:孔庆玲】
</body></doc>