<doc><id>1023</id><url>http://www.chinanews.com/sh/2024/06-03/10227780.shtml</url><title>他在全麻手术后无意识哭喊：“不要管我，快跑！”</title><datetime>2024-6-3 10:29:00</datetime><body>	近日，湖南长沙一名消防员在全身麻醉未苏醒的状态下，大声呼喊，仿佛正经历一场生死救援。视频引起网友共鸣，有人说：眼泪都给我喊出来了；有人说，消防员这个职业的压力是生死的压力；更多的人，在评论里向消防员致以敬意。
	躺在病床上的小伙名叫刘炼杰，是湖南长沙的一名“00后”消防员。几天前，他在训练中不慎造成韧带拉伤，战友们立刻将他送往医院，实施了膝盖治疗手术。术后，当刘炼杰被送回病房时，他仍处于麻醉未清醒的状态，似乎陷入一种无意识的梦境，哭喊着让战友快跑。母亲贺枚青在一旁不断呼唤安慰他。
	因为担心儿子无意识地哭喊是不是因为心理创伤，贺枚青一边安抚刘炼杰的情绪，一边在旁人的建议下，把儿子的情况拍下来咨询医生。
	刘炼杰哭喊的这一段视频被发到网上后，不少网友在视频下发来关心与祝福，还有网友为其中的细节点赞：小刘喊的是“不要管我，快跑”，而不是“救救我”。
	无畏“逆行”帮助他人有成就感
	一条短视频让我们看到了年轻消防员潜意识里的英勇无畏。经过治疗，刘炼杰已于5月22日出院，现在已经返回消防站，边工作边康复训练。
	今年24岁的刘炼杰2019年加入消防，现在是长沙经济技术开发区消防救援大队泉塘消防救援站里的一名装备技师，除了负责对消防救援装备进行维护和管理，还要参与消防救援工作。提到自己因短视频意外让网友认识他，刘炼杰显得有点不好意思。
	消防员刘炼杰：当时我醒来之后没什么印象，她(母亲)给我看那个视频，还是比较尴尬的。
	再过几天，刘炼杰就要开启为期三个月的康复训练了。现在他只能拄拐行走，而这副拐杖也引起了记者的注意。
	长沙经济技术开发区消防救援大队泉塘消防救援站政治指导员周钦崎：这个拐杖扶手上面应该都有这种油迹，大家握把的时候汗渍磨在上面，肯定每一个人都不希望有人能够用到这一副拐杖。
	周钦崎说，这副拐杖是消防站的另一种见证。这些年，有近十名消防员在救援或是训练中不慎受伤，使用过它。由于职业的特殊性，消防员时常会面对一些危险的场景，但他们总想着冲锋在前，希望可以凭自己的力量保卫大家的生命安全。
	消防员刘炼杰：辛苦肯定是辛苦的，因为不管是训练方面，还是出警，但是我们都觉得很值得，因为帮助他人，会让自己有成就感。【编辑:何颖】
</body></doc>