<doc><id>1029</id><url>http://www.chinanews.com/gn/2024/06-03/10227776.shtml</url><title>新思想引领新征程丨以习近平文化思想为引领 建设中华民族现代文明</title><datetime>2024-6-3 10:20:00</datetime><body>	“对历史最好的继承就是创造新的历史，对人类文明最大的礼敬就是创造人类文明新形态。”党的十八大以来，习近平总书记坚持把文化建设摆在治国理政的突出位置，坚持把马克思主义基本原理同中国具体实际相结合、同中华优秀传统文化相结合，鲜明提出一系列新思想新观点新论断，形成习近平文化思想，标志着我们党对中国特色社会主义文化建设规律的认识达到了新高度，表明我们党的历史自信、文化自信达到了新高度，把中华文化发展推向新阶段，为中华民族现代文明建设提供科学思想和行动指南。
	作为我国历史上第一个文献可考、为考古发掘所证实的商代晚期都城遗址，在殷墟诸多考古发现中，甲骨文是重中之重。在已知的世界四大古文字体系中，唯有以殷墟甲骨文为代表的中国古文字体系，穿越时空，延续至今。
	心系文化保护传承和创新发展，2022年10月，习近平总书记在考察殷墟遗址时指出，“殷墟我向往已久，这次来是想更深地学习理解中华文明，古为今用，为更好建设中华民族现代文明提供借鉴”。
	殷墟博物馆常务副馆长赵清荣：我们始终牢记习近平总书记的殷殷嘱托，在殷墟博物馆展陈工作中坚持守正创新，广泛运用多媒体等数字技术，让文物、文献、甲骨记载“活起来”，让游客能够看得懂、记得住、想分享，切实履行好殷墟博物馆文化遗产保护传承职责，为更好地建设中华民族现代文明贡献力量。
	赓续中华文明，凝聚精神力量。中华优秀传统文化在传承发展中历久弥新，生机勃勃。党的十八大以来，习近平总书记以坚定的文化自觉与自信，引领中国以前所未有的力度推进文化保护传承与创新发展，作出一系列重要论述和指示批示，为新时代文化建设指明路径、提供遵循。《习近平谈治国理政》(一至四卷)、《习近平著作选读》等重要著作集中展现马克思主义中国化时代化的最新成果，用真理之光照亮复兴之路，铸牢中华儿女团结奋进的思想基础；在2023年6月召开的文化传承发展座谈会上，习近平总书记深刻论述中华文明的五个突出特性，系统阐述“两个结合”尤其是“第二个结合”的重大意义，提出“在新的起点上继续推动文化繁荣、建设文化强国、建设中华民族现代文明”这一新时代新的文化使命。
	南开大学马克思主义学院院长王新生：习近平总书记高瞻远瞩、举旗定向，提出“两个结合”，意义重大而深远，指明了建设中华民族现代文明的根本途径。我们要以习近平文化思想为指导，在建设中华民族现代文明的过程中，把坚定文化自信、秉持开放包容、坚持守正创新作为基本方针，久久为功，不断开辟文化建设的新局面。
	“中华民族五千多年文明历史所孕育的中华优秀传统文化，代表着中华民族独特的精神标识，是中华民族生生不息、发展壮大的丰厚滋养。”在习近平文化思想指引下，中华优秀传统文化的生命力被时代精神激活，与革命文化、社会主义先进文化融会贯通：“以人民为中心”的治国理政实践，彰显出“民惟邦本，本固邦宁”的价值追求；14亿多中国人民“撸起袖子加油干”的奋斗力量，展现出自强不息、勤劳勇敢的民族品格；高质量发展释放的不竭创新动力，是“苟日新，日日新，又日新”开拓精神的生动写照；“绿水青山就是金山银山”的生态理念，是对“道法自然”“天人合一”传统思想的传承发展。以中华优秀传统文化涵养社会主义核心价值观，新时代精神文明建设和道德建设成果丰硕、全党全国各族人民文化自信明显增强。
	贵州省榕江县“村超”和台江县“村BA”以体育为引擎打造文旅新业态，生动展现出新时代人民群众昂扬向上的自信与自强，被誉为“观察中国式现代化的一个窗口”；在孔子故里山东省济宁市，儒家文化精髓正不断融入基层社会治理，全市300个文化“两创”示范点，将优秀传统文化与新时代文明建设、学校教育等相结合，滋养民风民俗，群众精神面貌焕然一新。
	以高质量文艺作品丰富群众精神文化生活，国家大剧院《杨家岭的春天》等中国原创舞台作品，吸引越来越多的年轻观众，曾经小众的民乐、戏曲演出场场爆满、叫好又叫座；《非遗里的中国》《诗画中国》等精品节目，让中华优秀传统文化在创造性转化、创新性发展中绽放时代光彩；各地文旅部门立足地方资源，打造特色文化名片，红色旅游、乡村游、非遗游、研学游带动更多人奔赴“诗和远方”；在消费领域，以中国文化元素为标志的“国潮热”，引领文化新风尚的同时，也助力中国制造、中国品牌的崛起；一批植根中华优秀传统文化、取材百姓生活的“新主流影片”，带动中国电影市场不断创造新的辉煌。
	复旦大学哲学学院教授何俊：习近平文化思想是马克思主义的魂脉和中华优秀传统文化的根脉彼此契合、互相成就的理论创新，以中国式现代化实践为现实要求，以马克思主义的立场、观点、方法，深入挖掘阐释中华优秀传统文化的时代价值，为推进中国式现代化提供了坚实的思想基础和强大的精神力量。
	“让马克思主义成为中国的，中华优秀传统文化成为现代的，让经由‘结合’而形成的新文化成为中国式现代化的文化形态”。在习近平文化思想引领下，中华民族现代文明以一脉相承的坚持坚守、独树一帜的创新创造，迈向更加广阔的美好未来。
	(总台央视记者侯军曹岩郭一淳武伟高珧）【编辑:何颖】
</body></doc>