<doc><id>1030</id><url>http://www.chinanews.com/gj/2024/06-03/10227761.shtml</url><title>南非大选结果揭晓</title><datetime>2024-6-3 10:19:00</datetime><body>	中新网6月3日电综合报道，当地时间2日，南非大选结果出炉。官方结果显示，现执政党非国大(ANC)在国民议会(议会下院)选举中获得了400个议席中的159个，位列第一。
	据介绍，南非最大反对党民主联盟排名第二，获87席；新成立的“民族之矛党”获58席，位列第三；经济自由斗士党获39席，排名第四。其余席位由其他14个政党获得。
	据报道，在本次选举中，非国大获得的议席数量较2019年大选时的230席大幅下滑。由于未能获得过半数议席，非国大无法单独组阁，需寻求与其他政党联合以确保继续执政。
	南非议会实行两院制，由国民议会和全国省级事务委员会(议会上院)组成，任期均为5年。国民议会共设400个议席，其中200名议员通过全国大选产生，另外200名议员由省级选举产生。根据南非宪法，新一届国民议会产生后，国民议会议员将举行会议，选举产生南非新一届总统。
【编辑:王祎】
</body></doc>