<doc><id>1035</id><url>http://www.chinanews.com/cj/2024/06-03/10227757.shtml</url><title>《关于财政支持“三北”工程建设的意见》解读答问</title><datetime>2024-6-3 09:55:00</datetime><body>	近日，财政部、国家发展改革委联合印发《关于财政支持“三北”工程建设的意见》(以下简称《意见》)，推动构建稳定持续、保障到位、渠道多元的资金支持和政策支撑体系。日前，财政部自然资源和生态环境司负责同志就文件相关情况回答了记者的提问。
	1.问：《意见》出台的背景和意义？
	答：2023年6月，习近平总书记亲自主持召开加强荒漠化综合防治和推进“三北”等重点生态工程建设座谈会并发表重要讲话，强调要健全“三北”工程资金支持和政策支撑体系，建立稳定持续的投入机制。为深入贯彻落实习近平总书记重要讲话精神，财政部牵头起草了《意见》，考虑到中央预算内投资是“三北”工程建设重要资金渠道，为推动各部门形成工作合力，《意见》联合国家发展改革委报请国务院同意后印发。《意见》出台有利于加快构建稳定持续、保障到位、渠道多元的资金支持和政策支撑体系，推动把“三北”工程建设成为功能完备、牢不可破的北疆绿色长城、生态安全屏障；有利于明确财政支持“三北”工程建设的工作目标，指导各级财政部门提高政治站位，统一思想认识，明确支持的重点方向和领域；有利于发挥财政资金、税收、政府采购等多项政策协同作用，形成各级财政部门上下联动、财政与业务部门横向联动的工作机制，全力打好“三北”工程攻坚战。
	2.问：《意见》的总体框架和主要内容有哪些？
	答：《意见》分为5个部分，第一部分为总体要求，第二至五部分为支持政策和保障措施。《意见》按照“三北”工程的新定位、新使命，充分考虑“三北”地区财政状况，通过设立“三北”工程补助资金、强化现有财政资金支持力度、健全市场化多元化投入机制、落实税收优惠和政府采购政策等措施，发挥中央和地方两个积极性，推动有效市场和有为政府更好结合；以防沙治沙为主攻方向，按照《三北工程六期规划》中明确的政策目标和重点任务，集中资源支持打好黄河“几字弯”攻坚战，科尔沁、浑善达克沙地歼灭战和河西走廊—塔克拉玛干沙漠边缘阻击战；牢固树立系统观念，以推动系统保护修复治理、健全生态保护补偿机制、加强基础支撑体系建设、开展国际交流与合作等为手段，多措并举支持“三北”工程建设；坚持中央统筹、省负总责、市县抓落实的工作机制，通过强化责任落实、坚持协同推进、提升资金效能、持续跟踪问效等举措，确保政策实施落地见效。
	3.问：《意见》有哪些原则和要求？
	答：《意见》以习近平新时代中国特色社会主义思想为指导，深入贯彻党的二十大精神，全面贯彻习近平生态文明思想，完整、准确、全面贯彻新发展理念，加快构建新发展格局，着力推动高质量发展，坚持山水林田湖草沙一体化保护和系统治理，正确处理高质量发展和高水平保护、重点攻坚和协同治理、自然恢复和人工修复、外部约束和内生动力、“双碳”承诺和自主行动的关系，因地因时制宜、分区分类施策。以防沙治沙为主攻方向，以全力打好三大标志性战役为重点，强化财政政策保障，发挥中央和地方两个积极性，促进有效市场和有为政府更好结合，构建稳定持续、保障到位、渠道多元的资金支持和政策支撑体系。
	4.问：《意见》中支持“三北”工程建设的主要财政政策有哪些？
	答：一是设立“三北”工程补助资金。中央财政加强资源统筹，优化支出结构，设立“三北”工程补助资金，支持林草湿荒一体化保护修复、巩固防沙治沙成果、沙化土地封禁保护补偿、“产业生态化、生态产业化”示范等。资金聚焦重点、突出难点，强化对重大任务、关键环节的保障力度，提高政策精准性。二是强化现有财政资金支持力度。加强包括预算内投资在内的财政资金保障力度，推动政策联动。完善天然林和公益林保护修复政策，支持草种繁育，巩固退耕还林还草成果，支持森林质量提升，落实第三轮草原生态保护补助奖励政策，支持森林草原防火和有害生物防治，支持水土保持及小流域综合治理，支持黄河流域生态保护和高质量发展，加大对重点生态功能区的支持力度。中央预算内投资优化专项设置，统筹推进“三北”工程、重要生态系统保护和修复重大工程等建设。三是健全市场化多元化投入机制。创新财政资金管理机制，调动各方积极性，带动社会资本投入。允许安排地方政府专项债券支持符合条件的项目建设。鼓励金融机构按市场化方式加大对“三北”地区生态保护修复项目融资支持力度。落实森林保险保费补贴政策。四是落实环境保护税、资源税、消费税、增值税、企业所得税等税收优惠政策；对符合政府绿色采购政策要求的产品，加大政府采购力度。
	5.问：《意见》支持的重点区域有哪些？
	答：《意见》聚焦重点区域，集中资源支持打好三大标志性战役。一是支持打好黄河“几字弯”攻坚战。以毛乌素沙地、库布其沙漠、贺兰山为治理重点，支持加大重点风沙口治理力度。支持森林质量精准提升、中幼林抚育和退化林修复，因害设防建设农田防护林，推进草原禁牧轮牧和草畜平衡，实施退化草原治理和种草补播。支持统筹推进河湖湿地保护修复、矿山生态修复等任务，以及黄河岸线流沙和沿线“沙头、沙口、沙源”治理，加强十大孔兑粗沙区、黄土高原区风蚀水蚀治理。二是支持打好科尔沁、浑善达克沙地歼灭战。以科尔沁、浑善达克两大沙地为重点，支持加快建设防风固沙林，强化禁垦(樵、牧、采)、封沙育林草等措施，修复华北北部、东北地区水土保持林和农田防护林。支持草原禁牧休牧轮牧和草畜平衡，高质量推进退化沙化盐渍化草原修复，推动岱海、察汗淖尔等湿地生态保护修复，促进实现区域可治理沙化土地全覆盖。三是支持打好河西走廊—塔克拉玛干沙漠边缘阻击战。以腾格里—巴丹吉林沙漠、河西走廊、柴达木盆地、环塔克拉玛干沙漠边缘等区域为治理重点，支持沙化土地封禁保护，加强重点区域天然林草植被封育封禁。支持建立立体防风固沙阻沙网络，加强农田防护林建设、退化林修复和天然草原保护修复，维护绿洲生态安全。
	6.问：“三北”工程补助资金规模是多少？用途有哪些？
	答：为全力支持打好“三北”工程攻坚战，按照党中央、国务院决策部署，中央财政以防沙治沙为主攻方向，以打好三大标志性战役为重点，通过统筹存量和增量资金，加大对“三北”工程建设支持力度，新设“三北”工程补助资金，并已在2024年预算中安排120亿元，以后年度结合工作需要统筹安排。资金重点支持实施林草湿荒一体化保护修复，用于退化林修复、退化草原修复、中幼林抚育、湿地保护修复等工作；支持巩固防沙治沙成果，用于新治理沙化土地(人工造林)管护、浇水、补植等，提升林草植被存活率；支持沙化土地封禁保护补偿，对暂不具备治理条件和因保护生态需要不宜开发利用的连片沙化土地依法实施封禁保护；支持“三北”工程“两化”示范，对推动“生态产业化、产业生态化”、引导社会资本采取科学有效方式开展防沙治沙成效显著的地方给予奖补。
	7.问：后续财政部将如何保障《意见》发挥实效？
	答：为确保《意见》要求落到实处，财政部将重点做好以下四方面工作：一是强化责任落实。坚持中央统筹、省负总责、市县抓落实的工作机制，各级财政部门积极完善政策措施，履行支出责任。财政部将联合国家发展改革委，会同有关部门按照关于全力打好“三北”工程攻坚战的战略部署，结合“三北”工程总体规划和六期规划任务，聚焦重点，加强投入保障，加强对市县有关部门的督促和指导，推动“三北”地区相关省份财政、发展改革和林草主管部门研究制定本地区财政支持“三北”工程建设政策措施，明确责任分工。二是坚持协同推进。强化区域联防联治，打破行政区域界限，推动部门协同、区域协同、政策协同，统筹防沙治沙任务和各项工程。财政部将健全财政部门上下联动、财政和其他部门横向互动的工作推进机制，强化统筹组织，积极整合资源，细化完善政策，将符合规定的“三北”工程相关工作任务纳入支持范围，加强与科技、自然资源、生态环境、水利、农业农村、气象、能源等部门协调配合，切实增强各项工作的系统性、整体性、协同性。三是提升资金效能。财政部将积极推动中央财政“三北”工程建设相关资金项目化管理，完善项目储备制度，夯实工作基础，将中央财政林草有关转移支付资金支持项目全部纳入中央林业草原项目储备库实施，确保尽快形成实物工作量，提升资金使用效益。将绩效理念和方法贯穿转移支付资金管理全过程，健全绩效指标体系，科学合理设置绩效目标，做好绩效运行监控和绩效评价，突出奖优罚劣政策导向，加大绩效评价结果运用力度。四是持续跟踪问效。坚持资金投入与政策规划、工作任务相衔接，强化对目标任务完成情况的监督评价。财政部当地监管局将按照工作职责和有关要求，加强对中央财政相关补助资金的监管，及时发现问题，提出改进措施，并监督地方落实整改。坚持建管并重，实施全过程建管模式，加强后期管护措施。【编辑:张子怡】
</body></doc>