<doc><id>1036</id><url>http://www.chinanews.com/cj/2024/06-03/10227754.shtml</url><title>中国经济信心说丨19个职业上新！数字经济新赛道千帆竞发</title><datetime>2024-6-3 09:54:00</datetime><body>	表演太极、冲泡咖啡、辅导作文、解答问题……在近日举行的第七届数字中国建设峰会上，几乎“无所不能”的AI机器人大显身手，各种创新成果应用令人目不暇接，将我国数字经济活力展现得淋漓尽致。
	近年来，数字经济大潮席卷全球，以ChatGPT、Sora为代表的生成式人工智能技术加速迭代。很多人在赞叹科技发展日新月异的同时，也不免焦虑：这对一些行业产生多么大的冲击，不少行业还能保住饭碗吗？
	要回答这个问题，我们不妨让历史照进现实。
	就在百年前，也曾经有人担心，火车的出现会让很多马车夫失去工作。他们可能想象不到，今天的中国，游客可以早上在广州喝早茶，然后乘坐复兴号高铁，晚上抵达首都，品尝香酥不腻的北京烤鸭。还有越来越多人喜欢通过自驾游，沿途“打卡”祖国壮美的山河。
	交通运输工具一日千里的变革，推动时代车轮滚滚向前。不论是Citywalk(城市漫步)还是“特种兵式”旅行，由于时空距离极大缩短，人们出行更加便捷。这也刺激了旅游度假、酒店住宿等行业日益繁荣；小汽车走进千家万户，带动汽车制造、保险租赁、保养维修等相关行业崛起壮大。伴随社会进步，新产业蓬勃兴起、新业态不断涌现，社会分工进一步细化，催生无数新职业。
	细心的人发现，在全社会创新创业大潮下，每隔一段时间，我国就会“上新”一批职业：网络主播、生成式人工智能系统应用员、用户增长运营师、智能网联汽车测试员、云网智能运维员、文创产品策划运营师、智能制造系统运维员、工业互联网运维员……从人社部最近公布的19个新职业、29个新工种可以发现，随着数字经济成为我国高质量发展的强劲引擎，无数新的就业机会如繁花绽放般接连涌现。
	时代在变，社会需要的职业自然也会跟着变。过去谁又能想到，现在的农民不光会种田，还拿起了手机、无人机这样的“新农具”，走进了直播间，摇身一变成了带货的网红。过去是人找货，如今是货找人，网络主播新职业的出现，解决了农产品“好酒也怕巷子深”的难题，缩短了从田间地头到城市居民餐桌的距离。
	技术发展的最终目的是造福于人，我们也在追求美好生活的道路上不断学习、适应新技术。古老的马车夫职业，如今早已被召之即来的网约车司机取代，成为互联网新经济的一员。不久的将来，随着自动驾驶、无人驾驶“照进现实”，智能网联汽车测试员这一新职业也有望成为“香饽饽”。从机器取代人力驱动，到人工智能让机器越来越像“人”，无数新职业的从业者用他们的智慧结晶，不断延伸拓展着人类能力的边界。
	未来还会涌现多少新职业、新工种？谁也说不清。但可以肯定的是，新职业的“含科量”越来越浓，不同学科之间交叉复合的发展趋势也越来越明显。就拿智能网联汽车测试员来说，不光得明白“四个轮子”是如何转的，还得教会机器人成为“老司机”。对于那些还未走出校门的学子来说，有了明确的职业方向，并为之努力，未来就业之路就多一份保障。
	2023年，我国数字经济核心产业增加值占GDP比重达到10%，数据生产总量同比增长22.44%，算力总规模居全球第二位……第七届数字中国建设峰会发布的报告数据显示，如今的中国，正在数字经济新赛道上千帆竞发，每一天都在用风驰电掣的速度，加快发展新质生产力，争分夺秒地推动着产业迭代升级，引领我们奔赴更加美好的明天。
	(文丨己未）【编辑:何颖】
</body></doc>