<doc><id>104</id><url>http://www.chinanews.com/sh/2024/05-29/10225077.shtml</url><title>上海多方携手打造室外吸烟点标准规范</title><datetime>2024-5-29 13:31:00</datetime><body>	中新网上海5月29日电(记者陈静)记者29日获悉，上海已正式发布《室外吸烟点设置与管理要求》(DB31/T1482-2024)，并将于9月1日正式实施。上海在严格按照《上海市公共场所控制吸烟条例》和《上海市爱国卫生与健康促进条例》规定做好室内全面禁烟和加强监管执法的基础上，进一步强化室外不随处抽烟、不吸游烟的宣传倡导和疏导，吸烟应避开人群前往指定室外吸烟点。
	上海市卫健委方面29日表示，该标准在上海市市场监督管理局的指导下，由上海市卫生健康委员会提出并组织实施，上海市健康促进中心牵头，上海市控制吸烟协会、复旦大学、上海市环境监测中心、同济大学、上海市消防救援总队联合起草编制。出台室外吸烟点的标准规范，填补了该领域的空白。
	据上海市卫生健康委员会方面介绍，该标准是健康上海行动专项(2022-2024年)——“控烟示范管理建设及戒烟网络能力提升”中的一项重点内容和重要成果，也是进一步推进公共场所“控烟行动三部曲”，即“室内全面禁烟、室外不吸游烟、吸烟请看标识”的一项重要举措。
	该标准总结了上海长期以来控烟管理的实践经验并参考国外相关做法，规定了室外吸烟点的选址、设施、标识、健康提示等设置要求，明确了室外吸烟点的日常巡检与维护等管理要求，有利于疏导和规范室外吸烟行为，减少室外二手烟和游烟对非吸烟者的健康危害，保护民众健康，对进一步提升无烟环境建设成效，助力城市控烟精细化管理和健康城市建设具有重要意义。
	据了解，上海在室外吸烟点配备烟草烟雾危害的健康警示信息和戒烟服务信息，为烟民戒烟提供专业、科学、便捷的渠道。同时，根据标准草案内容，上海选取具有代表性的室外公共场所，如：综合商圈、体育健身场地、公园绿地、会展文博场馆、交通枢纽、“一江一河”滨水公共空间等进行室外吸烟点试点建设，并广泛征求行业主管部门、监管执法部门、疾病预防控制及健康促进专业机构、科研院所等单位及各类场所和广大市民公众的意见建议，在代表性公共场所进行验证应用，不断完善标准文本内容，使其更具规范性和适用性。
	上海市卫生健康委员会方面表示，下一步将重点做好地方标准的宣传推广和落地应用，成为城市健康场所建设的重要组成部分，进一步提升无烟环境建设成效，提升健康上海建设能级。(完)【编辑:李润泽】
</body></doc>