<doc><id>1040</id><url>http://www.chinanews.com/gj/2024/06-03/10227748.shtml</url><title>美国宾州一家酒吧发生枪击事件 造成2人死7人伤</title><datetime>2024-6-3 09:44:00</datetime><body>	中新网6月3日电据美联社报道，当地时间2日，美国宾夕法尼亚州警方称，2日在该州匹茨堡郊区一家酒吧发生的枪击事件，已造成2人死亡、7人受伤。
	据报道，当地警方表示，第一目击者于2日凌晨3点左右，在酒吧内发现了一具男性和一具女性的尸体。
	报道称，警方在社交媒体上发布的一份声明中表示，另有7人受伤。其中一名伤者情况危急，其他人的伤势没有生命危险。
	据报道，警方称，初步信息显示，“酒吧内发生口角，有多人开枪”。目前警方未公布是否已逮捕嫌疑人。
【编辑:于晓】
</body></doc>