<doc><id>1041</id><url>http://www.chinanews.com/cj/2024/06-03/10227744.shtml</url><title>四川着力打造科技创新高地</title><datetime>2024-6-3 09:41:00</datetime><body>	本报成都6月2日讯(记者钟华林)四川省日前提出实施前沿科技攻坚突破行动，将围绕人工智能、航空航天、先进装备、生物制造、清洁能源、先进材料等6个重大科技专项加强科技创新能力建设，大力推进原创性、颠覆性科技创新，努力为培育发展新质生产力提供源源不断的强劲动力。
	四川拥有西部唯一的国家实验室，17个全国(国家)重点实验室、10个国家大科学装置，还有137所普通高校、369家科研院所，以及205个国家级创新平台，创新基础厚实，为开展科技攻关提供了强有力支撑。
	“四川一体推进科技创新和科技成果转化，厚植新质生产力创新本底。”四川省发改委主任代永波表示，四川将着力壮大战略性新兴产业，实施人工智能一号创新工程，推动绿氢全产业链发展和推广应用，培育低空经济、商业航天和核医疗产业等新增长引擎，提升生物医药、轨道交通装备等3个国家级集群和集成电路、无人机等23个省级集群发展能级，做强做优数字经济，加快建设数字化转型促进中心，推动数字技术创新赋能全产业链能级整体跃升。
	在创新成果推广应用上，四川将加快建设一批省级中试研发平台，布局建设一批行业中试基地，让重大科技成果更好更快从实验室走上生产线，及时应用到具体产业和产业链上。
	四川省委书记王晓晖表示，去年，四川经济总量迈上6万亿元台阶，发展已站在新的历史起点上，经济增长正在驶入必须更加注重质量和效益的内涵式发展轨道。必须抢抓新一轮科技革命和产业变革机遇，加快发展新质生产力、扎实推进高质量发展，为四川现代化建设奠定更加坚实的物质技术基础，在新时代西部大开发中走在前列、多作贡献。
	来源：经济日报【编辑:王超】
</body></doc>