<doc><id>1044</id><url>http://www.chinanews.com/ll/2024/06-03/10227737.shtml</url><title>用好“两个结合”这一最大法宝</title><datetime>2024-6-3 09:11:00</datetime><body>	文明开新，文化向新。担负新的文化使命，坚持在实践创造中进行文化创造，努力在历史进步中实现文化进步，人们更加深刻感受到习近平文化思想明体达用、体用贯通的鲜明品格，更为真切体会到“‘两个结合’是我们取得成功的最大法宝”。
	2023年6月2日，习近平总书记出席文化传承发展座谈会并发表重要讲话，对中华文化传承发展的一系列重大理论和现实问题作出全面系统深入阐述。一年来，紧紧围绕新的文化使命，社会主义文化强国建设迈出坚实步伐；准确把握“把马克思主义基本原理同中国具体实际、同中华优秀传统文化相结合是必由之路”，中华优秀传统文化焕发出勃勃生机；贯彻落实“七个着力”的重要要求，新时代宣传思想文化工作不断开创新局面。
	这是文化自信自强的时代风貌。首都北京，中国考古博物馆和北京城市副中心三大文化建筑建成开放，长城文化、大运河文化、中轴线文化绽放时代光彩；山东曲阜，大型演出《金声玉振》尽显古风古韵，万仞宫墙《大哉孔子》光影秀精彩上演，尼山世界文明论坛持续提升中华文化影响力。放眼今日之中国，“文博热”持续、“文创风”劲吹、“诗词热”兴起，我们的文化自信更加坚定、文化自觉不断增强。用好“两个结合”这一最大法宝，坚持走自己的路，坚持创造性转化、创新性发展，把文化自信融入全民族的精神气质与文化品格中，就能掌握思想和文化主动，推动中华文明重焕荣光。
	一个是“实证中华五千年文明史的圣地”，一个是“西方文明的摇篮”，前不久“良渚古城·雅典卫城”文明对话交流活动在希腊举行。中华文明具有突出的包容性，始终在兼收并蓄中历久弥新。一年来，从《习近平谈治国理政》多语种版在海外引发热烈反响，到杭州亚运会向世界传递中华文化开放包容的气度，从北京文化论坛共促文明交流互鉴，到第三届“一带一路”国际合作高峰论坛深化民心相通……以海纳百川的宽广胸怀打破文化交往的壁垒，中华文明在同其他文明交流互鉴中保持旺盛生命力。更加积极主动地学习借鉴人类创造的一切优秀文明成果，必将丰富中华文明的博大气象。
	“实现传统艺术与现代生活的有机融合，就需要守正创新、勇于突破，让非遗时尚起来，让经典流行起来。”这是浙江小百花越剧团演员陈丽君的感言。借助现代技术，传统戏曲不断更新创作观念、表达样态，成为一票难求的爆款。如今，“数字藏经洞”让敦煌文化破壁出圈，“中华古籍资源库”让珍贵典籍“活”起来，《长安三万里》《我的阿勒泰》等一批精品力作涌现……“两个结合”打开了广阔的创新空间，激活了中华文化在新时代繁荣发展的“一池春水”。前进道路上，要坚守好马克思主义这个魂脉和中华优秀传统文化这个根脉，运用新思路、新话语、新机制、新形式，不断激发文化创新创造活力。
	习近平总书记强调：“建设中华民族现代文明，是我们这样一个具有五千多年文明史国家的豪迈壮举，是实现中华民族伟大复兴的应有之义。”行之力则知愈进，知之深则行愈达。深入学习贯彻习近平文化思想，认真落实“两个结合”的根本要求，看准了就坚定不移抓，我们定能在建设社会主义文化强国、建设中华民族现代文明的奋斗实践中展现新气象新作为。【编辑:何颖】
</body></doc>