<doc><id>1047</id><url>http://www.chinanews.com/dwq/2024/06-03/10227711.shtml</url><title>驻港国家安全公署：坚定支持特区维护国安法治 绝不容许外部势力干涉</title><datetime>2024-6-3 08:29:00</datetime><body>	中新社香港6月3日电针对美国等少数国家政府及政客就香港特区高等法院判决戴耀廷等“串谋颠覆国家政权罪案”说三道四，诋毁香港法治，抹黑香港国安法，甚至叫嚣对港制裁。驻港国家安全公署发言人6月2日发表谈话表示，坚定支持香港特区司法机关依法惩治危害国家安全的行为和活动，绝不容许外部势力干预祸乱香港法治。
	发言人指出，维护国家安全在世界各国各地区都是头等大事。香港特区法院审理案件中揭示的大量确凿证据充分说明，有关反中乱港分子串谋通过所谓“初选”，企图夺取立法会控制权，瘫痪特区政府，破坏、摧毁或推翻香港基本法和“一国两制”方针确立的现行香港特区政治制度和架构。“串谋颠覆国家政权”是违犯香港国安法的严重罪行，绝非所谓“和平政治活动”，必须受到法律惩治。香港警方对嫌犯依法逮捕、法院依法审判，是全面准确贯彻实施香港国安法的必然要求，是依法维护国家安全的正义之举，天经地义、合理合法，是彰显香港法治权威的必要之举，不容置喙。
	发言人表示，该案自审理以来，一小撮反中乱港分子和境外势力频频为涉案被告“叫屈喊冤”，公然攻击香港司法制度，抹黑香港国安法，干扰法庭独立审判。香港法院作出判决后，美国等少数国家政府及政客又气急败坏跳出来，肆意进行攻击抹黑，鼓噪所谓制裁，妄图干扰特区正常的执法、司法工作，阻挠香港国安法有效实施，使反中乱港分子逃脱法律惩治，让香港重回乱局。但任何恫吓施压都注定徒劳，绝不会动摇中央和特区依法维护国家安全的意志决心。中央坚定支持香港特别行政区政权机关和社会各界始终团结一致，无惧任何威胁恐吓，坚定捍卫香港法治，确保“一国两制”事业坚如磐石。
	发言人强调，维护国家主权、安全、发展利益是“一国两制”方针的最高原则。驻港国家安全公署将一如既往坚定支持香港特区履行维护国家安全的宪制责任，坚定支持特区执法机关、司法机关依法履职尽责，并将继续与特区一道，全面准确实施香港国安法和香港国安条例，高度警惕、坚决防范并依法遏制打击外部势力干预国安案件审理、破坏香港国安法治、阻扰香港由治及兴的行为及活动，共同为香港长期繁荣稳定和“一国两制”事业行稳致远保驾护航。(完)【编辑:付子豪】
</body></doc>