<doc><id>105</id><url>http://www.chinanews.com/cj/2024/05-29/10225082.shtml</url><title>“铁路+旅游”为文旅业发展注入强劲动力</title><datetime>2024-5-29 13:26:00</datetime><body>	人民网北京5月28日电（记者李楠楠）今年以来，中国国家铁路集团有限公司依托四通八达的路网，服务旅游经济、银发经济发展，激发客运消费潜能，大力开行旅游列车、赏花踏青列车等特色专列。
	春运期间，冰雪游异常火爆，加开去往哈尔滨、长春等东北城市的列车；清明假期春暖花开，加密开行踏青、赏花专列；“五一”假期旅客出行需求旺盛，铁路客流保持高位运行。
	5月19日，2024年“心连心·京藏号”旅游专列从北京西站首发。14天的旅程将途经西宁、拉萨、山南、林芝等地，载着旅客享受青藏高原的绝美风光，游览塔尔寺、青海湖、布达拉宫、巴松措等国家5A级旅游景区。
	今年1到4月，全国铁路日均开行旅客列车10483列，同比增长13.8%。“铁路+文旅”模式迅速崛起，为推动旅游业高质量发展提供了新动能、新引擎。
	中国铁路兰州局集团有限公司常态化开行“天水麻辣烫”旅游专列；郑渝高铁开通运营后，河南省南阳市方城县通了高铁，不少旅客在节假日期间专门乘坐高铁前去品尝正宗的方城烩面，感受“好饭吃遍，不如方城烩面”；池黄高铁4月26日正式开通，“离黄山风景区最近的高铁站”——黄山西站正式投入运营，黄山区进入高铁旅游时代。铁路与安徽池州、黄山等多地文旅部门合作，用好优惠政策，方便旅客旅游。
	数据显示，中老铁路自通车运营以来，截至5月21日已累计开行旅客列车50187列，发送旅客3405万人次，其中跨境旅客20.5万人次。铁路部门坚持高标准、可持续、惠民生，努力打造中老两国人民的发展路、幸福路、友谊路，推动沿线贸易畅通、文化交流、民心相通，为区域经济繁荣发展注入强劲动能。
	记者获悉，川青铁路镇黄段、包银高铁惠银段、渝昆高铁川渝段、集大原高铁等线路今年有望开通运营，届时将为满足沿线人民群众美好出行需要、服务和支撑中国式现代化注入强劲“铁”动力。【编辑:曹子健】
</body></doc>