<doc><id>1056</id><url>http://www.chinanews.com/gj/2024/06-03/10227700.shtml</url><title>日本石川县发生5.9级地震 核电站暂未发现异常</title><datetime>2024-6-3 07:24:00</datetime><body>	中新网6月3日电据日本广播协会(NHK)报道，当地时间3日6时31分左右，日本石川县观测到5.9级地震。
	日本气象厅表示，此次地震震中为能登半岛，最大震感为震度5，震源深度10公里。
	据报道，该地震目前没有海啸风险。
	报道还称，位于石川县志贺町的志贺核电站和位于新潟县柏崎市的的柏崎刈羽核电站都观测到了不同震感的地震。日本原子能规制厅表示，这两所核电站暂未发现异常情况。
【编辑:于晓】
</body></doc>