<doc><id>1059</id><url>http://www.chinanews.com/gj/2024/06-03/10227694.shtml</url><title>南非大选结果出炉</title><datetime>2024-6-3 06:48:00</datetime><body>	中新社约翰内斯堡6月3日电(记者王曦)当地时间6月2日晚间，南非独立选举委员会在约翰内斯堡召开新闻发布会，公布今年南非全国大选结果。现执政党非国大(ANC)30年以来首次失去议会多数席位，这一结果导致该党无法单独组阁，南非迎来多党组成的联合政府也随之成为定局。
	这是自南非1994年结束种族隔离制度以来的第七次全国大选，共有70个政党和11名独立候选人最终获准参加全国和省级议会选举。此外，共有2767万名18岁及以上成年登记选民，南非全国共设立2.3万余个投票站。
	根据独立选举委员会公布的数据显示，非国大获得了159个议席，较上一次大选取得的230个席位减少了71个，民主联盟(DA)的席位由84个增加至87个。本次大选异军突起、由前总统祖马领衔的民族之矛党(MK)则一举拿下58个席位，另一大南非主要政党经济自由斗士党(EFF)表现欠佳，议会席位数由44个降至39个。
	根据南非宪法，新一届总统人选将由国民议会选举产生。因此，在新一届国民议会产生后，国民议会议员将继续举行会议，选举新一届南非总统。由于非国大此次未能获得半数以上的议会席位，该党必须联合其他政党，才能确保现任总统拉马福萨在新一届国民议会举行的总统选举中获胜。
	这就意味着非国大需要与可能合作的其他政党展开谈判，并在议会开幕前达成联合执政协议，这一过程预计将在随后的两周时间内完成。
	此前，非国大全国主席、矿产资源和能源部长格韦德·曼塔谢对该党寻找组阁搭档的计划并未给出明确回应，“我们可以和所有人、任何人谈。”
	民主联盟随后召开新闻发布会并宣布，该党已成立联合谈判小组，该谈判小组接下来将和所有南非政党逐个谈判，以期尽快达成合作意向从而组成联合政府。该党还承诺，在南非历史这一前所未有的时刻，民主联盟将为南非人民的利益而行动。(完)【编辑:胡寒笑】
</body></doc>