<doc><id>1060</id><url>http://www.chinanews.com/gj/2024/06-03/10227693.shtml</url><title>德国南部多地因洪灾进入紧急状态</title><datetime>2024-6-3 06:44:00</datetime><body>	中新社柏林6月3日电因持续降雨，德国南部多地面临洪水威胁。综合德国媒体2日报道，德国南部巴伐利亚州和巴登-符腾堡州受灾最严重，部分地区继续保持恶劣天气的最高警报级别，多地河流水位仍在上涨。
	报道称，在巴伐利亚州，10个市镇宣布进入紧急状态，部分地区洪水达到了百年来最高水位。巴伐利亚州西部地区一些水位测量点已达到最高洪水警戒等级四级，其他地区也有可能达到该等级。此外，在巴伐利亚州巴尔-埃本豪森、奥格斯堡等地，多处堤坝决口。该州内政部发言人2日在应询时表示，大约有3000人受洪水影响撤离。
	在巴伐利亚州伊尔姆河畔的普法芬霍芬，一名消防员在洪水救援行动中不幸牺牲，于2日早晨被发现；在施瓦本地区的奥芬根，另有一名消防员在洪水救援行动中失踪。
	2日凌晨，在巴登-符腾堡州的施瓦本格明德附近，一列长途客运列车因恶劣天气引发的山体滑坡脱轨。据铁路公司消息，前两节车厢脱轨但未翻覆，列车上180多名乘客均未受伤。
	受天气影响，巴伐利亚州多地火车、城际交通线路出现大面积停运或延迟，部分地区积水严重、通行受阻。中国驻慕尼黑总领馆2日提醒旅居巴州及临时来德的中国公民密切关注天气预警信息，做好应对准备；密切关注道路交通情况，根据个人实际情况合理规划行程，注意人身和财产安全；密切关注所在城市应急部门安全提醒，听从统一调度指挥。如遇紧急情况，及时报警。(完)【编辑:于晓】
</body></doc>