<doc><id>1061</id><url>http://www.chinanews.com/tw/2020/04-01/9144320.shtml</url><title>蔡英文今又宣布将捐出1000万只口罩 岛内网民怒了</title><datetime>2020-4-1 15:59:00</datetime><body>	蔡英文今又宣布将捐出1000万只口罩，岛内网民怒了
	【环球网报道】民进党当局因口罩政策曾多次引发岛内舆论争议。今天(31日)，蔡英文又宣布，将捐出1000万只口罩。消息一出，岛内网民“炸锅”了，有人反问，当初说禁止出口？台湾民众都拿到了吗？原来限制民众购买口罩是为了她的政治目的。
	据台湾“中时电子报”等媒体报道，蔡英文称，台湾会积极加强与各国防疫合作，将提供口罩、技术、药物三个项目的协助，其中包括捐出1000万只口罩给疫情严重的国家。
	台媒消息发布不久，评论区涌入大量网民留言：
	有人反问，当初说禁止出口的是？不是不出口？台湾民众都拿到了吗？↓
	有人表示：虽然是好事，但我口罩还不够用啊，你捐出前没想过老百姓吗？这是台湾民众的资产，先发给自己人吧。↓
	还有人直言：原来限制民众购买口罩是为了她的政治目的。↓
	有人则讽刺：笑大陆是“防疫外交”，自己也是做一模一样的事情，好意思说别人？↓
	还有人表示，过去一个都不可以给大陆，现在千万个拿去孝敬美国、日本主子，善尽“奴才”本色？有时间搞撒钱“外交”，怎么不开放口罩让民众自行购买？还是只有对大陆可以比较硬？↓
	此前，民进党当局针对口罩采取的相关措施已在岛内引发颇多争议。新冠肺炎疫情暴发后，民进党当局下令岛内民众实名限量购买口罩，并早早宣布实施所谓的“口罩出口禁令”，而如此“吝惜”口罩的民进党当局，事后却“慷慨”表态将每周向美国提供10万只口罩。
	当时就有岛内网民质疑，“不是说口罩不准出口吗？台湾现在不缺口罩吗？”“说好的不出口呢？骗子政客。”有人称，“什么嘴脸？口罩我们还是不够啊，看看排队的民众”“先自救，再救人吧。”还有人称，“无语，”“大陆人民是我们同宗同族，你不帮忙，竟然去帮美国，可悲，可恨。”
【编辑:朱延静】
</body></doc>