<doc><id>1062</id><url>http://www.chinanews.com/tw/2020/04-01/9144316.shtml</url><title>台湾台中市一处民宅凌晨起火 致2人死亡</title><datetime>2020-4-1 15:55:00</datetime><body>	中国台湾网4月1日讯据台湾《联合报》报道，台中市太平区一处民宅凌晨3时许突然起火，消防人员据报前往把火扑灭，在屋内2楼发现2具烧焦遗体，初步判断应是设籍在那儿的沈姓妇人和另外一名女性，起火原因正在调查中。
	据报道，该户邻居林姓男子表示，凌晨3时28分许，他下楼抽烟，发现斜对面住户里有火光及浓烟冒出，随即打电话报警，当时巷内很安静，未发现有人员进出。
	据报道，现场燃烧面积约15平方米，在2楼后侧卧室内的床铺及地上发现2名死者。其中2楼后侧卧室全面烧毁、1楼客厅家具有部分烧毁。
	因2名罹难者已被烧焦，外观难以辨识特征，但初步判断应是设籍在那儿的沈姓女子(60岁)和另外一名女性。目前已联系上沈妇的子女前来，以厘清案情。(中国台湾网李宁)
【编辑:朱延静】
</body></doc>