<doc><id>1064</id><url>http://www.chinanews.com/ga/2020/04-01/9144272.shtml</url><title>澳门特区政府多管齐下应对疫情纾解民困</title><datetime>2020-4-1 15:38:00</datetime><body>	澳门特区政府
	多管齐下应对疫情纾解民困
	本报电(俞晓)来自澳门特别行政区政府网站消息，因应疫情对澳门经济民生造成影响，特区政府逐步推行多项纾解民困措施，其中对“2020年度现金分享计划”做出特别安排。从4月1日起至6月19日，特区政府分批向澳门特区永久性居民及非永久性居民，派发1万元及6000元(澳门元，下同)。
	根据《2020年财政年度预算》有关现金分享计划的安排，本年度现金分享共涉及澳门特区永久性居民约68万人，非永久性居民约4.8万人，预算总开支约为71亿元。基于新冠肺炎疫情对澳门经济民生所造成的影响，特区政府决定对本年度现金分享发放做出特别安排，将以往一般于7月开始发放的现金分享款项，提前至4月起发放。
	为加强对居民及商户的支持，特区政府推出水电费豁免及补贴措施。有关措施已于3月份实施，居民及商户的水电费用开支已陆续获得减免。相关内容包括：居民方面，免缴住宅用户3个月水电费。水费方面，豁免住宅用户本年3月至4月发单月份所涉及的水费以及5月至6月发单月份所涉及的一半水费。电费方面，豁免住宅用户本年3月至5月发单月份所涉及的电费。
	特区政府针对中小企业推出“企业商号水电费补贴措施”，设定金额上限，为期3个月。水费方面，补贴非住宅用户本年5月至6月发单月份所涉及的水费以及7月至8月发单月份所涉及的一半水费，补贴上限为每户每月3000元。电费方面，补贴非住宅用户本年3月至5月发单月份所涉及的电费，电费补贴上限则为每户每月1万元。有关措施不适用于娱乐场、三星或以上酒店场所以及特区政府部门的水电合约。
	澳门特区政府新闻局近日公布，特区政府将通过澳门基金会设立一项规模为100亿元的抗疫援助专项基金，对受新冠肺炎疫情影响而在生活或经营上有困难的澳门居民和企业商户进行援助，并对防疫抗疫工作给予更有力和更快捷的财政支持。澳门特区政府早前已采取了一系列减免税费、支持信贷、鼓励消费的措施，涉及资助金额近400亿元。
【编辑:朱延静】
</body></doc>