<doc><id>1065</id><url>http://www.chinanews.com/business/2020/04-01/9144295.shtml</url><title>猎聘助力人社部“百日千万网络招聘专项行动”</title><datetime>2020-4-1 15:27:00</datetime><body>	中新网4月1日电近日，人社部启动“职等你来就业同行”百日千万网络招聘专项行动，通过搭建全国统一、多方联动的网络招聘平台，集中开展线上招聘活动，为劳动者和用人单位提供高效便捷服务。此次行动将持续至6月底，为近年来规模最大、覆盖范围最广的网络招聘活动。
	猎聘作为该项行动的社会参与方之一，集合平台资源推出专场招聘活动，针对金融、互联网、消费品、电商、医疗卫生等十余个行业开设专场。目前，猎聘“求职战役急招职位专场”和“高校毕业生专场”已经上线，有4.9万家企业提供岗位65万个。
	4月份，将推出7个招聘专场：金融行业专场4月3日上线，女性专场4月10日上线，互联网行业、消费品行业、电商领域专场4月17日上线，医疗卫生行业、制造业专场4月24日上线。
	5月份，将推出9个招聘专场：教育培训行业、人工智能领域专场5月1日上线，旅游住宿行业、新能源领域专场5月8日上线，生活服务行业专场5月15日上线，中小企业、房地产行业专场5月22日上线，急召岗位、电竞领域专场5月29日上线。
	6月份，将推出6个招聘专场：通讯5G领域专场6月5日上线，互联网行业、房地产行业、旅游住宿行业专场6月19日上线，30岁+职场人专场6月26日上线。
	求职者可通过中国公共招聘网和中国国家人才网进入“百日千万网络招聘专项行动”主会场，点击行业专场推荐或页面下方参与机构进入猎聘招聘专区，也可登陆猎聘官网或猎聘APP，点击“百日千万网络招聘专项行动”参与。
	为帮助求职者安全有效地找到理想工作，猎聘提供全流程线上无接触的求职解决方案。求职者通过猎聘可以在线浏览职位、投递简历、沟通职位、参与视频面试，在无接触的前提下保障求职质量、提高求职效率。
	作为国内领先的精英职业发展平台，猎聘汇集超过5500万中高端人才，为超过56万家企业提供服务，同时有超过15万名认证猎头在猎聘平台寻找核心岗位的候选人。猎聘数据显示，随着疫情逐日趋缓，企业复工复产后越来越多的招聘需求被释放出来，为求职者提供更多的就业岗位。
【编辑:李季】
</body></doc>