<doc><id>1067</id><url>http://www.chinanews.com/hr/2020/04-01/9144280.shtml</url><title>中国驻墨尔本总领馆：注意防范涉新冠肺炎疫情诈骗</title><datetime>2020-4-1 15:20:00</datetime><body>	中新网4月1日电据中国驻墨尔本总领事馆网站消息，近期，电信诈骗再度猖獗，不法分子常伪装成驻澳使领馆、司法机关、世卫组织、国际刑警组织、DHL国际快递、旅行社、电信公司等机构实施诈骗，采取“广泛撒网、重点培养”套路，对目标对象施以心理诱导、威逼恐吓，最终诈取钱财。驻墨尔本总领馆提醒领区内中国公民，在做好自身防护的同时，务必提高警惕，防范不法分子趁虚而入。如遇以下情况，请高度警惕诈骗风险，切勿上当受骗：
	(一)假冒“检察官”、“警官”等，提供所谓的虚假“工号”，骗取受害者信任后，常要求提供个人信息，并通过权威式、引诱式的语言诱导受害者陷入诈骗圈套。随后，出示虚假的“逮捕证”、“搜查令”或“通缉令”，诱导受害人将资金转入实为骗子持有的所谓“安全账户”，此类诈骗造成损失金额最大。
	(二)不法分子注册网络卖家，利用疫情期间民众焦虑心理，假称有口罩、消毒水、药品等防护用品，买家付款后无法收到所购商品也得不到相应退款。
	(三)诈骗分子利用人们的同情和善良，在网上发起虚假慈善捐款。在此提醒大家，无论网络消费还是在线捐款，先上网查询卖家或捐款发起人信誉，如输入对方名称、电话及“投诉”“诈骗”等字段，核实无误后，以信用卡支付费用，注意不要采用礼品卡、电汇等方式。付款后留存交易记录，一旦受骗及时投诉、报警。
	请注意，不法分子的骗局经过精心设计，利用目标对象的心理紧张感和恐惧感，在目标对象被深度套牢，处于极度紧张、恐慌甚至大脑混乱的时候，再以给予帮助为由，提出与金钱有关的解决方案，并以安全保密为由，要求目标对象隔绝同外界联系，仅同不法分子单线联系。请您高度警惕上述圈套，如遇有关情况，请保持冷静，及时前往当地警察局报案，或拨打警方求助电话131444，也可登录澳大利亚网络安全中心网站(https://www.cyber.gov.au/)和Scamwatch网站(https://www.scamwatch.gov.au/)报告诈骗事件。涉及个人信息泄露的，可向公民身份和网络支持服务IDCARE(NationalIdentityandCyberSupportService)寻求帮助。
	中国公民如需领事协助，可拨打以下电话：
	外交部全球领事保护与服务应急热线：+86-10-12308、+86-10-59913991。微信用户还可通过小程序“外交部12308”一键求助。
	中国驻墨尔本总领馆领事保护与协助电话：0398248810
	中国境内公安机关报警电话：110
【编辑:曾小威】
</body></doc>