<doc><id>1068</id><url>http://www.chinanews.com/gj/2020/04-01/9144285.shtml</url><title>拉美地区新冠肺炎疫情加剧 多国强化防控措施</title><datetime>2020-4-1 15:13:00</datetime><body>	综合消息：拉美地区新冠肺炎疫情加剧多国强化防控措施
	新华社墨西哥城3月31日电综合新华社驻拉美地区记者报道：拉美地区多国新冠肺炎疫情持续加剧，各国继续加强防控。
	巴西卫生部3月31日宣布，该国新增新冠肺炎确诊病例1138例，累计5717例；新增死亡病例42例，累计201例。新增确诊病例和死亡病例均创单日新高。
	智利卫生部31日宣布，截至当地时间30日21时，该国新增新冠肺炎确诊病例289例，累计2738例；新增死亡病例4例，累计12例；累计治愈156例。智利宣布延长首都圣地亚哥部分地区和复活节岛的强制隔离时间，4月1日起对南部蓬塔阿雷纳斯市实施强制隔离。
	阿根廷31日新增新冠肺炎确诊病例88例，累计1054例；新增死亡病例3例，累计27例。阿总统费尔南德斯表示，阿根廷较早采取强制性隔离措施，现在效果正在显现。
	秘鲁31日报告新增新冠肺炎确诊病例115例，累计1065例；新增死亡病例6例，累计30例。
	厄瓜多尔卫生部31日宣布，该国新增新冠肺炎确诊病例336例，累计2302例；新增死亡病例17例，累计79例；新增治愈4例，累计58例。厄总统莫雷诺呼吁更多的志愿者加入社区医疗服务。
	委内瑞拉总统马杜罗31日晚发表电视讲话时宣布，当天该国新增新冠肺炎确诊病例8例，累计143例，其中治愈41例，死亡3例。马杜罗说，未来两周将进一步加大社区隔离力度。
	哥斯达黎加卫生部31日宣布，该国新增新冠肺炎确诊病例17例，累计347例，包括死亡病例2例，治愈4例。哥总统阿尔瓦拉多宣布，一所专门收治新冠肺炎病人的医院已落成。此外，哥卫生部还宣布新增3所用于检测新冠病毒的实验室。
	巴拿马卫生部31日宣布，新增新冠肺炎确诊病例106例，累计1181例；累计死亡病例升至30例。
	墨西哥卫生部31日宣布，截至当日19时，新增确诊病例121例，累计1215例；新增死亡1例，累计29例。
	古巴31日报告新增新冠肺炎确诊病例16例，累计186例；新增死亡病例2例，累计死亡6例。古巴政府当天宣布将关闭边境。
	哥伦比亚卫生和社会保障部31日宣布，该国新增新冠肺炎确诊病例108例，累计906例。(执笔记者：杨春雪；参与记者：尹南、高春雨、范小林、周星竹、郝云甫、许雷、林朝晖、朱婉君、张国英、苏津、倪瑞捷、徐烨、吴昊)
【编辑:郭泽华】
</body></doc>