<doc><id>107</id><url>http://www.chinanews.com/gn/2024/05-29/10225067.shtml</url><title>《2023年美国侵犯人权报告》：美国公民和政治权利沦为空谈</title><datetime>2024-5-29 13:16:00</datetime><body>	中新社北京5月29日电中国国务院新闻办公室29日发表的《2023年美国侵犯人权报告》指出，美国公民和政治权利沦为空谈。
	报告指出，美国枪支暴力造成惨痛生命代价，数据显示，美国所有类型的枪支暴力事件都呈上升趋势，2023年美国至少发生了654起大规模枪击事件。枪支暴力导致近4.3万人死亡，平均每天死亡117人。在党争极化与利益集团推动下，越来越多的州政府主动推动立法以扩大居民拥有与携带枪支的权利。2023年美国至少有27个州不需要许可证就可携带手枪。
	报告显示，美国政府滥用权力监控公民隐私，由宗教不容忍引起的犯罪数量持续增加，言论和表达自由受到压制，警察滥用暴力致死人数创下新高，警察执法问责制度形同虚设，大规模监禁与强迫劳动问题突出。
	报告称，美国警察2023年至少杀害了1247人，平均每天至少有3人被警察杀害。美国人口不到全球的5%，但囚犯占全球在押囚犯的25%，是全世界监禁率最高，同时也是监禁人数最多的国家。监狱强迫囚犯以低薪或无薪、无福利的方式工作。
	报告指出，美国党争恶斗持续加剧，两党继续操弄选举，美国有16个州在国会选区划分上存在明显的操弄表现，其中12个州为“整体上严重操弄选区的州”。
	报告称，美国政府公信力继续下跌，美国广大普通民众对联邦以及各级政府极度失望，76%的美国人认为自己国家正处于错误的发展方向。
	报告强调，美国的种族主义至今仍以种族定型、警察杀人以及许多侵犯人权的形式存在。美国少数族裔面临系统性、持续性、全面性的种族歧视。
	报告说，在美国，非洲裔在执法领域面临严重种族歧视，非洲裔被警察杀害的可能性是白人的3倍，被监禁的可能性是白人的4.5倍。美国对亚裔的歧视变本加厉，对华裔科学家的迫害仍在持续，有近四分之三的华裔美国人在近1年中遭受过种族歧视，55%的华裔美国人担心仇恨犯罪或骚扰危及人身安全。
	报告称，美国印第安原住民始终生活在文化压迫之中，其宗教信仰和传统习俗被无情扼杀。种族主义意识形态在美国恶性传播并跨国溢出。(完)【编辑:曹子健】
</body></doc>