<doc><id>1070</id><url>http://www.chinanews.com/gj/2020/04-01/9144263.shtml</url><title>为防疫情在监狱系统扩散 美国加州将提前释放3500名囚犯</title><datetime>2020-4-1 15:09:00</datetime><body>	(抗击新冠肺炎)为防疫情在监狱系统扩散美国加州将提前释放3500名囚犯
	中新社旧金山3月31日电美国加利福尼亚州当地时间31日宣布，将提前释放3500名囚犯以缓解监狱的拥挤状况，防止新冠肺炎疫情在监狱系统传播。
	《旧金山纪事报》报道称，加州矫正与康复部31日在一份法庭文件中宣布了这一计划。该部门发言人达娜·西马斯表示，根据新计划，惩教官员将对原定于60天内出狱的囚犯进行审核。被定罪为暴力、性犯罪或者家庭虐待的囚犯不在此列。西马斯说，预计加州最初将有3500人符合此次提前释放的条件，释放可能最早在下周开始。
	“加州矫正与康复部的首要承诺是确保我们的员工、被监禁人员、机构内部其他人员以及整个社区的安全。”该部门秘书拉尔夫·迪亚兹在一份声明中说，“我们必须将新冠肺炎感染的风险也视为对安全的严重威胁。”
	提交紧急请求的律师之一迈克尔·比恩表示，这是加州迈出的第一步，但步伐还不够。他的团队将继续敦促法官下令释放更多罪犯，包括优先考虑那些年老和患有重病的囚犯。
	报道称，加州监狱系统以超过其计划134%的容量运转，容纳的人数比计划多出近30000。《洛杉矶时报》报道称，对囚犯的新型冠状病毒测试始于3月7日。目前，10座监狱中的22名员工和4名囚犯被感染。
	活动人士警告说，如果不采取预防措施，这个数字可能会飙升。尽管探视已被叫停，但监狱工作人员仍然每天进出监狱，有可能将病毒带入监狱或家庭。
	加州矫正与康复部已开始使用触摸式温度计对67000名监狱工作人员进行检查。在实行此类检查的前三天，共有170名工作人员因温度不正常被拒之门外。
	《今日美国》报道称，全美共有超过6000座监狱。不少服刑人员或狱警的新冠病毒核酸检测呈阳性。彭博社报道称，近期，全美多地监狱在提前释放囚犯。(完)
【编辑:何路曼】
</body></doc>