<doc><id>1071</id><url>http://www.chinanews.com/cj/2020/04-01/9144279.shtml</url><title>外汇局：截至3月底审批 QFII投资额度1131.59亿美元 </title><datetime>2020-4-1 15:09:00</datetime><body>	3月31日，国家外汇管理局公布合格境内机构投资者(QFII)投资额度、人民币合格境外机构投资者(RQFII)投资额度，以及合格境外机构投资者(QDII)投资额度的审批情况。数据显示，截至2020年3月31日，审批QFII投资额度额度1131.59亿美元；审批RQFII投资额度7124.42亿元人民币；审批QDII投资额度1039.83亿美元。
	合格境外投资者制度，是境外投资者投资境内金融市场的主要渠道之一，是提升人民币资本项目可兑换程度的一项重要制度安排，为我国金融市场稳步开放和深化发展发挥了积极作用。去年9月10日，中国人民银行、国家外汇管理局宣布，全面取消QFII和RQFII投资额度限制，进一步扫除了外资进入障碍，提升了人民币资本项目可兑换程度，我国金融市场对外开放更进一步。
	值得一提的是，截至去年8月31日，QFII累计获批额度为1113.76亿美元，RQFII获批投资额度为6933.02亿元人民币。可以发现，与取消额度限制前相比，QFII与RQFII的投资额度增速并未出现显著加快。
	不过，国家外汇管理局有关人士此前就曾表示，取消投资额度限制后，预计合格境外投资者将稳步、有序增持境内资产。考虑到合格境外投资者多为长期投资者，预计资金流入相对平稳，不会出现“大进大出”的风险。
【编辑:郭泽华】
</body></doc>