<doc><id>1072</id><url>http://www.chinanews.com/gj/2020/04-01/9144261.shtml</url><title>摩纳哥元首阿尔贝二世亲王新冠肺炎痊愈</title><datetime>2020-4-1 15:08:00</datetime><body>	(抗击新冠肺炎)摩纳哥元首阿尔贝二世亲王新冠肺炎痊愈
	中新社北京4月1日电摩纳哥城消息：当地时间3月31日，摩纳哥王室发布声明称，此前感染新冠病毒的摩纳哥元首阿尔贝二世亲王已经痊愈并于当天解除医学隔离。
	摩纳哥媒体援引声明称，负责阿尔贝二世亲王健康状况的医护人员当天允许其解除医学隔离。阿尔贝二世亲王已经痊愈，目前身体状况良好。
	据报道，现年62岁的阿尔贝二世亲王将很快与家人团聚，将继续遵守限制出行措施。
	声明还呼吁摩纳哥民众严格遵守限制出行措施，减少与他人接触。“严格遵守这些措施，将利于遏制病毒传播。”
	阿尔贝二世亲王的女儿贾丝明当天也在社交媒体上发文称，得知父亲痊愈是一天中听到的最棒的消息，并同时呼吁民众遵守待在家里的规定，外出佩戴口罩，一同战胜病毒。
	阿尔贝二世亲王办公室3月19日曾发表声明，确认阿尔贝二世亲王新冠病毒检测结果呈阳性。
	截至3月31日，摩纳哥境内累计确诊新冠肺炎病例52例，死亡1例。为应对新冠肺炎疫情，摩纳哥公国从3月17日起在全国实施限制出行措施，仅允许购买食品、药品、就医等必需出行。该措施现已延长至4月15日。(完)
【编辑:何路曼】
</body></doc>