<doc><id>1074</id><url>http://www.chinanews.com/cj/2020/04-01/9144258.shtml</url><title>三部门：4月起出口新冠病毒检测试剂等报关须提供声明</title><datetime>2020-4-1 15:06:00</datetime><body>	中新网4月1日电商务部、海关总署及国家药品监督管理局日前发布关于有序开展医疗物资出口的公告。公告指出，自4月1日起，出口新型冠状病毒检测试剂、医用口罩、医用防护服、呼吸机、红外体温计的企业向海关报关时，须提供书面或电子声明。
	公告称，在疫情防控特殊时期，为有效支持全球抗击疫情，保证产品质量安全、规范出口秩序，自4月1日起，出口新型冠状病毒检测试剂、医用口罩、医用防护服、呼吸机、红外体温计的企业向海关报关时，须提供书面或电子声明，承诺出口产品已取得我国医疗器械产品注册证书，符合进口国(地区)的质量标准要求。海关凭药品监督管理部门批准的医疗器械产品注册证书验放。上述医疗物资出口质量监管措施将视疫情发展情况动态调整。
	公告指出，有关医疗物资出口企业要确保产品质量安全、符合相关标准要求，积极支持国际社会共同抗击疫情。
【编辑:李玉素】
</body></doc>