<doc><id>1076</id><url>http://www.chinanews.com/gn/2020/04-01/9144267.shtml</url><title>中国大使馆驳斥英媒对中方抗击疫情的不实报道和无端指责</title><datetime>2020-4-1 15:02:00</datetime><body>	新华社伦敦3月31日电（记者桂涛梁希之）针对最近一些英国媒体对中国抗击新冠肺炎疫情举措的不实报道和无端指责，中国驻英国大使馆发言人3月31日说：“中国的努力不容歪曲，中国的贡献不容诋毁。”
	近日，有英国媒体报道称，中国“刻意瞒报疫情”，致使“英国疫情防控延误”；有英国官员“对中方做法表示不满”。中国驻英国大使馆发言人说，这一论调无视中国和中国人民为全球抗疫做出的巨大努力、付出的巨大牺牲，抹黑中国为世界人民健康安全做出的巨大贡献。
	发言人强调，中国第一时间甄别出病原体，第一时间与世界卫生组织共享病毒全基因组序列，第一个采取最有力、最严格、最全面的防控举措，第一个取得疫情防控阶段性成果，第一个毫无保留地与有关国家分享抗疫经验，第一时间向包括英国在内的国家和国际组织提供抗疫援助。
	发言人表示，中国驻英使馆已就有关报道和言论向英方表达不满，要求予以澄清。英政府高级官员表示，相关报道不代表英国政府立场，英方高度评价中国对国际社会抗击疫情做出的贡献，发展对华关系对英方至关重要。
	发言人说：“我们敦促英国有关媒体和某些政客，摒弃傲慢与偏见，客观看待中国抗疫努力与成效，为维护全球公共卫生安全贡献正能量。”
【编辑:郭泽华】
</body></doc>