<doc><id>1077</id><url>http://www.chinanews.com/gj/2020/04-01/9144266.shtml</url><title>日本单日新增新冠肺炎病例数超200 为有疫情以来最高</title><datetime>2020-4-1 15:01:00</datetime><body>	新华社东京4月1日电（记者华义）据日本广播协会（NHK）电视台统计，截至当地时间4月1日10时30分（北京时间9时30分），日本国内新冠肺炎确诊病例较前一日同期新增234例，累计达2233例；单日新增病例数为有疫情以来最高。
	日本47个都道府县已有44个出现确诊病例，累计死亡病例达到66例。
	据日本媒体报道，日本首相安倍晋三3月31日首次在公开场合戴上口罩，他当天曾前往皇居向日本天皇“内奏”（汇报国事活动）。
	另据日本厚生劳动省统计，截至3月31日，日本国内新冠肺炎确诊患者中已有424人出院。“钻石公主”号邮轮712名确诊患者中已有619人出院，11人死亡。
	据日本共同社报道，日本外相茂木敏充3月31日宣布，日本将美国、英国、韩国等49个国家和地区的传染病危险警示级别上调至三级，建议暂勿前往这些地区。日本政府计划于近期召开政府对策总部会议，宣布对来自上述国家和地区的外国人采取拒绝入境措施。日本还计划要求包括日本人在内的所有入境者自入境日起自行隔离14天。
【编辑:郭泽华】
</body></doc>