<doc><id>1079</id><url>http://www.chinanews.com/gn/2020/04-01/9144265.shtml</url><title>新疆今年斥资逾30亿元实施“煤改电”配套电网工程</title><datetime>2020-4-1 15:01:00</datetime><body>	新疆今年斥资逾30亿元实施“煤改电”配套电网工程
	新华社乌鲁木齐4月1日电（记者杜刚）新疆今年将投资30.93亿元实施南疆四地州“煤改电”（一期）配套电网工程，近29万户农牧民的供暖条件将得到明显改善，集中连片深度贫困地区供电基础设施水平也将提升。
	记者从国网新疆电力有限公司获悉，国网公司今年投资的南疆四地州煤改电（一期）配套电网工程，覆盖深度贫困地区的喀什地区、和田地区、克孜勒苏柯尔克孜自治州的24个县市、199个乡镇、1078个村。工程预计今年10月31日前完成，确保进入下一个采暖期居民能正常使用电采暖。
	2019年，南疆四地州煤改电（一期）配套电网工程启动，分3年实施，首年投资46亿元，惠及31.6万户居民。
	阿克陶县巴仁乡汗铁力克村村民斯迪克江·居麦克是去年“煤改电”项目的受益人之一。他说，以前过冬要捡柴火、烧煤，半夜常被冻醒，今年冬季家里又暖和又干净。
【编辑:郭泽华】
</body></doc>