<doc><id>108</id><url>http://www.chinanews.com/gn/2024/05-29/10225064.shtml</url><title>《2023年美国侵犯人权报告》：美式霸权制造人道主义危机</title><datetime>2024-5-29 13:15:00</datetime><body>	中新社北京5月29日电中国国务院新闻办公室29日发表的《2023年美国侵犯人权报告》指出，美式霸权制造人道主义危机。美国长期以来大搞霸权主义、单边主义和强权政治，以军事霸权威胁全球安全稳定，肆意进行军事干涉，搅动区域局势，挑动代理人战争，加剧地区武装冲突，滥施单边制裁，并以反恐为名实施非法拘禁和酷刑。
	报告指出，美国发动海外战争制造持久性人道主义灾难，并援引美国布朗大学发布的研究报告显示，“9·11”事件后，在美国进行海外“反恐”战争的战区，总死亡人数至少为450万至470万人，其中因战争破坏经济、环境、公共服务以及卫生基础设施所造成的间接死亡人数约达360万至380万人。
	报告显示，美国通过“外国代理人计划”侵犯他国主权和人权，并持续向他国输送集束弹药等武器，加剧区域紧张局势和地区武装冲突，造成大量平民伤亡和严重人道主义危机。
	报告指出，臭名昭著的关塔那摩监狱仍在运行。美国政府多次承诺关闭关塔那摩监狱，却一再食言。美国长期滥施单边制裁，自1950年以来制裁次数居全球之首，造成严重人道主义后果。
	此外，报告称，美国边境地区人道主义危机升级，无证移民悲惨境遇触目惊心。美国政府在移民政策上大开空头支票，致使边境地区人道主义危机不断加剧。美国南部边境被国际移民组织列为世界上最致命的陆路移民路线。
	报告显示，美国入境移民遭受酷刑及其他不人道待遇。2023财年，在美国南部边境遭逮捕或驱逐的移民总数达240多万人，再创历史新高。联合国人权事务委员会对移民在美国受到长时间的拘留表示担忧，批评美国的拘留所条件恶劣，人满为患，被拘押者无法获得食物、水和医疗服务，导致包括儿童在内的许多人死亡等侵犯人权问题。
	报告称，美国边境政策助长现代奴隶制。美国政府的边境政策加剧人口贩运问题，人口贩运的受害者多是妇女和儿童。移民儿童遭受残酷的强迫劳动与剥削，美国立法机构充当了纵容剥削童工的角色。(完)【编辑:曹子健】
</body></doc>