<doc><id>1084</id><url>http://www.chinanews.com/sh/2020/04-01/9144233.shtml</url><title>内蒙古发现无症状感染患者1例 当地累计境外输入病例36例</title><datetime>2020-4-1 14:49:00</datetime><body>	(抗击新冠肺炎)内蒙古发现无症状感染患者1例当地累计境外输入病例36例
	中新网呼和浩特4月1日电(记者张玮)4月1日，内蒙古自治区卫生健康委官方消息称，截至3月31日24时，内蒙古自治区发现无症状感染者1例。目前，累计境外输入病例36例。
	3月31日7时至4月1日7时，内蒙古自治区报告新增境外输入新冠肺炎确诊病例4例、无新增疑似病例。
	截至4月1日7时，内蒙古自治区累计报告境外输入新冠肺炎确诊病例36例、疑似病例24例。
	截至3月31日24时，内蒙古自治区无症状感染者1例，现在隔离医学观察中。
	消息称，以上患者均在定点医院接受隔离治疗，所有密切接触者均在呼和浩特市定点场所集中隔离医学观察，全程实行闭环管理。
	截至3月31日24时，内蒙古自治区已连续42日无新增本土新冠肺炎确诊病例、无新增本土新冠肺炎疑似病例。(完)
【编辑:叶攀】
</body></doc>