<doc><id>1085</id><url>http://www.chinanews.com/cj/2020/04-01/9144231.shtml</url><title>贵州省推进乡村旅游复苏暨“放飞心情乡村游”在贵州湄潭启动</title><datetime>2020-4-1 14:47:00</datetime><body>	中新网贵阳4月1日电(记者杨茜)1日，贵州省文化和旅游厅联合共青团贵州省委在遵义市湄潭县七彩部落景区举行了贵州省推进乡村旅游复苏暨“放飞心情乡村游”启动仪式。
	此次活动旨在加快推进贵州省乡村旅游复苏和高质量发展，助推脱贫攻坚和乡村振兴。
	贵州省文化和旅游厅厅长张玉广表示，贵州乡村成为乡土文明“活化石”，承载农耕文明悠远记忆，是回归自然、放飞心灵的家园和户外运动的天堂。
	启动仪式上，对贵州省首批61个省级乡村旅游重点村代表及2019评定的101家甲级村寨、精品客栈及五星级经营户代表等进行了授牌。
	贵州省文化和旅游厅厅长张玉广、共青团贵州省委书记涂妍为乡村旅游创客导师颁发了聘书，贵州省文化和旅游厅与农业银行贵州省分行、中国旅游协会签署了战略合作协议。贵州省文化和旅游厅还推出了首批十条贵州省乡村文化旅游精品路线。
	“‘人间四月芳菲尽，山寺桃花始盛开’，到乡村如回家，时时处处定有您意想不到的惊喜，放飞心情乡村游恰逢其时，让我们踏青折柳、骑马泛舟，一扫新冠肺炎的阴霾，尽情享受大自然的美好，多彩贵州、美丽乡村静待您的到来。”张玉广说。
	贵州在全国率先制定乡村旅游村寨、客栈、经营户(农家乐)三个省级标准，已评定的标准级以上村寨、客栈和三星级以上经营户(农家乐)超过2000家。2019年，贵州12个村入选首批全国乡村旅游重点村，入选数量位居全国并列第三。
	下一步，贵州省文化和旅游厅与农业银行贵州分行将聚焦文化旅游业发展，围绕重点领域、核心景区、重点客户、帮扶纾困、创新产品运用、支持模式创新、融资渠道畅通等开展合作。贵州省文化和旅游厅与中国旅游协会将聚焦乡村民宿发展，围绕促进贵州省民宿产业科学化规范化标准化发展、开展贵州省乡村民宿资源及产业的营销推广、加强贵州省乡村民宿发展人力资源建设、建设贵州省乡村民宿大数据、创新和提升贵州省乡村民宿品牌品质等开展合作。(完)
【编辑:叶攀】
</body></doc>