<doc><id>1086</id><url>http://www.chinanews.com/gj/2020/04-01/9144232.shtml</url><title>防控新冠病毒传播 加州计划提早释放3500名囚犯</title><datetime>2020-4-1 14:47:00</datetime><body>	中新网4月1日电据法新社1日报道，美国加州为防范新冠病毒在监狱蔓延，计划提前释放3500名非暴力犯罪的囚犯。加州监狱已有22名工作人员和4名囚犯新冠病毒检测呈阳性。
	加利福尼亚州惩教和康复部(CDCR)表示，第一批获释的囚犯将是刑期剩下少于30天的囚犯，其次是刑期还剩下少于60天的囚犯。
	美国其他司法管辖区，包括新泽西州和一些城市，也宣布了类似的措施。美国司法部长巴尔此前表示，他已要求联邦监狱释放部分囚犯，以减轻疫情的影响，符合条件的囚犯可能有2000人。
	监狱还采取了其他措施来防止病毒的传播，包括对任何进入监狱的人员进行强制医疗检查和暂停探监。作为补偿，犯人们获得免费打电话给亲人的额外机会。
	据报道，提前释放囚犯的措施并没有得到所有人的认同。一名检察官表示，这项举措将导致危险的罪犯重回街头。
【编辑:李夏君】
</body></doc>