<doc><id>1087</id><url>http://www.chinanews.com/ga/2020/04-01/9144249.shtml</url><title>港府：将安排专机接回滞留秘鲁香港居民 费用个人承担</title><datetime>2020-4-1 14:45:00</datetime><body>	香港特区政府：将安排专机接回滞留秘鲁的香港居民费用由个人承担
	香港特区政府宣布，将安排专机接回滞留秘鲁的香港居民，当地时间星期五由利马飞往伦敦，后转乘其他航班返回香港，费用将由个人承担，大约需要3至4万港元。
	特区政府呼吁，在当地仍未接触香港入境处的香港居民，最迟于香港时间今天下午1时前致电或邮件进行联络。
	(总台记者周伟琪叶丽丽)

【编辑:朱延静】
</body></doc>