<doc><id>1092</id><url>http://www.chinanews.com/sh/2020/04-01/9144238.shtml</url><title>北京顺义发生1.8级地震 市民称“感觉到晃”</title><datetime>2020-4-1 14:34:00</datetime><body>	新京报讯(记者张静雅)北京市地震局发布消息称，今日(4月1日)9时46分在顺义区双丰街道附近发生1.8级地震。多名顺义区居民表示，能明显感觉到地震，“脚下在晃动。”
	今日10许，北京市地震局发布消息，北京市地震台网正式测定：4月1日9时46分在北京顺义区双丰街道附近(北纬40.17度，东经116.62度)发生1.8级地震，震源深度7公里。
	北京市地震局工作人员告诉新京报记者，此次地震未达到2.0级，所以在第一时间未公布，不过地震后，部分网友发文表示有震感，所以进行了详细公布。
	家住顺义区马坡镇的李女士称，9时许，正在厨房的她，感觉到脚下在晃动，挂着餐具的架子也在晃。她觉得是地震了，忙往楼下跑。“到楼下就没有地震的感觉了。”另一名居民称，有明显震感，“桌子动了。”
	3月29日16时09分，顺义也曾发生地震。北京市地震局此前消息称，在双丰街道附近(北纬40.16度，东经116.62度)发生1.7级地震，震源深度6公里。地震造成顺义区马坡镇、牛栏山镇等地有感。
【编辑:白嘉懿】
</body></doc>