<doc><id>1097</id><url>http://www.chinanews.com/fortune/2020/04-01/9144193.shtml</url><title>神州信息场景金融：打通金融与实体经济的连接</title><datetime>2020-4-1 14:28:00</datetime><body>	3月30日，神州信息(000555.SZ)发布2019年业绩报告。报告期内，神州信息战略聚焦金融科技，总营收首破百亿。神州信息场景金融业务，有效破解三农、中小企业等实体经济的金融痛点，2019年获重要突破，成为财报一大亮点。
	新经济离不开新金融，金融数字化的改革与发展，驱动智能化、普惠化、无界化“新金融”到来，将全面改善金融机构服务的能力和效率，其难点在于打通金融服务与实体部门场景的连接。无场景不金融，无金融不在抢夺场景入口。
	目前，不同银行正围绕“产业场景”、“企业场景”、“政府场景”、“供应链场景”、“民生场景”等不同领域展开场景金融创新服务。银行布局场景金融，在账户、监管、支付环境以及安全体系等多方面有先天优势。但从已落地的诸多实践来看，新技术和新模式是场景金融创新的挑战。金融机构开展B端场景金融创新相较于C端更为复杂，想要快速发展需要解决几大关键问题：一是如何借助开放生态体系的构建找出合适的场景是关键所在，尤其是B端场景；二是有新技术做创新支撑，实现数据资产化是前提；三是围绕自己的逻辑和体系探索创新的服务模式；四是在开放和融合趋势下，改变过去“中心化”心态，以开放思维与第三方优势互补、价值共赢，尤其要善于联合科技实力强、拥有丰富数据及场景积累且对B端场景有深刻理解能力的生态伙伴，以“金融+科技+产业”创新金融产品和服务，更好推进产业发展、服务实体经济。
	神州信息作为金融科技全产业链综合服务商，在金融、政企、运营商、农业等多行业积累了丰富的数据及场景资源，通过融合“科技+数据+场景”积极探索金融在农业、税务行业中的场景创新，助力破解三农、中小企业融资难题，在农业、税务的场景金融创新方面取得重要突破，为金融机构提供了实践参考。
	在国家积极引导金融行业更好地服务三农的背景下，神州信息以金融赋能三农，2019年与29家金融机构在“银农直联”业务上达成合作，包括国有大行、股份制银行、农商行等，携手解决涉农金融供需难题，惠及甘肃、山东、江苏等多省。同时，神州信息与银行、保险、农业等各方联合探索的“苹果全产业链金融服务”、“生物资产动态评估抵押”、“数字烟草服务平台”破解农业产业金融服务短缺难题，在更广泛的单品大数据、生物资产、特色农业场景等领域迎来复制推广的机遇。目前，正打造农业农村金融服务整体解决方案，助力金融服务下沉基层，解决农村征信系统缺失、金融基础设施匮乏等问题，助推金融普惠三农。在政务场景金融的细分领域，神州信息基于“税务业务的金融场景创新”，健全银行信贷风险管理机制，落地深圳、湖南、甘肃、海南等多省市，接入25家银行，助力破解中小微企业融资、发展难题。
	场景金融创新在助推金融供给侧改革、扩大普惠金融服务范围、更好地服务实体经济方面发挥着积极作用。神州信息的场景金融创新，向银行展示了其在科技、数据、场景、实践等方面的优势和强互补性，将会吸引更多金融机构的关注，迎来更广阔的市场机遇。
【编辑:李季】
</body></doc>