<doc><id>11</id><url>http://www.chinanews.com/dwq/2024/05-29/10225384.shtml</url><title>港大科研团队利用辅助机械臂进行脊椎手术 创香港先河</title><datetime>2024-5-29 21:00:00</datetime><body>	中新社香港5月29日电(记者韩星童)香港大学(港大)医学院29日召开记者会公布，临床医学学院矫形及创伤外科学系的科研团队，在脊椎手术上取得突破性发展，率先利用辅助机械臂进行手术，为香港首次使用这项先进技术作为治疗方法。
	自2023年10月起，团队已成功使用辅助机械臂为20名患者进行脊椎手术，由港大医学院临床医学学院矫形及创伤外科学系脊柱外科专家、玛丽医院和大口环根德公爵夫人儿童医院团队共同进行。
	研究团队表示，在脊椎手术中使用辅助机械臂技术可以大幅提升手术的精准度、安全性和微创技术，从而改善患者的治疗效果，减少并发症风险，并提高修复成功率。
	港大医学院临床医学学院矫形及创伤外科学系临床副教授兼脊柱外科部门主任关日康表示，这项创新技术于去年10月引入香港公立医院，为本地患者提供先进的治疗选择。这项技术赋予外科医生在进行复杂的脊椎手术时，能为患者提供最佳的治疗成效。
	港大医学院临床医学学院矫形及创伤外科学系系主任钟培言表示，海外已有实证和经验表明机械辅助脊椎手术的好处，香港公立医院引入这项崭新技术，标志着香港在脊椎外科领域取得重大进展。(完)【编辑:刘阳禾】
</body></doc>