<doc><id>1100</id><url>http://www.chinanews.com/gj/2020/04-01/9144225.shtml</url><title>新西兰新增47例新冠肺炎确诊病例 将大幅加强检测力度 </title><datetime>2020-4-1 14:26:00</datetime><body>	新华社惠灵顿4月1日电(记者郭磊卢怀谦)新西兰卫生部4月1日公布，过去24小时新增47例新冠肺炎确诊病例和14例疑似病例，累计确诊病例和疑似病例总数达到708例，累计治愈82例，无新增死亡病例。
	当天，卫生部还公布了新的核酸检测标准，比之前大幅放宽。根据新标准，不论是否有海外旅行史或确诊患者接触史，只要出现类似新冠肺炎的呼吸道疾病症状，就可进行新冠肺炎核酸检测。
	卫生部介绍说，过去7天新西兰日均核酸检测量为1843次，目前正在进一步增强检测能力，将日均检测量增至4000次以上。
	新西兰总理阿德恩随后表示，强力的“封城”措施必须继续，强力的检测手段也需跟上。她说，直到政府确定病毒的社区传播已经完全可控，才可能考虑逐步解除“封城”。

【编辑:郭泽华】
</body></doc>