<doc><id>1105</id><url>http://www.chinanews.com/cj/2020/04-01/9144197.shtml</url><title>菜鸟紧急开通杭州至吉隆坡货运航线 保跨境物流不断航</title><datetime>2020-4-1 14:22:00</datetime><body>	中新网杭州4月1日电(记者胡亦心)3月31日，菜鸟国际包机航线(杭州—吉隆坡)正式首航，上万中国商家发出的包裹以及中国捐赠的救援物资，经这条国际干线直达东南亚。
	杭州萧山国际机场航空物流公司总经理陶立新表示，这是浙江首条到吉隆坡的货运航线，实现了eWTP(世界电子贸易平台)杭州枢纽和吉隆坡枢纽直连，将进一步助力浙江和东南亚的商贸往来。
	菜鸟国际天猫海外物流事业部负责人杨海明介绍，菜鸟联合机场物流、圆通航空和东捷运开通的这条全新航线，是菜鸟的常态化包机航线，一周运行五班。
	据悉，该线首航搭载了数万个天猫海外商家发往东南亚的包裹，其中以服饰、口罩等生活物资为主。此外，马云公益基金会和阿里巴巴公益基金会捐赠到东南亚的部分医疗物资也同机起飞。借助于这一航线，东南亚商家的商品也将更为便捷的运抵中国国内。
	受疫情影响，客运航班大面积取消，以往通过客机腹舱发出的包裹出现大面积时效延迟，从以往10天送达马来西亚，变成了延迟至少一周才能送达。
	杨海明介绍，为了加速两国之间的外贸往来以及救援物资运输，在多方的努力之下，原本需要两个月的航权审批缩短为一个月，加速了航线的开通。菜鸟也将以往搭乘客机腹舱的包裹，转为搭乘菜鸟货运包机运往东南亚。航班4小时即可抵达马来西亚吉隆坡国际机场菜鸟ehub，借助于eWTP电子报关等数字化能力，包裹最快一天可发至马来西亚全境，物流时效与日常一致。而返程包机，也将为马来西亚商家出口提供更多物流选择。
	据悉，菜鸟三月和四月还将进一步扩大常态化包机，计划启用近200架次包机，打通中外双向物流通道。此外，菜鸟正在联合航司将客运航班改造为货运航班，增加国际航空货运运力。菜鸟已是目前为数不多维持运转的全球物流网络，持续助力全球贸易往来和救援物资运输。
	杭州机场方面也强调，目前正在全力实施“客货并举”发展战略，积极与各方协调，争取增加航班时刻，加大与货运航空公司合作力度，不断织密国际航线网，全力搭建全货机网络通道，为打造立足华东、辐射全国、通达全球的国际门户枢纽机场和全国航空快件中心提供了强有力的支撑。
	当前，杭州机场全货机航线通达亚洲及欧美多个城市，包括俄罗斯新西伯利亚、莫斯科，拉脱维亚里加，比利时列日，美国纽约，菲律宾马尼拉等。(完)
【编辑:叶攀】
</body></doc>