<doc><id>1107</id><url>http://www.chinanews.com/cj/2020/04-01/9144191.shtml</url><title>山西调整“引客入晋”旅行社奖励办法  望尽早激活旅游市场</title><datetime>2020-4-1 14:20:00</datetime><body>	中新网太原4月1日电(刘小红)为最大限度减少疫情对山西省旅游业的冲击，帮助旅行社渡过难关，根据疫情影响和旅游市场情况，山西省文化和旅游厅、山西省财政厅决定对“引客入晋”旅行社奖励办法从接待累积奖、大宗旅游奖、增加新业态奖等方面进行适度调整，通过提高奖励额度以期激活山西旅游市场。
	记者1日从山西省文旅厅获悉，调整后的《“引客入晋”旅行社奖励办法(试行)》在接待累积奖方面，将“旅行社一年累积接待境外游客200人以上的，每人每晚奖励30元”，调整为“旅行社一年累积接待境外游客200人以上的，每人每晚奖励50元”；“旅行社一年累积接待外省过夜游客3000人以上的，每人每晚奖励10元”，调整为“旅行社一年累积接待外省过夜游客3000人以上的，每人每晚奖励15元。”
	在大宗旅游奖方面，将“游客50人以上的境外来晋包机每住一晚奖励0.8万元，每增加50人递增0.8万元；游客50人以上的省外来晋包机每住一晚奖励0.5万元，每增加50人递增0.5万元”调整为“游客50人以上的境外来晋包机每住一晚奖励1万元，每增加25人递增0.5万元；游客50人以上的省外来晋包机每住一晚奖励0.6万元，每增加50人递增0.6万元。”其次，“游客150人以上的境外来晋专列每住一晚奖励2万元，每增加50人递增0.6万元”调整为“游客100人以上的境外来晋专列每住一晚奖励2万元，每增加50人递增0.6万元。”同时，“一次性来晋100人以上的境外旅游团每住一晚奖励1万元，每增加50人递增0.5万元”调整为“一次性来晋50人以上的境外旅游团每住一晚奖励1万元，每增加30人递增0.6万元。”
	关于《“引客入晋”旅行社奖励办法(试行)》予以调整的通知显示，省外入晋大宗旅游团队可计入接待累积奖，每人一次性奖励20元。同时，在增加新业态奖方面，旅行社组织5辆车20人(含)以上入晋过夜自驾车团队，游览2个以上A级收费景区，每人每住一晚奖励50元；旅行社组织或承接省外100人以上来晋过夜会议或会展团队，游览1个以上A级收费景区，每人每住一晚奖励40元；旅行社组织或承接50人以上入晋过夜研学旅游团队，每人每住一晚奖励30元，其他未调整内容按原奖励办法实施。
	据了解，调整后的奖励办法实行期限为2020年1月1日至2020年12月31日。实行期到期后，山西将继续执行《“引客入晋”旅行社奖励办法(试行)》有关规定。(完)
【编辑:叶攀】
</body></doc>