<doc><id>1108</id><url>http://www.chinanews.com/cj/2020/04-01/9144184.shtml</url><title>“轨道上的长三角”推进共建 长三角打造世界级机场群</title><datetime>2020-4-1 14:17:00</datetime><body>	中新网南京4月1日电(记者朱晓颖)1日，江苏省政府在南京召开《＜长江三角洲区域一体化发展规划纲要＞江苏实施方案》(以下简称“《江苏实施方案》”)新闻发布会，记者在会上获知，“轨道上的长三角”正推进共建，长三角正合力打造世界级机场群。
	江苏省交通运输厅副厅长惠先宝表示，《江苏实施方案》提出，共建轨道上的长三角。围绕打通沿海、沿江和省际通道，加快南沿江高铁、沪通铁路一期、连淮扬镇等项目建设，积极推动北沿江、通苏嘉甬、沪通铁路二期、沪苏湖、合新、镇宣、宁宣黄、宁扬宁马、宁淮、盐泰锡常宜、苏锡常快线铁路等规划项目开工建设，加强沿淮、宁杭二通道的规划对接和前期工作。以都市圈同城化通勤为目标，加快建设城际铁路网，推动市域(郊)铁路向周边中小城市延伸，加快南京北站、苏州高铁北站等综合交通枢纽建设，构建高铁、城际、城市地铁一体化多层次的轨道交通网络，率先在都市圈实现公交化客运服务。支持高铁快递、电商快递班列发展。
	在提升区域公路通达能力方面，《江苏实施方案》提出，加快推进宁马、宁合、京沪、沪武等高速公路江苏段改扩建项目，以及溧宁、连宿、宁盐、苏台等高速公路新建项目，形成便捷通达的高速公路网络。完善过江通道建设布局，加快推进常泰、龙潭、苏通第二、崇海、江阴第二、润扬第二以及张皋等过江通道规划建设。滚动实施打通省际待贯通路段专项行动，取消高速公路省界收费站，积极推动提升苏皖等省际公路通达水平。
	《江苏实施方案》提出，合力打造世界级机场群。以国家编制实施长三角民航协同发展战略规划为契机，统筹布局分工明确、功能齐全、联通顺畅的机场体系，大幅增强在长三角世界级机场群体系中的支撑能力。优化提升南京区域航空枢纽功能，重点提升国际运输能力，加快推进南京禄口国际机场T1航站楼改扩建和三期工程前期工作；支持苏南硕放机场建设区域性枢纽机场，加快淮安航空货运枢纽建设；规划建设南通新机场，成为上海国际航空枢纽重要组成部分。完善区域机场协作机制，统筹空域资源利用，加快发展通用航空，促进民航、通用航空融合发展。(完)
【编辑:叶攀】
</body></doc>