<doc><id>111</id><url>http://www.chinanews.com/gj/2024/05-29/10225065.shtml</url><title>黎巴嫩多地遭以色列战机袭击 已致2人死多人伤 </title><datetime>2024-5-29 13:09:00</datetime><body>	中新网5月29日电据巴勒斯坦通讯社报道，当地时间28日晚，以色列再次袭击黎巴嫩南部多个城镇。
	报道称，28日晚，以色列战机对位于黎巴嫩南部的拜特列夫、拉米亚和纳古拉等城镇发动猛烈袭击。
	另据美联社援引黎巴嫩卫生官员报道，当地时间27日，以色列袭击了黎巴嫩南部的宾特朱拜勒镇，造成2人死亡，多人受伤。
	据美联社报道，以色列军方没有就此次袭击发表声明，但表示已将黎巴嫩南部其他地区作为袭击目标。
	报道称，自2023年10月新一轮巴以冲突爆发以来，黎巴嫩真主党经常在边境地区与以色列军队交火。【编辑:于晓】
</body></doc>