<doc><id>1110</id><url>http://www.chinanews.com/cj/2020/04-01/9144182.shtml</url><title>安徽力推“非接触式”服务 网上办税缴费事项范围拓展到273项</title><datetime>2020-4-1 14:14:00</datetime><body>	(抗击新冠肺炎)安徽力推“非接触式”服务网上办税缴费事项范围拓展到273项
	中新网合肥4月1日电(记者吴兰)安徽省税务局总审计师赵弘1日介绍：“大力推广‘非接触式’办税缴费服务，在全国统一185个税费事项实现网上办理的基础上，将‘安徽版'网上办税缴费事项范围拓展到273项。”
	据介绍，当前，安徽省疫情防控形势持续向好，生产生活秩序加快恢复。为进一步释放税费优惠政策效应，更好助力疫情防控、支持复工复产，近期，安徽在全省税务系统部署开展“便民办税春风行动”，从4个方面推出24项、75条便民服务举措，帮助企业共克时艰，助推经济社会持续健康发展。
	据介绍，即日起，安徽启动第29个全国税收宣传月活动，并且打造50天“加长版”，一直持续到5月20日。该省各级税务机关将围绕“减税费优服务助复产促发展”这一主题，进一步加强税费政策宣传解读和操作辅导，以更高要求、更硬标准、更实举措，抓好各项税费优惠政策的落实。
	在帮扶企业纾困解难方面，大力推广“非接触式”办税缴费服务，在全国统一185个税费事项实现网上办理的基础上，将“安徽版”网上办税缴费事项范围拓展到273项。将4月份纳税申报期限由4月20日延长至4月24日，纳税人受疫情影响办理申报仍有困难的，可以申请办理延期申报。
	赵弘介绍，简化办理程序，实行政策落实网格化管理，确保税费该减的减到位、该免的免到位、该降的降到位、该延的延到位、该缓的缓到位、该退的退到位。
	在积极推动企业复工复产方面，发挥税收大数据优势，对上下游衔接不畅的企业，加强税收数据分析，助力企业实现供需对接。优化发票服务，全力保障复工企业发票供应，在全省推行“网上申领、邮寄配送”和自助终端办理等方式领用和代开发票业务。
	在全力服务国家发展战略方面，落实税收支持长三角区域一体化发展的征管和服务措施，制定长三角地区跨区域涉税事项“最多跑一次”清单。进一步健全绿色税制体系，做好水资源税改革试点工作。
	与此同时，大力支持外贸出口，用足用好出口退税工具，允许已放弃退税权的企业选择恢复退税权；将正常出口退税的平均办理时间在2019年10个工作日的基础上再提速30%，压缩到7个工作日，探索推行离境退税便捷支付、“即买即退”等便利化措施。
	在切实优化税收营商环境方面，推行新办企业涉税事项集成办理，实现“一套资料、一窗受理、一次提交、一次办结”。维护纳税人、缴费人合法权益，建立和完善对涉税涉费诉求的多渠道接收、快速转办、限时响应、结果回访、跟踪监督、绩效考评机制。
【编辑:叶攀】
</body></doc>