<doc><id>1111</id><url>http://www.chinanews.com/sh/2020/04-01/9144205.shtml</url><title>从塞罕坝到雄安新区：他用最美的青春见证层林尽染</title><datetime>2020-4-1 14:12:00</datetime><body>	新华社石家庄4月1日电(记者曹国厂高博)春风送暖，草木葱茏。在雄安新区“千年秀林”驿站周边，高挑的旱柳吐出新芽，挺拔的油松郁郁葱葱。“这是雄安新区9号地块一区造林项目，面积1万亩。”项目负责人黄雪晨说。
	2017年11月13日，“千年秀林”工程第一棵树在9号地块植入沃土。如今，登上秀林驿站二层平台远眺，大片丛林一直延伸到视线尽头。目前，新区总造林面积已达31万亩，树种达200多个。
	31岁的黄雪晨对森林充满了感情，2012年从河北农业大学毕业后，一直在塞罕坝机械林场总场千层板林场担任施工员、技术员等。
	2017年4月1日，设立雄安新区的消息传遍大江南北。次年2月，黄雪晨怀揣着梦想，向上级单位递交了参与雄安新区建设的申请。通过面试后，正式加入新区生态建设大军。
	“当时雄安新区刚刚设立，许多年轻人都想参与新区建设。”黄雪晨说，“我报名来雄安新区的时候，全国各地正在学习塞罕坝精神。来到新区后，我发现这里有很多挑战和实现自我价值的机会。”
	塞罕坝位于河北省承德市北部、内蒙古浑善达克沙地南缘。半个多世纪来，三代塞罕坝人用青春、汗水甚至血肉之躯，在茫茫荒原上造林112万亩，筑起为京津阻沙涵水的“绿色长城”，成为生态文明建设范例。2017年12月5日，塞罕坝林场建设者获得2017年联合国“地球卫士奖”。
	“作为第三代塞罕坝人，我想把自己所学的知识和在塞罕坝的工作经历，全部投入到新区建设中。”黄雪晨说，到新区后，他参与了10万亩苗景兼用林、2018年秋季造林、2019年造林等项目。
	生态建设队伍一直冲在新区建设最前线，从建设方案到公开招标，再到施工、验收，生态建设铁军成员都在夙兴夜寐、激情工作。
	黄雪晨说，新区造林质量和进度并重，栽植量最多的时候一天有5000多人在造林施工。
	绿水青山就是金山银山。生态文明建设，是关系中华民族永续发展的根本大计。黄雪晨说，先植绿、后建城，是雄安新区建设的新理念。如今在雄安这片热土上，绿色发展理念深入人心。
	村民们说，随着树木增多，森林里野鸡、野兔、刺猬也多了，就连多年不见的小蜥蜴也出现了。
	“我有幸见证了雄安新区31万亩林地、约1500万株树木拔地而起，用最美的青春见证了层林尽染。”黄雪晨说，按照计划，今年雄安新区计划再植树造林10万亩。
	“忙碌的生活筛选出意志坚定者，大量的工程项目筛选出廉洁奉公者，充实的工作筛选出求真务实者。”黄雪晨说，“我相信，经过新区建设的洗礼，我们将会为祖国建设做出更大贡献。”
【编辑:房家梁】
</body></doc>