<doc><id>1115</id><url>http://www.chinanews.com/sh/2020/04-01/9144177.shtml</url><title>内蒙古报告新增境外输入新冠肺炎确诊病例4例</title><datetime>2020-4-1 14:06:00</datetime><body>	中新网4月1日电据内蒙古自治区卫健委官方微博消息，截至2020年3月31日24时，内蒙古自治区已连续42日无新增本土新冠肺炎确诊病例、无新增本土新冠肺炎疑似病例。2020年3月31日7时至4月1日7时，内蒙古自治区报告新增境外输入新冠肺炎确诊病例4例、无新增疑似病例。
	截至2020年4月1日7时，内蒙古自治区累计报告境外输入新冠肺炎确诊病例36例、疑似病例24例。
	截至2020年3月31日24时，内蒙古自治区无症状感染者1例，现在隔离医学观察中。
	以上患者均在定点医院接受隔离治疗，所有密切接触者均在呼和浩特市定点场所集中隔离医学观察，全程实行闭环管理。
【编辑:李季】
</body></doc>