<doc><id>1118</id><url>http://www.chinanews.com/gn/2020/04-01/9144175.shtml</url><title>武汉新增1例境外输入确诊病例 从北京乘高铁到武汉</title><datetime>2020-4-1 14:04:00</datetime><body>	中新网4月1日电据武汉市卫健委网站消息，3月31日0时至24时，武汉市新增确诊病例1例(其中境外输入1例)。新增出院病例173例，新增死亡病例5例，新增疑似病例0例。
	确诊病例为境外输入性病例。患者周某某，男，16岁，户籍武汉市蔡甸区，在英国留学。3月21日从英国纽卡斯尔机场出发，经迪拜机场转机于3月22日抵达北京首都机场，经过体温检测和相关手续后，湖北接待方安排单人单间住宿，3月23日安排在北京西站乘坐高铁G505，当晚20:56到达武汉站，蔡甸区随即安排在隔离点隔离观察。3月28日，患者核酸检测结果阳性，遂转入蔡甸区人民医院妇幼院区进一步检查，同日转至市肺科医院，并以无症状感染者上报。3月31日，结合患者临床症状、实验室检测和影像学检查结果等，订正为确诊病例，临床分型为普通型。
	截至2020年3月31日24时，武汉全市累计报告确诊病例50007例。其中(大疫情网按现住址统计)：江岸区6549例、江汉区5183例、硚口区6834例、汉阳区4670例、武昌区7458例、青山区2782例、洪山区4679例、东西湖区2462例、蔡甸区1417例、江夏区848例、黄陂区2114例、新洲区1072例、武汉开发区(汉南)1085例、东湖开发区2148例、东湖风景区480例、外地226例。全市累计治愈出院46175人，累计死亡2553人，全市现有确诊病例1279人(重症310人、危重症122人)，现有疑似病例0例。
	3月31日0-24时，武汉全市发热门诊接诊327人次，较前日增加49人，其中首诊220人。3月31日当日，全市核酸检测13297人。

【编辑:房家梁】
</body></doc>