<doc><id>1120</id><url>http://www.chinanews.com/gn/2020/04-01/9144198.shtml</url><title>福建新增境外输入确诊病例2例、无症状感染者1例</title><datetime>2020-4-1 14:01:00</datetime><body>	中新网4月1日电据福建卫健委网站消息，3月31日0—24时，福建省报告新增境外输入确诊病例2例，其中：日本输入1例(福州市报告)；菲律宾输入1例(漳州市报告)。当日报告新增境外输入疑似病例0例。当日报告新增境外输入无症状感染者1例，为菲律宾输入(泉州市报告)。
	截至3月31日24时，福建省累计报告境外输入确诊病例49例(已治愈出院病例2例、目前住院病例47例，无死亡病例)；现有报告境外输入疑似病例1例；现有境外输入无症状感染者尚在接受集中隔离医学观察14例。
	3月31日0—24时，福建省报告新增本地确诊病例0例。当日报告新增本地疑似病例0例。当日报告新增省外输入无症状感染者1例(泉州市报告)。
	截至3月31日24时，福建省累计报告本地确诊病例296例(已治愈出院病例295例、目前住院病例0例、死亡病例1例)，其中：福州市72例、厦门市35例、漳州市20例、泉州市47例、三明市14例、莆田市56例、南平市20例、龙岩市6例、宁德市26例；现有报告本地疑似病例0例；现有省外输入无症状感染者尚在接受集中隔离医学观察2例。
	目前密切接触者已解除医学观察11375人，尚有1940人正在接受医学观察。
【编辑:张楷欣】
</body></doc>