<doc><id>1121</id><url>http://www.chinanews.com/sh/2020/04-01/9144159.shtml</url><title>长三角推进疫情联防联控 建多项协同机制应对</title><datetime>2020-4-1 14:00:00</datetime><body>	中新网南京4月1日电(记者朱晓颖)江苏省发展和改革委员会副主任徐光辉1日在南京表示，今年新冠肺炎疫情发生以来，长三角充分发挥一体化发展的协同优势，统筹推进疫情联防联控和经济社会发展，先后建立了多项协同机制共同应对。
	1日，江苏省政府召开《&lt;长江三角洲区域一体化发展规划纲要&gt;江苏实施方案》新闻发布会。徐光辉在答记者问环节作出上述介绍。
	徐光辉表示，新冠肺炎疫情发生以来，长三角建立了确诊和疑似病例密切接触者信息互通(包括及时通报境外输入型风险防控信息)、健康观察解除告知单互认、重大防疫管控举措相互通报和省际协调事项交办制度、重要防疫物资互济互帮、供应保障和恢复生产人员物资通行便利、医疗诊治方案共享和危重病人会诊、应对长三角公共安全事件和应急管理等7项协同机制，以及长三角健康码互认通用、产业链复工复产协同互助、企业复工复产复市就业招工协调合作、跨区域交通等基础设施加快落地协同会商、区域经济政策协调通报等5项协同机制，“一体化”的显著效应加快释放，为长三角夺取疫情防控和经济发展“双胜利”提供了有力保障。
	其中，江苏省相继出台实施了推动经济循环畅通和稳定持续发展50条政策及服务指南152项办理事项、支持中小企业22条政策、稳外贸稳外资22条政策，得到了社会各界的充分肯定。
	江苏省人力资源和社会保障厅副厅长张宏伟介绍说，在疫情防控期间，江苏落实签《长三角地区实施企业复工复产复市就业招工协调合作机制工作方案》，建立并实施对口联络、信息对接、返岗输送、后续管理、数据共享等5项工作机制，加快推动农民工等人员安全有序返岗就业，有效保障企业复工复产。
	徐光辉表示，下一步，江苏将致力长三角一体化发展，进一步深化长三角疫情联防联控和经济社会发展工作协同机制落地落实，积极主动为长三角地区全面打赢疫情防控阻击战、加快推动经济社会发展多挑担子、多作贡献，推动江苏走在长三角更高质量一体化发展前列。(完)
【编辑:房家梁】
</body></doc>