<doc><id>1122</id><url>http://www.chinanews.com/gn/2020/04-01/9144160.shtml</url><title>衡晓帆任内蒙古自治区副主席</title><datetime>2020-4-1 13:59:00</datetime><body>	中新网呼和浩特4月1日电(记者李爱平)1日，内蒙古自治区第十三届人民代表大会常务委员会第十九次会议举行第二次全体会议举行，表决通过《内蒙古自治区人民代表大会常务委员会决定任职名单》，决定任命衡晓帆为内蒙古自治区副主席。
	内蒙古第十三届人民代表大会常务委员会第十九次会议决定任命：武国瑞、毕力夫为内蒙古第十三届人民代表大会法制委员会副主任委员；张国忠为内蒙古第十三届人民代表大会财政经济委员会副主任委员；高艳为内蒙古第十三届人民代表大会财政经济委员会委员；张平江为内蒙古第十三届人民代表大会教育科学文化卫生委员会副主任委员；邓月楼为内蒙古第十三届人民代表大会社会建设委员会副主任委员。
	在此次会议上，内蒙古人民代表大会常务委员会决定任命：陈洁为内蒙古民政厅厅长；郝泽军为内蒙古司法厅厅长；郑东波为内蒙古文化和旅游厅厅长；贺伟华为内蒙古退役军人事务厅厅长。
	此外，内蒙古人民代表大会常务委员会决定任命包波为内蒙古监察委员会副主任；张立华为内蒙古兴安盟监察委员会主任；李生忱为内蒙古高级人民法院副院长、审判委员会委员、审判员；王伟为内蒙古高级人民法院副院长；那澜为内蒙古高级人民法院副院长、审判委员会委员、审判员；王丽英为内蒙古阿拉善盟中级人民法院院长。(完)
【编辑:叶攀】
</body></doc>