<doc><id>1126</id><url>http://www.chinanews.com/sh/2020/04-01/9144148.shtml</url><title>四川西昌森林火灾3名负伤队员分别为特重度、重度、轻度烧伤</title><datetime>2020-4-1 13:35:00</datetime><body>	四川西昌森林火灾3名负伤扑火队员分别为特重度、重度、轻度烧伤
	中新网西昌4月1日电(王鹏刘忠俊陈选斌)记者4月1日从四川省凉山州西昌市委宣传部获悉，四川省人民医院烧伤科专家于3月31日对西昌森林火灾中负伤的三名扑火队员进行了会诊。3人分别为特重度、重度、轻度烧伤。
	3月30日19时30分，凉山州宁南县宁远镇专业扑火队接到宁南县林草局前往西昌市支援命令，于当日20时20分，由该专业扑火队正在值守备勤的一班、五班共计21人从宁南县出发驰援西昌泸山火场，于22时40分到达火场所在地西昌市经久乡蔡家沟水库，于23时10分在当地一名向导带领下从蔡家沟水库上山前往集结地进行扑火作业。
	队伍于31日凌晨1时20分突遇风向突变，现场情况复杂，致18名扑火队员和1名向导牺牲，3名扑火队员负伤。
	据悉，陈科金、陈友冲、岳仕明3名负伤的扑火队员随即被送往西昌市卫星发射中心医院烧伤科进行救治。随后，四川省人民医院烧伤科专家进行现场会诊。
	经诊断，陈科金全身烧伤面积50%，为特重度烧伤；陈友冲全身烧伤面积30%，为重度烧伤；岳仕明全身烧伤面积2%，为轻度烧伤。目前3人生命体征稳定。(完)
【编辑:梁静】
</body></doc>