<doc><id>1127</id><url>http://www.chinanews.com/gn/2020/04-01/9144141.shtml</url><title>2020年新疆兵团拟招募“三支一扶”高校毕业生800名</title><datetime>2020-4-1 13:34:00</datetime><body>	今起报名2020年新疆兵团拟招募“三支一扶”高校毕业生800名
	中新网乌鲁木齐4月1日电(戚亚平李建军)记者1日从新疆生产建设兵团人力资源和社会保障局获悉，4月1日起，新疆兵团2020年高校毕业生“三支一扶”计划招募网上报名工作正式开始，共计划选拔招募800名高校毕业生，到基层团场从事“三支一扶”服务工作。
	2020年新疆兵团“三支一扶”计划招募对象为全日制普通高等院校2018-2020年毕业生，主要派遣到南疆(新疆南部)和边境师市所属团场的教育、农业、医疗、扶贫、水利、就业和社会保障等领域从事“三支一扶”服务工作。服务期限为2年，上岗时间从岗前培训之日算起。
	此次选拔招募主要采用线上方式，4月1日-4月30日，通过新疆兵团基层服务项目报名系统报名，免收报名费。报名者对本人所提交信息的真实性负责，所填信息不真实的，一经查实，即取消资格。各师市“三支一扶”办在报名期间按照招募条件进行资格初审(毕业时间、年龄、学历、专业等)。报名者可在资格初审时间内登录报名系统查询资格初审结果，通过则不能改报，未通过者可以改报其他符合条件岗位。线上测试、体检、岗前培训等事宜待资格初审完成后在报名系统公布。
	在岗服务的“三支一扶”人员可享受工作生活补贴、社会保险、一次性安家费补贴(3000元)、免费住宿、报销初次来疆交通费(不含机票、火车软卧)和体检费(200元/人)等政策。服务期满后可享受定向招录机关公务员、专项招聘事业单位工作人员，特岗教师定向招聘，推荐选任连队“两委”委员，以及继续学习深造、医师资格考试、工龄计算等优待政策。
	据悉，在岗服务的“三支一扶”人员工作生活补贴标准，依据所在团场机关从高校毕业生中新录用公务员试用期满后的工资收入水平统一确定(年补贴约6万元至10万元)。在此基础上，对“双一流”高校(石河子大学和塔里木大学参照执行)毕业生每月增加100元工作生活补贴。(完)
【编辑:梁静】
</body></doc>