<doc><id>1128</id><url>http://www.chinanews.com/cj/2020/04-01/9144150.shtml</url><title>综述：国际油价腰斩给行业带来严峻挑战</title><datetime>2020-4-1 13:34:00</datetime><body>	新华社伦敦3月31日电综述：国际油价腰斩给行业带来严峻挑战
	新华社记者王慧慧
	过去一个月，国际油价腰斩。新冠肺炎疫情显著冲击原油需求，主要产油国联合减产方案未能如期达成，沙特阿拉伯发动价格战。在此背景下，国际原油市场承受着供需双重压力。专家预计，未来全球石油需求将持续下滑，低油价短期内难以扭转，石油行业面临严峻挑战。
	自3月开始，为控制疫情，多国采取禁足措施，鼓励民众居家办公、减少出行，大量航空公司因客流下降削减航班甚至全部停飞，航空燃油和汽车用油需求骤降。另一方面，石油输出国组织(欧佩克)未能与俄罗斯就3月底之后原油限产达成新的协议，世界头号石油出口国沙特阿拉伯宣布将增产降价，市场供需失衡加剧，国际油价出现恐慌性暴跌。与月初40至50美元每桶的价格相比，目前国际油价累计跌幅已超过50%。
	英国《金融时报》报道说，全球石油行业正面临史上最大幅度需求下滑，由于多国采取社交隔离措施，交易商和分析师预计4月原油消费将大幅减少，石油供应过剩可能在几周内就会使全球石油储存设施不堪重负。
	据吕斯塔德能源公司分析，如果主要产油国从4月开始增产，全球将陷入每天石油供给比需求多1000万桶的境地，而全球76%的石油储存设施已经饱和，未来几个月内难以接收更多石油产品。
	分析人士认为，此轮油价下跌或将改变油企布局和力量对比。一些大型石油公司已宣布削减运营成本，石油巨头壳牌和道达尔明确表示今年资本支出将下调20%。一些石油公司或面临破产，但也会有一些公司在危机中发现新投资机会。英国近海石油和天然气工业协会认为，企业往往视油价变化决定投资与否，现在推迟的投资可能造成未来几年石油产量下降。
	吕斯塔德能源公司的报告显示，目前全球有超过500万人受雇于油田服务业，仅今年一年，这一行业劳动力规模就将缩减21%，其中13%是油价下跌所致，8%与企业担心疫情在工地蔓延从而放慢项目开发速度有关。
	那么，未来油价走势如何？新华财经分析师周玉然认为，全球疫情仍然严峻，石油需求将锐减。随着之前的减产协议3月底到期，沙特和俄罗斯等产油国将开启增产模式，价格战也未见缓和，短期内国际油价依然承压，难见明显反弹。
【编辑:黄钰涵】
</body></doc>