<doc><id>113</id><url>http://www.chinanews.com/cj/2024/05-29/10225060.shtml</url><title>IMF上调今年中国经济增长预期至5%</title><datetime>2024-5-29 13:00:00</datetime><body>	中新社北京5月29日电(记者王恩博)国际货币基金组织(IMF)29日宣布上调2024年中国经济增长预期至5.0%。IMF称，这是因为一季度中国国内生产总值(GDP)增长强劲，且近期官方采取了有关政策措施。
	IMF第一副总裁吉塔·戈皮纳特表示，中国过去几十年的经济发展令人瞩目，这得益于市场化改革、贸易开放以及与全球供应链的融合。当前中国将工作重心放在实现高质量经济增长，措施包括支持创新(特别是绿色和高科技领域创新)，提升金融部门监管，以及出台政策化解房地产行业和地方政府风险。更全面、更平衡的政策措施有助于中国应对经济面临的不利因素。
	吉塔·戈皮纳特强调，中国的经济增长仍将保持韧性，2024年增速预计为5%，与4月IMF《世界经济展望》的预测相比上调了0.4个百分点。她提到，中国已实施多项值得欢迎的措施引导房地产市场转型，包括最近宣布采取政策为保障性住房提供贷款支持。更全面的一揽子政策将促进行业实现高效转型并降低转型成本，同时防范下行风险。
	吉塔·戈皮纳特还指出，中国在支持低收入和脆弱国家债务重组、推动绿色转型方面发挥着重要、建设性的作用。IMF期待在这方面继续与中国开展合作。
	仲量联行大中华区首席经济学家庞溟向中新社记者表示，伴随前期各项宏观调控政策落地见效，短期周期性、中期结构性和长期趋势性积极因素共同发挥作用，IMF等主要机构陆续调升对中国经济增长前景的预期，目前其对今年中国经济增长预期大致在5%左右。中国经济增长在世界主要经济体中领先、为世界经济企稳回升作出的贡献领先、政策优化调整的时度效领先，就这几点而言，各方看法已形成一致。(完)【编辑:唐炜妮】
</body></doc>