<doc><id>1131</id><url>http://www.chinanews.com/gn/2020/04-01/9144145.shtml</url><title>湖北新增境外输入确诊病例1例 新增无症状感染者47例</title><datetime>2020-4-1 13:29:00</datetime><body>	中新网4月1日电据湖北卫健委网站消息，2020年3月31日0—24时，湖北省新增新冠肺炎确诊病例1例，为武汉市境外输入病例(由无症状感染者转为确诊病例)。
	湖北省新增病亡6例，其中：武汉市5例、荆门市1例，其他15个市州均为0例。
	湖北省新增出院173例，其中：武汉市173例，其他16个市州均为0例。
	截至2020年3月31日24时，湖北省累计报告新冠肺炎确诊病例67802例，其中：武汉市50007例、孝感市3518例、黄冈市2907例、荆州市1580例、鄂州市1394例、随州市1307例、襄阳市1175例、黄石市1015例、宜昌市931例、荆门市928例、咸宁市836例、十堰市672例、仙桃市575例、天门市496例、恩施州252例、潜江市198例、神农架林区11例。
	湖北省累计治愈出院63326例，其中：武汉市46175例、孝感市3389例、黄冈市2782例、荆州市1528例、鄂州市1335例、随州市1262例、襄阳市1135例、黄石市976例、宜昌市894例、荆门市887例、咸宁市821例、十堰市664例、仙桃市552例、天门市481例、恩施州245例、潜江市189例、神农架林区11例。
	湖北省累计病亡3193例，其中：武汉市2553例、孝感市128例、黄冈市125例、鄂州市59例、荆州市52例、随州市45例、荆门市41例、黄石市39例、襄阳市39例、宜昌市36例、仙桃市22例、咸宁市15例、天门市15例、潜江市9例、十堰市8例、恩施州7例、神农架林区0例。
	目前仍在院治疗1283例，其中：重症311例、危重症124例，均在定点医疗机构接受隔离治疗。现有疑似病例数为0，当日新增数为0，当日排除0人，集中隔离人数为0。累计追踪密切接触者278179人，尚在接受医学观察1230人。
	湖北省新增无症状感染者47例，当日转确诊1例(为境外输入病例)，解除隔离289例，尚在医学观察无症状感染者982例。
【编辑:张楷欣】
</body></doc>