<doc><id>1132</id><url>http://www.chinanews.com/sh/2020/04-01/9144130.shtml</url><title>海南接受医学观察的无症状感染者4例 均为境外输入</title><datetime>2020-4-1 13:27:00</datetime><body>	中新网海口4月1日电(记者张茜翼)记者从海南省新冠肺炎疫情防控指挥部1日召开的新闻发布会获悉，截至4月1日10时，海南省报告接受医学观察的无症状感染者为4例，全部为境外输入。
	海南省疾控中心主任廖志武称，无症状感染者原则上严格按照确诊病例的管控要求，先在定点医院集中隔离满14天且连续两次核酸检测阴性(采样时间至少间隔24小时)，或者若期满检测阳性须继续在定点医院隔离，直至连续两次检测阴性(采样时间至少间隔24小时)，然后再转至集中隔离酒店继续观察14天，期满进行一次核酸检测，若阴性可解除隔离。隔离医学观察期间如出现临床表现，应及时转归为确诊病例，进行规范治疗。
	海南多措并举防范境外疫情输入。3月18日至3月31日，过去14天海南全口岸累计入琼境外人员2697人，实际留琼2556人。海南省疫情防控指挥部社会管理组组长穆克瑞介绍，近期海南将强化口岸防控闭环管理、大数据全量全流程助力疫情防控，对入境后人员继续跟踪排查比对，及时查找可能漏管对象，守住防控最后一道防线。
	穆克瑞称，海南坚决依法严厉打击故意隐瞒境外旅居史的情况。3月25日，经大数据比对分析，海南排查发现5名文昌、儋州隐瞒境外旅居史的来琼人员，公安机关将其全部予以行政拘留。3月28日，公安机关又在陵水集中隔离点抓获1名有境外旅居史的在逃人员。(完)

【编辑:梁静】
</body></doc>