<doc><id>1133</id><url>http://www.chinanews.com/sh/2020/04-01/9144139.shtml</url><title>车轮印记 丈量雄安</title><datetime>2020-4-1 13:27:00</datetime><body>	[音画坊]车轮印记丈量雄安
	雄安规划，志在千年
	从2017年4月1日起步
	从规划编制到大规模实质性建设
	三年来
	白洋淀焕发新颜
	千年秀林徐徐铺就
	科技逐渐融入人们的生活
	智慧雄安的模样初步显现
	医院、学校对口帮扶
	高新企业纷纷入驻
	行政审批流程更简、效率更高
	北京非首都功能疏解有序推进
	……
	回望过去
	每一个坚实的脚步
	都书写着奋斗者的精彩答卷
	放眼千年
	在新时代的浩荡春风里
	雄安
	越走，道路越清晰
	越走，步伐越坚定
	监制：刘晓超安传香
	策划：翟晓敏李洁琼邢玉伟
	文案：徐可杨丹宇孙文娟张倩
	制作：张文泽任之初
	新华网评论室新华网河北频道联合出品
【编辑:李霈韵】
</body></doc>