<doc><id>1134</id><url>http://www.chinanews.com/sh/2020/04-01/9144127.shtml</url><title>广西保持“零新增” 现有密切接触者172人接受医学观察</title><datetime>2020-4-1 13:27:00</datetime><body>	(抗击新冠肺炎)广西保持“零新增”现有密切接触者172人接受医学观察
	中新网南宁4月1日电(记者黄艳梅)广西壮族自治区卫生健康委员会1日通报，3月31日0至24时，广西无新增确诊、疑似病例，无新增死亡病例。本日无新增境外输入确诊病例。
	根据通报，广西累计报告确诊病例254例，其中2例境外输入确诊病例现在定点医院隔离治疗，治愈出院250例，死亡2例。广西现有密切接触者172人，均在集中隔离医学观察中。
	3月31日，广西最后两批(第五批、第七批)援湖北省抗疫医疗队276名队员圆满完成支援湖北抗疫救治任务，乘机从武汉平安返回家乡。截至目前，除26名疾控人员继续坚守在湖北一线开展疾病防控工作外，其余广西援湖北省抗疫医疗队员已全部返回。
	新冠肺炎疫情发生以来，广西分8批向湖北派出医疗队队员，共计962人，他们先后分配在湖北省武汉市黄陂区中医院、方舱医院和十堰市等26家医疗机构，开展新冠肺炎疫情防控的相关医疗支援工作。随着疫情防控形势逐步转好，完成救助任务的支援湖北医疗队从3月17日开始有序撤回。(完)
【编辑:房家梁】
</body></doc>