<doc><id>1135</id><url>http://www.chinanews.com/cj/2020/04-01/9144129.shtml</url><title>安徽稳外贸及时退税 已累计办理出口退（免）税60.13亿元</title><datetime>2020-4-1 13:26:00</datetime><body>	(抗击新冠肺炎)安徽稳外贸及时退税已累计办理出口退(免)税60.13亿元
	中新网合肥4月1日电(记者吴兰)记者1日从安徽省政府新闻办举行的新闻发布会上获悉，为最大限度减轻新冠肺炎疫情造成的冲击，安徽采取多举措稳定外贸基本盘。截至3月底，安徽全省税务部门已累计办理出口退(免)税60.13亿元。
	在及时兑现退税政策方面，3月20日起国家提高部分产品出口退税率，除“两高一资”产品(即高耗能、高污染和资源性产品)外，所有出口产品实现及时足额退税，安徽省化工、钢铁和农产品等行业628项出口产品将全面受益。预计全年安徽省出口企业可多获得出口退(免)税约4.4亿元。
	在持续加快退税进度方面，进一步提速退税时间，将正常退税业务的平均办理时间在2019年已压缩至10个工作日的基础上，再提速30%，压缩到7个工作日。推行出口退税业务限期办结制度，全力做到“快报、快审、快退”。截至3月底，安徽省税务部门已累计办理出口退(免)税60.13亿元，一定程度缓解了出口企业资金压力。
	在不断优化退税方式方面，大力推行出口退税服务便利化改革，实现全部出口退税事项“预约办理”“网上办理”“容缺办理”。疫情防控期间，安徽省所有出口企业都可以网上申报出口退税，同时提供多渠道网上办税途径，企业可以通过出口退税综合服务平台、标准版国际贸易“单一窗口”等办税系统办理备案、申报、开具证明等事项。
【编辑:梁静】
</body></doc>