<doc><id>1136</id><url>http://www.chinanews.com/sh/2020/04-01/9144136.shtml</url><title>新华网评·“疫”中人｜另一条战线</title><datetime>2020-4-1 13:25:00</datetime><body>	“众志成城防控疫情”系列网评之202：
	病毒“摸底”、药物和疫苗研发、防控策略优化……在抗击疫情的另一条战线上，千千万万科技工作者勇担重任、尽锐出战，与病魔展开了较量。
	他们当中，有人没日没夜做实验、“恨不得一天干满24小时”，有人从大年初一马不停蹄干到现在，有人把试验方式由“串联”改为“并联”、以各种方式按下“快进键”……只争朝夕、拼搏奉献，为的就是保障人民的生命安全和身体健康。
	人类同疾病较量最有力的武器就是科学技术，人类战胜大灾大疫离不开科学发展和技术创新。向广大科技工作者致敬！他们争分夺秒的攻关，让我们的战“疫”更有底气！(文：徐可）

【编辑:黄钰涵】
</body></doc>