<doc><id>1137</id><url>http://www.chinanews.com/sh/2020/04-01/9144123.shtml</url><title>海外网评：社会各界踊跃支援全球抗疫，传递中国暖意</title><datetime>2020-4-1 13:18:00</datetime><body>	摘要：在共同挑战面前，人类休戚与共，团结一致，才能早日战胜新冠肺炎疫情。
	华为公司向美国纽约捐赠N95口罩、防护服等抗疫物资；马云公益基金会和阿里巴巴公益基金会向非洲多个国家捐赠抗疫物资；柬埔寨中国商会设立抗疫基金帮助当地共同抗疫；上海交通大学医学院的数十名学生和校友组建了志愿者团队，将中国抗疫经验翻译传递到全球多个国家；中国留学生吴芃坚持每天发布英国疫情趋势图，呼吁当地民众重视疫情……近日，随着新冠肺炎疫情在全球持续扩散蔓延，中国社会各界积极行动，支援世界各地抗疫，向世界传递来自中国的浓浓暖意。
	病毒没有国界,不区分种族肤色和财富，抗击疫情是人类面对的共同挑战。当疫情在中国肆虐时，国际社会纷纷向中国捐赠防疫物资。来自不同国家、拥有不同肤色、说着不同语言的人们不断向中国送来祝福，支持中国为抗击新冠肺炎疫情付出的巨大努力，为中国加油，为武汉打气。如今，世界各国遭受疫情侵袭，中国社会各界通过不同方式，支援国际社会尤其是疫情较重的国家抗击疫情，展现的不仅是中国人民投桃报李的传统美德，也是中国携手各国抗疫的生动写照。
	随着中国和世界的联系日益紧密，中国人展现出越来越宽广的全球视野和世界胸怀。从中国企业的“买全球”“卖全球”，到商业、科研、环保等各类组织与全球开展跨境交流合作；从中国留学生到世界各地学习深造，到越来越多中国游客走出国门游览世界……中国人在全球化的浪潮中，和世界各国人民更加密切地交往互动。
	在印度洋海啸、日本福岛地震、非洲埃博拉疫情等灾难中，中国社会各界也积极支援，送去力所能及的帮助。如今，面对疫情在全球多点暴发的严峻形势，中国人民对其他国家遭遇的疫情感同身受。在塞尔维亚驻华大使馆微博下，中国网民纷纷留言“催促”开通捐款渠道；在意大利，华人华侨向当地人捐赠爱心包裹；在日本，中国企业和民间组织驰援口罩等防疫物资；伊朗驻华大使馆公布捐赠渠道24小时，就收到来自中国网友的数百万元捐款……
	“道不远人，人无异国”。在共同挑战面前，人类休戚与共，团结一致，才能早日战胜新冠肺炎疫情。相信通过此次疫情，世界将更加深刻体会到中国人的可亲，中国社会的善意。(海外网评论员孟庆川）
【编辑:黄钰涵】
</body></doc>