<doc><id>114</id><url>http://www.chinanews.com/cj/2024/05-29/10225058.shtml</url><title>沙特20亿美元投资联想 新建技术制造基地</title><datetime>2024-5-29 12:38:00</datetime><body>	中新社北京5月29日电(记者刘育英)联想集团29日宣布获得沙特主权财富基金20亿美元投资，并将在沙特首都利雅得新建中东和非洲市场地区总部，在该国新建个人电脑与服务器制造基地。这项合作将强化联想全球制造业的多元化布局。
	据悉，联想集团与沙特阿拉伯公共投资基金旗下专注变革性科技投资和可持续制造的公司Alat埃耐特达成战略合作框架协议和债券认购协议。
	此次战略合作及提议的20亿美元无息可换股债券投资将为联想集团落实其既定战略提供更大的财务灵活性，并进一步推动其向解决方案和服务提供商转型。此项债券须满足股东批准以及监管部门批准等条件。
	战略合作还包括联想集团在沙特阿拉伯首都利雅得新建中东和非洲市场地区总部，并在该国新建个人电脑与服务器制造基地。联想集团称，在其全球制造业布局基础上增设这一新的制造基地，将增强其全球供应链的韧性和灵活性，同时为中东和非洲地区的客户提供更为敏捷的服务。
	联想集团董事长兼首席执行官杨元庆表示，联想集团计划在沙特新建的技术与制造基地，将助力该地区发展成为未来的创新中心，而Alat埃耐特将受益于此。
	Alat埃耐特于2024年2月1日成立，它将在沙特建立一个专注于先进工业和电子产品行业的全球可持续技术制造中心。(完)【编辑:于晓】
</body></doc>