<doc><id>1141</id><url>http://www.chinanews.com/sh/2020/04-01/9144117.shtml</url><title>海报时评：医保暖心贴心，扼住因病返贫的咽喉</title><datetime>2020-4-1 13:11:00</datetime><body>	【地评线】海报时评：医保暖心贴心，扼住因病返贫的咽喉
	海报评论员朱延鲁
	3月30日，国家医保局发布了《2019年医疗保障事业发展统计快报》。我们从这份“成绩单”中可以看到：截至2019年底，农村建档立卡贫困人口参保率达到99.9%以上。医保扶贫综合保障政策惠及贫困人口2亿人次，帮助418万因病致贫人口精准脱贫。
	因病致贫、因病返贫是导致贫困的重要原因之一。从之前的工作实践来看，贫困尤其是深度贫困常常与疾病相关联。眼下，脱贫攻坚已经到了“决战”阶段，剩下的都是最难啃的“硬骨头”。不论是因病致贫还是因病返贫，当前不遗余力织密医疗保障网，让贫困群众无病之忧，既能对脱贫战贫起到助推作用，也能够为维护脱贫成果提供有效保障。
	织密医疗保障网，首先要做好“广”字文章。从国家层面来看，基本医疗保险覆盖人口越多，统筹的保险资金池越大，医疗保险体系越稳定，对于大病、重病的支付能力也会增强，也就意味着对脱贫攻坚的推动力越大。从个人来讲，疾病具有不确定性，个人或者家庭对于大病、重病风险的抵御能力有限，强有力的医疗保障能够有效避免老百姓在患病时出现“因病致贫、因病返贫”的现象。因此，基本医疗保险覆盖率越高、覆盖范围越广，就能为越多个人或家庭减轻疾病负担。一个个小家连在一起就是大的国家，每个人都解决了“因病致贫、因病返贫”的难题，国家脱贫攻坚也就会胜利在望。另外，基本医疗保险也是一种国家福利，增加覆盖率还能增强社会稳定性和凝聚力。
	织密医疗保障网，还需要做好“精”字文章。精准之处，最见真功夫。决战决胜脱贫攻坚，啃下“硬骨头”，拿下“硬任务”，精准扶贫是关键。防止“因病致贫”、杜绝“因病返贫”，医疗保障应当根据贫困人口实际情况推行“一人一方，一户一策”的脱贫举措，具体到病种、细化到方案，针对深度贫困、特殊情况，“开绿灯”“踩油门”，特事特办，让医疗保障对贫困人口的脱贫摘帽真正起到“拉一把，扶上马”的作用。另外，做好医疗保障助力脱贫攻坚的“精”字文章，还需让医保走到疾病前面，针对地方病、职业病等特定高发病种，应当因地制宜，在基本医疗保险的基础上，完善好地方病、职业病的保障措施，最大限度降低“因病致贫、因病返贫”。
	基本医疗保障作为“两不愁三保障”的重要组成部分，关系脱贫攻坚的进度，检验脱贫攻坚的质量。“2019全国医保成绩单”用数据说话，不管是在全民健康保障还是助力精准脱贫上，都为今年决战决胜脱贫攻坚增强了信心、鼓舞了士气。我们期待着“医保”在脱贫攻坚战中百尺竿头，更进一步。
【编辑:黄钰涵】
</body></doc>