<doc><id>1144</id><url>http://www.chinanews.com/fortune/2020/04-01/9144105.shtml</url><title>财经观察：美股遭遇“黑色”一季度 V型反弹或难现</title><datetime>2020-4-1 12:54:00</datetime><body>	财经观察：美股遭遇“黑色”一季度V型反弹或难现
	新华社纽约3月31日电　财经观察：美股遭遇“黑色”一季度V型反弹或难现
	新华社记者刘亚南
	由于新冠肺炎疫情持续扩散并严重冲击经济，投资者信心遭到重创，继2月份创下历史新高后，美国股市3月份巨幅震荡下行，数次触发熔断机制，快速跌入熊市。
	截至3月31日收盘，纽约股市道琼斯工业平均指数与去年末相比大跌逾23.2%，创下自1987年以来最大季度跌幅。同时，标准普尔500种股票指数、纳斯达克综合指数也分别大幅下跌约20%和14.2%。
	分析人士认为，尽管暴跌后美国股市在政府救市措施刺激下近期出现反弹，但在疫情尚无缓解迹象、经济形势仍在恶化情况下，未来数月股市仍将处于弱势之中，且不排除进一步显著下跌的可能。
	双线资本公司首席运营官杰弗里·冈拉克日前表示，美股反弹已遇到阻力，3月份的低点预计将会被刷新，股市或将在更长时间处于低位。
	美国银行财富管理公司首席股票策略师特里·桑德文认为，在新冠肺炎感染病例增速没有放缓的情况下，很难想象股市会走高。“我不认为将会出现V型反弹，U型走势更有可能，经济衰退的风险仍然很高。”
	高盛集团预测，受疫情冲击，美国今年失业率最高时或将达到15%，远高于此前预期；一季度和二季度经济将分别萎缩9%和34%，幅度也大于此前预测值。
	美国银行全球研究部分析认为，按年率计算，二季度美国经济增长率预计为负12%，在这一经济增速下，标普指数很可能会从前期高点下跌30%以上。而历史经验表明，在经济衰退中，标普指数下跌30%以上，在底部停留的时间均长于6个月。
	宏观经济研究机构MRB合伙公司3月31日发布报告说，美国股市近期出现反弹，后市表现很大程度上将受企业盈利预期的影响。尽管政府出台的财政和货币政策为防止经济因疫情冲击而崩溃提供了缓冲，但决定未来经济形势和企业盈利的关键仍在于疫情发展情况。
	美国辉盛研究系统公司日前发布报告说，根据市场分析师目前预测，标普指数成分股公司今年前三季度盈利同比将分别下降5.2%、10%和1.1%，全年盈利将下降1.2%。
	不过，也有观点认为，美国股市在暴跌后会出现一定投资机会。由于急需获得流动性，不少投资者在暴跌过程中把“洗澡水和孩子”一起倒掉，因此长期投资者或可以渐进方式有选择性地买入高品质股票。
	瑞银全球财富管理负责美洲业务的副首席投资官索利塔·马尔切利表示，股市暴跌过程中，很多业绩优秀的公司股票同样惨遭卖出。一旦市场出现反转，这些高质量股票将有优异表现。
	MRB合伙公司表示，美国股市现在处于严重超卖中，但在美国、欧洲等地新冠病毒感染病例出现触顶迹象之前，股价难以持续反弹。
【编辑:王诗尧】
</body></doc>