<doc><id>1145</id><url>http://www.chinanews.com/gn/2020/04-01/9144102.shtml</url><title>这些日子，我们如何回望？</title><datetime>2020-4-1 12:47:00</datetime><body>	这段永生不忘的日子
	我们经历了点点滴滴
	面对、成长、铭记
	在亲历中感悟
	也在回望中思考......
	当不得不面对这场危机
	恐慌、孤独、焦虑......突如其来
	但更有爱情、职责和四面八方的关怀
	拉一把，同面对，扛过去
	经此一疫
	那些没有打败你的
	终将使你更加强大
	成长
	有时很漫长，有时又在瞬间
	一个人如此，一座城亦如此
	经此一疫
	是什么让你一夜长大
	感慨与感动
	生命与生活
	爱与被爱......
	很多人、很多事
	从前素昧平生，之后永留心中
	经此一疫
	一切不平凡的开始
	终究要回归平凡
	平凡有多么来之不易
	不平凡就有多么刻骨铭心
【编辑:王诗尧】
</body></doc>