<doc><id>1146</id><url>http://www.chinanews.com/gn/2020/04-01/9144099.shtml</url><title>疫情期间 中国为海外留学人员提供了哪些服务？</title><datetime>2020-4-1 12:41:00</datetime><body>	疫情期间，我国为海外留学人员提供了哪些服务？【国务院联防联控机制权威发布会系列问答】
	我国在海外约有160万出国留学人员，目前仍然在国外的大约有142万。新冠肺炎疫情发生以来，海外留学人员的安全、健康时时刻刻牵动着祖国的心。习近平总书记非常关心在海外的中国公民，包括留学生。近期习总书记同有关国家领导人通话，强调维护中国公民的生命安全和身体健康，教育部坚决贯彻落实习总书记重要指示精神，以及党中央、国务院决策部署，与外交部、驻外使领馆等相关部门，同时还有各地各校一起全面落实党和国家对海外留学人员的关心、关爱。从1月25日，也就是大年初一那天开始，我们就持续在教育部“平安留学平台”发布信息，提醒我在外留学人员注意疫情防范。近期，海外疫情暴发扩散，我们不断加大工作力度。
	第一是全心关爱、全力帮扶。在海外防疫物资整体紧缺的情况下，加紧筹措急需的防疫物资。驻外使领馆以“健康包”、“爱心包”的形式，第一时间发放到海外学子，特别是疫情严重地区的留学生手中，帮助大家加强防护、缓解焦虑情绪。联合工作组赴疫情严重国家开展防护指导，有的驻外使领馆为学生安排了隔离备用点，当地侨团、中资企业积极帮助解决紧迫的食宿问题。驻外使领馆还及时指导帮助留学生了解所在国的法律法规以及当地的防疫防控措施，协调解决签证等方面遇到的实际困难。
	第二是加强与有关国家政府部门、高校沟通交涉。比如建立了中日、中韩教育部门疫情防控协调机制，共同维护双方留学人员的正当权益。针对一些国家政府和学校采取的管控措施，特别是停课、封校、封宿舍这样的管控措施，以及有些留学生面临的签证过期的紧迫问题，教育部指导驻外使领馆教育部门加强沟通交涉，敦促学校合理安排我留学生的学业生活。
	第三是加强防疫指导和心理疏导。教育部组织专家及时编印了《海外留学人员新型冠状病毒肺炎防控指南》，通过“平安留学平台”、驻外领事馆以及各大媒体宣传科学防疫知识，为留学生提供指导和帮助。同时，很多驻外大使、总领事主动与留学生连线座谈，一批国内知名的医学专家学者还通过讲座、访谈、互动交流等形式，给留学生予以具体的防疫方面的指导。这方面的视频文章很多，点击率很高，阅读量也很大，可以说取得了一个很好的指导和防护效果。在心理疏导方面，教育部整合高校资源，为留学生提供全天候24小时心理咨询，为学生和家长释疑解惑。
	目前，越来越多的国家推出更加严格的出入境管制措施，国际长途旅行面临行程不确定和感染高风险等问题，建议在海外的留学生们按照世卫组织建议和各国防疫要求，科学理性做好防护，尽可能减少长途旅行，避免交叉感染。大家在外一定要团结互助、互相关爱，遇到任何困难都可以跟我们的驻外使领馆联系，包括大家现在比较紧迫的一些困难，比如住房、医疗、学业、签证等方面的问题，都可以与驻外使领馆保持联系。
	来源：国家卫生健康委员会官网、中国网
【编辑:王诗尧】
</body></doc>