<doc><id>1147</id><url>http://www.chinanews.com/gn/2020/04-01/9144098.shtml</url><title>31省份和新疆兵团新增确诊病例36例 其中境外输入病例35例</title><datetime>2020-4-1 12:39:00</datetime><body>	中新网4月1日电据国家卫健委网站消息，3月31日0—24时，31个省(自治区、直辖市)和新疆生产建设兵团报告新增确诊病例36例，其中境外输入病例35例，本土病例1例(广东1例)；新增死亡病例7例(湖北6例，上海1例)；新增疑似病例26例，均为境外输入病例。
	当日新增治愈出院病例186例，解除医学观察的密切接触者1418人，重症病例减少62例。
	境外输入现有确诊病例691例(含重症病例20例)，现有疑似病例169例。累计确诊病例806例，累计治愈出院病例115例，累计死亡病例0例。
	截至3月31日24时，据31个省(自治区、直辖市)和新疆生产建设兵团报告，现有确诊病例2004例(含重症病例466例)，现有疑似病例172例。累计确诊病例81554例，累计治愈出院病例76238例，累计死亡病例3312例，累计追踪到密切接触者707913人，尚在医学观察的密切接触者20314人。
	湖北新增确诊病例1例(武汉1例，为境外输入病例)，新增治愈出院病例173例(武汉173例)，新增死亡病例6例(武汉5例)，现有确诊病例1283例(武汉1279例)，其中重症病例435例(武汉432例)。累计治愈出院病例63326例(武汉46175例)，累计死亡病例3193例(武汉2553例)，累计确诊病例67802例(武汉50007例)。新增疑似病例0例(武汉0例)，现有疑似病例0例(武汉0例)。
	31个省(自治区、直辖市)和新疆生产建设兵团报告新增无症状感染者130例，当日转为确诊病例2例，当日解除隔离302例。尚在医学观察无症状感染者1367例，比前一日减少174例。
	累计收到港澳台地区通报确诊病例1077例：香港特别行政区714例(出院128例，死亡4例)，澳门特别行政区41例(出院10例)，台湾地区322例(出院39例，死亡5例)。
【编辑:叶攀】
</body></doc>