<doc><id>1148</id><url>http://www.chinanews.com/cj/2020/04-01/9144092.shtml</url><title>长三角一体化江苏“任务书”和“线路图”公布</title><datetime>2020-4-1 12:37:00</datetime><body>	中新社南京4月1日电(记者朱晓颖)江苏省政府4月1日在南京召开《&lt;长江三角洲区域一体化发展规划纲要&gt;江苏实施方案》(以下简称“《江苏实施方案》”)新闻发布会，长三角一体化江苏“任务书”和“线路图”正式公布。记者梳理后发现，江苏要做的事中，包括干好“自己的事”、关心“邻居的事”、做好“我们的事”。
	2019年底，《长江三角洲区域一体化发展规划纲要》面世，各地关于这一重大区域发展战略的落地工作按下“加速键”。
	长三角在中国区域发展整体格局中具有十分重要的地位，面积35.91万平方公里，江苏占29.8%；2019年末常住人口2.27亿人，江苏占35.5%；GDP23.73万亿元人民币，江苏占42%。江苏是长三角一体化发展的重要力量。
	江苏省发展和改革委员会主任李侃桢说，《江苏实施方案》共分为总体要求、区域联动、重点任务、组织保障4个部分，明确了江苏需要落地落实的重点任务、重要事项、重大政策共60条。
	李侃桢表示，在聚焦“一体化”合力构建区域协调发展新格局方面，江苏提出主动服务、积极支持上海发挥龙头作用，充分集成江苏优势，加强与浙皖战略协同，深化“1+3”重点功能区建设，在长三角一体化框架下加速全省域一体化发展，从强化区域联动发展、促进城乡融合发展、推进跨界区域共建共享3个方面，明确了9条重点任务。
	李侃桢表示，在聚力“高质量”协同打造强劲活跃增长极方面，江苏从建设协同创新产业体系、推进基础设施互联互通、强化生态环境共保联治、加快公共服务便利共享、全面扩大对外开放合作、创新一体化发展体制机制和合力建设长三角生态绿色一体化发展示范区等7个方面，明确了51条重点任务事项。
	其中，长三角生态绿色一体化发展示范区由江苏省苏州市吴江区、上海市青浦区、浙江省嘉善县“两区一县”组成，总面积约2300平方公里，吴江区是面积最大的，约占示范区总面积的51%。
	根据《江苏实施方案》提出的分阶段目标，到2035年，区域一体化发展达到较高水平，现代化经济体系基本建成，成为最具影响力和带动力的强劲活跃增长极。城乡区域深度融合发展格局基本形成，公共服务水平优质化并趋于均衡，综合交通基础设施全面达到世界先进水平，一体化发展体制机制更加完善，走在全国更高质量一体化发展前列。对城乡居民收入差距、研发投入强度、5G网络覆盖率、跨界河流断面水质达标率、单位GDP能耗等系列指标，均提出了具体量化目标。(完)
【编辑:李玉素】
</body></doc>