<doc><id>115</id><url>http://www.chinanews.com/gn/2024/05-29/10225057.shtml</url><title>台湾电影人：《周处除三害》在大陆的成功是两岸交流的好结果</title><datetime>2024-5-29 12:36:00</datetime><body>	中新社雅安5月29日电(记者王鹏)台湾导演朱延平近日在四川雅安参加活动时表示，台湾影片《周处除三害》在大陆的成功是两岸交流的好结果，“我们希望把两岸电影交流继续延伸下去。”
	第十五届两岸电影展之台湾电影展28日在雅安开幕，今年在大陆爆火的《周处除三害》引两岸电影人热议。
	《周处除三害》是香港导演黄精甫在台湾执导的首部作品，今年在大陆获超6亿元人民币票房。
	“大陆电影市场很大，怎么让台湾电影符合大陆市场的需求和口味，大家每天都在研究。”朱延平表示，台湾电影在岛内收获过亿元新台币票房已是“大成功”，这样票房的电影每年只有一到两部，而《周处除三害》的大陆票房换算成新台币将近30亿元，“非常惊人，给了大家一个很大的方向和希望。”
	谈及《周处除三害》在大陆的成功，该片监制李烈称，“影片筹备时，我就感觉这个剧组有不一样的氛围。”她说，导演黄精甫把对剧本的热情完全传递给了剧组，把剧组工作人员的热情燃烧了起来，这也是为何能用低成本拍出好片子。
	对《周处除三害》赞不绝口的大陆导演冯小刚表示，该片成本仅1000多万元人民币，拍摄质量却很好，自己也很想尝试拍摄低成本电影。
	台湾导演魏德圣表示，《周处除三害》在台湾上映时讨论度不高，反而是在大陆获得票房成功后，引起台湾观众的兴趣，“才疯狂抢看到底是什么片子”。
	魏德圣认为，这是两岸增进了解的一个案例，非常期待两岸在人文方面的相关交流。(完)【编辑:唐炜妮】
</body></doc>