<doc><id>1150</id><url>http://www.chinanews.com/gj/2020/04-01/9144090.shtml</url><title>中国代表：安理会创新工作方式应对新冠肺炎疫情</title><datetime>2020-4-1 12:36:00</datetime><body>	(抗击新冠肺炎)中国代表：安理会创新工作方式应对新冠肺炎疫情
	中新社联合国3月31日电安理会轮值主席、中国常驻联合国代表张军大使31日在此间表示，面对新冠肺炎疫情的冲击，中国坚定履行安理会轮值主席国职责，创新工作方式推动安理会正常履职。
	张军表示，新冠肺炎疫情威胁人类安全，也给安理会及联合国各机构运作带来巨大挑战。中国高度重视安理会工作，同成员国密切协作，全力应对疫情影响，对内探索应急工作方案，对外坚定履职尽责，内外工作均有新突破、新成果，更形成一套新模式、新规则，维护了安理会在困难时期的有效运转，发挥了应有作用。
	张军强调，中方直面疫情挑战，及时调整工作计划。安理会3月前两周工作基本维持正常，但针对疫情防控需要，中方采取了相应防范措施，包括要求各国参会人数控制在3人以内，将内部磋商改至空间更大的安理会厅等，降低疫情传播风险。随着美国疫情蔓延升级，安理会响应联合国总部统一安排，积极支持纽约市防疫努力，推迟第3周有关会议，调整第4周工作安排，探索新的会议模式和讨论方式，聚焦重点议题，关注热点动向，及时发声并采取行动，积极发挥安理会应有作用。
	张军表示，疫情之下，中方同各成员一道，探索出一套安理会应急工作新模式，丰富了安理会工作方法，健全了工作机制。根据联合国和纽约市防疫规定，安理会成员难以到联合国总部举行实体会议。安理会成员3月24日通过视频会议讨论刚果(金)特派团工作，这是历史上首次举行安理会视频会议，并逐步形成一整套工作规则。3月30日，安理会成员通过致函秘书处表明投票立场、最终由安理会主席通过视频会议公布投票结果的方式，通过了4份决议草案，这是安理会历史上首次以书面投票程序通过决议。
	张军说，受疫情影响，安理会日常工作难度增大，比如会议直播、非成员参与等都难以实现。但中方仍努力保持工作透明度，积极扩大信息公开。安理会新工作模式在不断完善，议题直接当事国已经可以参与视频会议并发言。
	张军表示，新冠肺炎疫情的暴发是不幸的，但幸运的是以联合国为核心的多边体系比以往任何时候都更加坚强有力，人类社会也比以往任何时候都更加相互依存、命运与共。他说，安理会正常履职本身就是抗疫努力，向世界传递着信心和力量。(完)
【编辑:叶攀】
</body></doc>