<doc><id>1154</id><url>http://www.chinanews.com/gn/2020/04-01/9144079.shtml</url><title>安徽省委常委张西明兼任省委统战部部长、省政协党组副书记</title><datetime>2020-4-1 12:29:00</datetime><body>	中新社合肥4月1日电(记者赵强)中共安徽省委统战部官网显示，新任中共安徽省委常委张西明已兼任省委统战部部长、省政协党组副书记。
	3月31日，此间官媒报道，经中央批准，张西明任中共安徽省委委员、常委。据报道，当日下午，安徽省政协党组书记、主席张昌尔主持召开党组会议，传达学习中央及安徽省委有关文件和会议精神，研究安徽省政协近期重点工作。安徽省委常委、省委统战部部长、省政协党组副书记张西明等出席。
	据公开资料，张西明，男，汉族，1965年2月生，山东定陶人，1988年8月参加工作，1985年6月加入中国共产党，中国社会科学院社会学系社会学专业毕业，研究生学历，法学博士，研究员。
	张西明曾任中国社科院新闻与传播研究所所长助理、副所长，中宣部理论局副局长，中宣部理论局局长等职，2008年12月兼任中办调研室四组组长，2009年5月任中办调研室副主任兼四组组长，后于2013年3月出任中宣部副秘书长。
	2015年4月，张西明调任青海省委常委，次月兼任省委宣传部部长，直至此次跨省履新。(完)
【编辑:叶攀】
</body></doc>