<doc><id>1157</id><url>http://www.chinanews.com/gj/2020/04-01/9144018.shtml</url><title>防护装备不足 澳维州近十分之一确诊病例是医护人员</title><datetime>2020-4-1 12:06:00</datetime><body>	中新网4月1日电据《悉尼先驱晨报》报道，澳大利亚维多利亚州超过80名医护人员已确诊感染新冠肺炎，其中包括医生、护士，以及后勤行政人员，约占维州确诊病例的10%。
	维州首席卫生官萨顿表示，并不是所有医护人员都是在工作场所感染了病毒，也没有人出现严重的症状。但这事实确实显示，我们必须竭尽全力保护在前线跟病毒作战的医护人员。
	维州卫生厅长米卡科斯1日承诺，将斥资约1亿澳元购买数百万个口罩、防护隔离衣和手套，以确保医护人员在工作中得到充分的保护。
	另外，昆士兰州的医护人员们也在担心他们没有足够的个人防护装备。
	澳大利亚新闻网报道称，澳大利亚医学会昆士兰分会对600多名医生的调查发现，70%表示，他们没有足够的防护装备。
	超过50%的医生在自己购买装备。近85%的医生表示，他们并不确定在不久的将来会拥有足够的装备。
	根据澳大利亚联邦卫生部统计数据，截至当地时间1日早上6时，澳大利亚新冠肺炎确诊病例累计达4707例，包括20个死亡病例，过去的24小时累计新增348例。新南威尔士州确诊2182例，维多利亚州确诊917例，昆士兰州确诊743例，西澳州确诊364例，南澳州确诊337例，北领地确诊16例，首都领地确诊80例，塔斯马尼亚州确诊68例。
【编辑:何路曼】
</body></doc>