<doc><id>116</id><url>http://www.chinanews.com/gj/2024/05-29/10224958.shtml</url><title>海地过渡总统委员会任命加里·科尼耶为新总理</title><datetime>2024-5-29 12:12:00</datetime><body>	中新社北京5月29日电太子港消息：据外媒报道，海地过渡总统委员会28日任命海地前总理加里·科尼耶(GarryConille)为新总理。
	美国有线电视新闻网(CNN)称，海地过渡总统委员会主席埃德加·勒布朗·菲斯当天宣布，委员会一致选择科尼耶为新总理。美联社说，拥有投票权的7名委员会成员中，有一人因不在海地而未投票，参与表决的6人均投票给了科尼耶。
	由于黑帮暴力加剧，海地总理亨利3月宣布将在过渡总统委员会成立后辞职，新政府上台前由现政府暂时代管国家事务。过渡总统委员会由9人组成，包括7名拥有投票权的成员和2名观察员。
	公开资料显示，现年58岁的科尼耶曾于2011年10月至2012年5月担任海地总理，目前担任联合国儿童基金会拉丁美洲和加勒比区域主任。他于1999年进入联合国人口基金，之后主要在联合国系统工作。
	推动联合国多国安全支助团部署是过渡总统委员会的工作之一。路透社称，外界认为，在联合国多国安全支助团部署过程中，科尼耶丰富的联合国工作经历将有利于海地获得国际支持。
	联合国此前曾表示，要稳定海地当前局势，至少需部署4000名至5000名来自国际社会的警力。
	今年4月，过渡总统委员会任命海地前体育部长弗里茨·贝利泽尔为海地新总理。美联社称，这一决定系委员会内部4名委员联合做出的，由于没有遵循委员会规定的程序而招致批评，因此重新开始总理遴选。
	《海地时报》称，截至5月17日，委员会共收到200多人递交的总理候选申请。24日，委员会将范围缩小至15人，并于28日公布了5名候选人名单。有候选人认为遴选不够透明，委员会没有清楚告知他们遴选流程和进度。(完)【编辑:张乃月】
</body></doc>