<doc><id>1160</id><url>http://www.chinanews.com/house/2020/04-01/9144066.shtml</url><title>北京：2019年住房公积金支持职工购房611万余平方米</title><datetime>2020-4-1 11:56:00</datetime><body>	北京：2019年住房公积金支持职工购房611万余平方米
	新华社北京4月1日电（记者李嘉瑞）北京住房公积金管理中心3月31日发布《北京住房公积金2019年年度报告》。报告显示，2019年北京住房公积金实缴职工为798.54万人，支持职工购房611.23万平方米，购房建筑面积90平方米（含）以下的职工贷款笔数占69.4%。
	在缴存方面，2019年，北京地区新开户单位43904个，实缴单位206343个；新开户职工83.93万人，实缴职工798.54万人。2019年末缴存总额15309.92亿元，同比增长16.9%；缴存余额4844.99亿元，同比增长14.2%。
	在个人住房贷款方面，2019年北京地区发放住房公积金个人住房贷款71489笔、557.56亿元；住房公积金支持职工购房611.23万平方米。职工贷款笔数中，购房建筑面积90平方米（含）以下占69.4%；购买新房占37.3%（购买保障性住房占24.6%），购买二手房占62.7%。

【编辑:王诗尧】
</body></doc>