<doc><id>1161</id><url>http://www.chinanews.com/gn/2020/04-01/9144065.shtml</url><title>从全球帮到帮全球 为国际战“疫”贡献国药力量</title><datetime>2020-4-1 11:55:00</datetime><body>	从全球帮到帮全球为国际战“疫”贡献国药力量
	每天深夜，北四环东路总能看到一幢如灯塔般闪亮的楼宇，那就是国药集团所属中国国际医药卫生有限公司（简称“国药国际”）所在地——富盛大厦。几层环形的“长明灯”连续多日未见熄灭，从集团领导、到物资出口团队的每一个人，无不是俾夜作昼、加班加点，为全球抗击疫情提供物资保障。
	这场疫情，让国药集团“关爱生命，呵护健康”的企业理念和“全力以赴，使命必达”的敬业精神，在世界闪光。
	疫情在全球蔓延，国药集团坚决贯彻党中央、国务院决策部署，在外交部、商务部、国务院国资委等多部委的协调和支持下迅速成立抗击疫情国际援助与出口工作小组，部署下属企业紧锣密鼓开展工作。集团所属唯一的医疗健康产业平台和国际化平台国药国际，第一时间成立工作组，调集精兵强将，勇当国际援助和出口的主力军。
	在集团总体调控下，各版块都动员起来：国药控股下属国药器械的生产企业开足马力生产物资，采购团队大力拓展采购渠道、备足物资；国药中国生物所属上海捷诺公司将国内第一批获准注册的新冠病毒核酸检测试剂用于支持国际疫情防控；国药中国生物血液专家作为中国红十字会专家团队成员赴意大利，为运用康复者血浆治疗方法救治危重患者提供帮助；中药控股生产的纳入中国多版诊疗指南的中药，正积极克服国外注册和认可困难，力争助力全球抗疫。
	截至3月29日，来自48个国家及地区的物资需求，正在被国药集团夜以继日的沟通、敲定、发货中不断满足，而这个清单内容还在持续的更新、扩容……
	国药集团支援全球抗疫工作团队急全球之所急，发挥长期深耕医药大健康领域和从事国际贸易的专业能力，严格遵守国际贸易规则，促进物资标准快速对接，提高报关运输各方面工作效率，力争使抗疫物资以最快速度到达购买国。
	目前，国药集团累计与多国签约采购防疫物资超2亿件，已向28个国家及地区出口发运物资6400万件。各购买国都对集团的积极努力和高效行动表示高度赞赏和真诚感谢，截至目前，先后有40多个国家和组织，以不同方式向国药集团表达谢意。
	今后，国药集团将按照“全员动员、全线出击、全域作战、全力以赴”的战“疫”要求，继续为全球提供防疫物资保障，为打造人类卫生健康共同体贡献国药力量。
【编辑:王诗尧】
</body></doc>