<doc><id>1163</id><url>http://www.chinanews.com/cj/2020/04-01/9144062.shtml</url><title>美智库文章：中国医疗物资出口给全球防疫带来希望之光</title><datetime>2020-4-1 11:47:00</datetime><body>	美智库文章：中国医疗物资出口给全球防疫带来希望之光
	美国彼得森国际经济研究所网站3月26日发表题为《中国的医疗物资出口带来了希望之光》（作者为查德·P·鲍恩）的文章称，在一定程度上由于受到特朗普政府就新冠疫情妖魔化中国的影响，人们一直普遍担心至关重要的中国个人防护设备对美出口将会消失。不过，中国海关新近公布的数据表明，这些出口并不像人们担心的那样降幅剧烈。鉴于全球性口罩、医用防护服和其他个人防护设备的严重短缺，这一最新数据将带来一小缕阳光。
	文章指出，无独有偶，《纽约时报》报道了中国目前每天生产1.16亿个口罩，是疫情暴发前供应能力的12倍。中国政府和企业家正在向意大利等国提供防护装备。
	文章称，想必各国政府现在可能不那么觉得有建立新的贸易壁垒的压力了——这些壁垒包括欧盟和其他国家推出的目前正像野火般蔓延的出口限制。贸易保护主义——无论是限制进出口还是对医院采购活动实行“只买本地货”的规定——都将扼杀基本的补给线，抬高价格，并付出生命的代价。
	文章同时指出，但愿特朗普总统能够对像众议员道格·柯林斯那种禁止出口美国医疗设备的请求，以及白宫贸易顾问彼得·纳瓦罗的美国应该禁止医院从中国或其他任何可能的地方进口此类关键物资的提议不予理睬。迫使医疗服务机构花更多时间和金钱仅仅在国内某些地方寻找可能不存在供应的必需设备，将导致更高的价格，并浪费它们需要专用于治疗新冠病毒患者的宝贵资源。
	文章认为，随着这场危机继续发展，全世界的新冠病毒患者和医疗专家们需要决策者允许必需的物资和设备在需要的情况下畅通无阻地从一国流向另一国。全球合作是各国把新冠疫情在其所到之处造成的破坏降至最低的唯一途径。
【编辑:李玉素】
</body></doc>