<doc><id>1165</id><url>http://www.chinanews.com/gn/2020/04-01/9144060.shtml</url><title>外交部：美政客转嫁责任 破坏全球抗疫合作</title><datetime>2020-4-1 11:45:00</datetime><body>	外交部：美政客转嫁责任破坏全球抗疫合作
	据报道，美国白宫国家贸易和制造业政策办公室主任纳瓦罗不久前接受采访时称，中国12月中旬已出现新冠肺炎人传人疫情，中方隐瞒疫情使世界耽误了6周时间。对此，中国外交部发言人华春莹今天（31日）在记者会上表示，这个美国政客信口雌黄，不值一驳。
	外交部发言人华春莹：我注意到连当时采访他的美国记者都打断了他的话，指出他是在浪费时间。事实是什么？事实是，新冠肺炎疫情发生以来，中方始终本着公开、透明、负责任态度，及时向世界卫生组织以及国际社会通报疫情信息，包括第一时间分享病毒基因序列。我们还积极回应各方关切，开展国际合作，并且向一些国家提供帮助。中国人民作出的巨大牺牲为全球抗疫赢得了宝贵的时间。
	华春莹表示，这个美国政客无非是要把水搅浑，转嫁责任，破坏中美抗疫合作，破坏全球抗疫合作。任何有是非观念、有正义感的人都不会上他的当。
	外交部发言人华春莹：我们奉劝纳瓦罗多了解一下中美元首3月27日通电话的精神，停止诋毁中国、破坏中美关系的言行，多做有利于中美两国人民利益的事，而不是相反。
【编辑:王诗尧】
</body></doc>