<doc><id>1166</id><url>http://www.chinanews.com/hr/2020/04-01/9144046.shtml</url><title>美国奥克兰华埠华人超市改营业方式 预订后上门拿货</title><datetime>2020-4-1 11:42:00</datetime><body>	中国侨网4月1日电据美国《世界日报》报道，受新冠肺炎疫情影响，美国奥克兰华埠生意平均下降五成以上，商户纷纷想办法应对。为减少病毒传播，不少超市要求顾客必须戴口罩和一次性手套才能进入购物。还有超市暂停对外营业，改让顾客提前预定食品，次日上门拿货。
	华埠7街的旺记超市在华埠颇受欢迎，该店已贴出告示说：“由于疫情越来越严重，为了保护员工及周围的邻里，经过慎重考虑，我们做出了艰难的决定。超市将于3月30日(周一)开始暂停对外营业。采买可以打电话且约定准确时间提取(由于人手实在有限，请不要下太零散的货物)，当疫情得到很好的控制的时候，我们期待再与你相见。”
	旺记超市东主DavidLiu于3月30日表示，暂停对外营业是迫不得已。超市此前生意一直都不错，新冠肺炎疫情在湾区扩散后，超市也采取了不少办法防范。比如所有员工都戴上口罩和一次性手套，用大量消毒剂擦拭门把手、购物车等顾客容易接触的地方，还在空气中喷洒消毒液，以防万一。
	David说，随着疫情升温，消毒措施难免有所疏忽，如果出现确诊病例，其他接触的人都要隔离，形成不必要的麻烦。为安全起见，决定停止对外营业。30日当天，David还仔细清洗货车，连方向盘、门把手都擦拭一新，不留消毒死角。
	David表示，超市已组建微信群，并将二维码贴在门口显眼的地方，让顾客加入群。在头一天就提前预定需要的货物，第二天上门拿货。30日当天，就有至少50人取货。为减少工作量，超市目前只能将某些菜品的种类减少，“目前还不支持送货上门，因为人手不够，实在忙不过来。现在不是很赚钱，只是希望和老顾客搞好关系，更好服务小区。”
	记者走访发现，奥克兰华埠10街和8街的数个华人超市贴上告示说，所有进入的顾客应戴上口罩购物，以降低病毒传播的可能性。8街一家超市工作人员说，顾客还可以在超市内买口罩，以防万一。
【编辑:王嘉怡】
</body></doc>