<doc><id>1167</id><url>http://www.chinanews.com/business/2020/04-01/9144032.shtml</url><title>中国石油全力保障西昌山火救援 为救援车辆提供油品近2500升</title><datetime>2020-4-1 11:36:00</datetime><body>	中新网4月1日电截至3月31日23时记者发稿时，四川销售临近火点的7座加油站和员工全部平安。
	30日下午，四川省凉山州西昌市马道镇境内发生森林火灾。由于风力过大，火灾迅速蔓延至泸山景区，大量浓烟飘进西昌城区，情况十分危急。四川销售凉山分公司西昌片区共有22座加油站，有7座站距离着火位置较近，其中马道等3座加油站距离着火点仅100米。
	接到火灾信息，四川销售第一时间启动应急机制。凉山分公司紧急启动森林火灾应急预案，疏散油站车辆和员工，切断电源，断开紧急切断阀，关停加油站，用石棉被包裹卸油口、油枪口，并调派油库消防车驻守站内。同时，与地方政府、森林火警、消防队、应急管理局沟通协调，利用消防车和多功能喷洒车对加油站附近山体降温，与民警一起砍伐加油站周边植物、挖掘隔离带，全力确保加油站及人员安全。
	在全省救援力量紧急驰援下，火势一度得到控制。31日16时，由于下午气温持续升高，风力增大，山体出现多个烟点，存在复燃风险。凉山分公司管理人员随即赶往距离烟点较近的海南加油站，部署相关防护工作。19时，山体再次出现明火，凉山分公司立刻按照应急预案对海南站进行关停，同时紧急开放距离复燃点较远的四公里半加油站作为应急保供专用。
	31日21时，受风力影响，复燃点与海南站目测直线距离超过1公里，且加油站背后有一块宽约200米无明显植被的区域，形成了一道天然隔离带。凉山分公司经久油库消防车已在海南站现场待命，西昌市政府园林处两辆水炮车正在现场对海南站周围山体进行降温，确保加油站安全。
	为保障救援用油，截至31日18时，四川销售已为救援车辆提供油品近2500升。
【编辑:张楷欣】
</body></doc>