<doc><id>1168</id><url>http://www.chinanews.com/business/2020/04-01/9144037.shtml</url><title>大庆石化4条口罩生产线全面投产 日产口罩15万只</title><datetime>2020-4-1 11:35:00</datetime><body>	中新网4月1日电3月28日，大庆石化4条口罩生产线全部建成投产。达产后，一次性医用口罩日产量13万只，N95口罩日产量2万只。截至3月30日，大庆石化累计生产口罩184.3万只。
	2月4日，大庆石化成立医用口罩生产线项目专班。28日，首条平面口罩生产线正式投用，成为中国石油“三地四企”第一个实现口罩自动化生产的企业。3月19日，大庆石化开发公司在黑龙江省药监局领取了《医疗器械注册证》和《医疗器械生产许可证》，成为大庆市首家医用口罩生产获证企业。
	大庆石化严格按照YY/T0969-2013《一次性使用医用口罩》及以上标准采购原材料。严格组织操作人员岗前培训，确保每名员工熟练掌握10万级无菌车间管理要求和《一次性使用医用口罩/医用外科口罩生产操作规程》。同时，严格按照10万级无菌车间标准，控制操作人员数量，正确佩戴防护用具和执行消毒措施，确保口罩外观整洁、形状完好，表面无破损、无污渍，产品高标准出厂。
	此外，大庆石化统筹兼顾外部市场和大庆石化内部需求，以销定产，外保销售，内保库存，优化生产工序，协调销售与生产的关系，倾力打造精品工程，努力实现社会效益与经济效益双提升。

【编辑:李玉素】
</body></doc>