<doc><id>117</id><url>http://www.chinanews.com/cj/2024/05-29/10225048.shtml</url><title>（经济观察）三个“抢手”传递中国经济积极信号</title><datetime>2024-5-29 12:08:00</datetime><body>	中新社北京5月29日电题：三个“抢手”传递中国经济积极信号
	中新社记者王恩博
	进入二季度以来，中国经济运行延续回升向好态势，官方强调“积极因素累积增多”。近期各领域的三个“抢手”，为此添上有力注脚。
	超长期特别国债供不应求
	备受关注的中国超长期特别国债本月正式发行，市场反响热烈，多家代销银行数亿元(人民币，下同)额度一天之内即售罄。
	根据官方安排，今年先发行的1万亿元超长期特别国债，期限分别为20年、30年、50年，均为半年付息。作为记账式国债，其价格随市场行情波动，个人和机构都能购买。
	30年期超长期特别国债5月17日率先发行，受到机构投资者热捧；22日在二级市场上市交易后个人投资者也踊跃买入，当天盘中价格一度大涨超20%，两次触发临时停牌。20年期超长期特别国债5月24日首发，三天后面向个人投资者销售，同样“卖爆”。期限最长的50年期超长期特别国债则将于6月发行。
	发行超长期特别国债旨在解决强国建设、民族复兴进程中一些重大项目建设的资金问题。粤开证券首席经济学家罗志恒说，这客观上有利于提振总需求和市场信心。当总需求增加，政府支出转换为居民和企业收入，经济活动更加活跃，企业和消费者信心也会增强，进而夯实中国经济回升向好基础。
	特色文旅产品热度飙升
	前往西安、洛阳等历史文化名城的多趟高铁车次迅速售罄，大热剧《我的阿勒泰》取景地同款木屋一房难求，携程平台国内租车订单同比劲增260%……
	为期三天的端午假期将至，尽管时间不长，但中国民众出行意愿强烈，各类特色文旅产品热度飙升。去哪儿平台上，今年端午期间酒店预订量同比上涨约两成，且还在持续升温。同程旅行数据显示，端午假期火车票开售后，上海、北京、广州等中心城市开往周边小城，特别是县级城市的车票预订热度较平日增长2倍以上。
	这还只是年中旅游热潮的开端。暑期客流高峰紧接端午假期而至，不少人已抢先囤货。5月以来，美团平台暑期文旅预订单量(含门票、住宿、交通等)同比增长超60%。业界看好这个夏天银发游、研学游、企业游等针对性定制产品大热。
	中国旅游研究院预计，2024年中国国内旅游出游人数、国内旅游收入将分别超过60亿人次和6万亿元。着力扩大有效需求，此处潜力仍相当可观。
	中欧班列运输需求旺盛
	累计开行突破9万列，发送货物超870万标箱，货值超3800亿美元。这些最新“里程碑”记录下中欧班列持续旺盛的运输需求。
	截至目前，中欧班列已通达欧洲25个国家223个城市，连接11个亚洲国家超过100个城市，服务网络基本覆盖欧亚全境。眼下全球供应链风险加剧，这条亚欧经贸“黄金通道”更成为国际运输优选项。据了解，今年以来，中欧班列客户询价、订舱意向增多，发运需求和运量均有所增长。
	中国外贸也受益于“钢铁驼队”的稳定“带货”。尤其去年以来，中国制造“新三样”——新能源汽车、锂离子电池产品和光伏产品成为中欧班列运量新的增长点。在中国力促外贸提质增效的当下，东方金诚研究发展部总监冯琳指出，“新三样”出口保持较快增速，正是当前推动出口的主要有利因素之一。
	国铁集团表示，随着中国经济持续回升向好、中欧贸易不断增长，中欧班列运输需求将继续高位运行。中国进一步稳住外贸基本盘，由此迎来强有力保障。(完)【编辑:刘阳禾】
</body></doc>