<doc><id>1171</id><url>http://www.chinanews.com/sh/2020/04-01/9143994.shtml</url><title>北京境外输入确诊病例“零增长” 累计164例、出院20例</title><datetime>2020-4-1 11:30:00</datetime><body>	(抗击新冠肺炎)北京境外输入确诊病例“零增长”累计164例、出院20例
	中新社北京4月1日电(记者杜燕)3月31日0时至24时，北京市无新增报告境外输入新冠肺炎确诊病例。截至3月31日24时，北京市累计报告境外输入确诊病例164例，治愈出院20例。
	根据北京市卫生健康委员会最新疫情通报显示，3月31日0时至12时、12时至24时北京市无新增报告境外输入确诊病例。
	2月29日，北京市首次报告出现境外输入确诊病例，随后几日零散报告有新增境外输入确诊病例。但从3月12日起，新增境外输入确诊病例逐渐增多，尤其是3月18日以后，每日新增境外输入确诊病例数多为二位数。
	受北京国际航班入境政策调整的影响，从3月24日开始，北京市每日新增境外输入确诊病例数下降至个位数，其中3月24日为5例、25日为6例、26日为4例、27日为3例、28日为4例、29日为1例、30日为3例、31日无新增病例，这是3月12日以来首次出现境外输入确诊病例“零增长”。
	疫情通报显示，3月31日0时至24时，北京市新增报告境外输入疑似病例1例。
	截至3月31日24时，北京市累计报告境外输入确诊病例164例，病例来源国共计19个。其中，英国输入53例、西班牙输入46例、意大利输入18例、美国输入17例、法国输入7例、匈牙利输入4例、奥地利输入3例、伊朗输入3例、泰国输入2例、塞尔维亚输入2例，巴西输入1例、卢森堡输入1例、荷兰输入1例、巴基斯坦输入1例、挪威输入1例、希腊输入1例、墨西哥输入1例、加拿大输入1例、比利时输入1例。累积治愈出院20例。
	3月31日0时至24时，北京市无新增报告本地确诊病例，治愈出院病例2例。截至3月31日24时，累计报告本地确诊病例416例，治愈出院病例398例。在院治疗病例10例。
	“零增长”不等于“零风险”。据此间媒体1日报道，北京市委书记蔡奇指出，北京面临境外疫情输入风险和人员流动后疫情反弹风险的双重压力，防控工作决不能有一点松劲，必须克服厌战情绪和麻痹思想，按照“外防输入、内防反弹”的策略，抓紧抓实抓细各项防控措施。(完)
【编辑:白嘉懿】
</body></doc>