<doc><id>1172</id><url>http://www.chinanews.com/gn/2020/04-01/9144043.shtml</url><title>游客邀请总书记一起乘船</title><datetime>2020-4-1 11:30:00</datetime><body>	独家视频丨游客邀请总书记一起乘船
	31日下午，习近平总书记来到杭州西溪国家湿地公园考察调研。随着疫情好转，游客也多了起来。正在乘船观光的游客看到总书记来了，热情地向总书记打招呼，并邀请总书记一起乘船。总书记同大家挥手致意，询问船上能坐几个人，笑着说“我很想去，就是人太多了”。
	监制丨申勇
	记者丨史伟彭汉明邢彬
	摄像丨李铮张晓鹏黄京辉李辉段德文钟锐
	录音丨程爱华【编辑:田博川】
</body></doc>