<doc><id>1174</id><url>http://www.chinanews.com/gn/2020/04-01/9144040.shtml</url><title>习近平：收放自如 这是国家治理水平的表现</title><datetime>2020-4-1 11:29:00</datetime><body>	独家视频丨习近平：收放自如这是国家治理水平的表现
	31日下午，习近平总书记来到杭州城市大脑运营指挥中心，就杭州运用城市大脑推进城市治理体系和治理能力现代化进行考察调研。离开指挥中心时，职工们围拢过来，向总书记问好。
	习近平说：“现在防控还不能够麻痹，还是不要进行过多的聚集活动。大家想看电影，就看网上的吧！还有球赛这些大型聚集活动，特别是在室内，还要控制。再有就是餐饮，掌握人数。今天我到西溪湿地去了，那里是预约。预约旅游，现在一律要求在定额的30%，我觉得这些还都是需要的，这也是一个国家治理水平的表现。该管起来就能够迅速地管起来，该放开又能够有序地放开，收放自如，进退裕如，这是一种能力。”
	记者丨史伟彭汉明邢彬
	摄像丨李铮张晓鹏杨立峰李辉段德文
	录音丨程爱华【编辑:苑菁菁】
</body></doc>