<doc><id>1176</id><url>http://www.chinanews.com/gn/2020/04-01/9144036.shtml</url><title>山东三部门联合复核开学条件 确保广大师生健康安全</title><datetime>2020-4-1 11:27:00</datetime><body>	记者从山东省教育厅了解到，3月31日上午，山东省教育厅、山东省卫生健康委、山东省市场监管局联合举行了普通高中和中职学校毕业年级开学条件抽查复核培训会。3月31日下午，三部门联合组成的50个复核工作组，分赴全省137个县(市、区)开展抽查复核。
	本次复核工作是按照山东省委、省政府“宁可十防九空，不能失防万一；宁可紧十分，不能松一毫”的指示要求开展的。复核工作将依据《山东省中小学校2020年春季学期开学条件核验细则》48条要求，以过筛子的方法，逐项、逐条核验落实，重点检查开学条件中“师生摸排”“教学安排”“培训演练”“场所准备”“环境消毒”“饮食安全”“防护物资”“联防联控”等八项准备是否到位。
	教育部发布高考延期一个月举行的通告，尽管高考延期，但山东省学校开学准备工作一直在紧张有序推进之中。为应对当前疫情防控复杂形势特别是境外输入风险，切实保证广大师生生命安全和身体健康，全省教育系统统筹推进疫情防控和春季学期开学准备工作，对学校开学条件进行严格核验。前期全省各市、县(市、区)已经对所属高中、中职学校开学条件进行了核验。为确保开学条件全部达标合格，山东省级三部门联合开展大规模抽查复核，核验合格后方可开学。
	(总台央视记者窦效磊)
【编辑:房家梁】
</body></doc>