<doc><id>1179</id><url>http://www.chinanews.com/gj/2020/04-01/9143980.shtml</url><title>因船员确诊感染新冠肺炎 荷兰一海军潜艇被迫返航 </title><datetime>2020-4-1 11:15:00</datetime><body>	中新网4月1日电据“今日俄罗斯”3月31日报道，在几名船员的新冠病毒检测结果呈阳性后，荷兰一艘海军潜艇被迫缩短航程，迅速返航。船上人员目前已经被隔离。
	报道称，荷兰“海象”级潜艇“多尔菲因”上的15名船员出现类似流感症状后，相关任务被取消。荷兰国防部说，其中8人其后被检测出新冠病毒呈阳性。
	据报道，这艘潜艇是在苏格兰海岸附近的北海执行训练任务时出现上述情况的。潜艇被迫缩短行程，提前两周返回登海尔德海军基地。所有58名船上人员已被隔离，以进行进一步检测。
	在荷兰，目前有超过11700人新冠病毒检测呈阳性，其中864名患者已经死亡。

【编辑:李夏君】
</body></doc>