<doc><id>118</id><url>http://www.chinanews.com/gn/2024/05-29/10225046.shtml</url><title>柬埔寨在金边命名“习近平大道”</title><datetime>2024-5-29 11:50:00</datetime><body>	新华社金边5月28日电(记者吴长伟)柬埔寨首相洪玛奈28日宣布柬王国政府将把首都金边一条道路命名为“习近平大道”，以感谢习近平主席对柬埔寨发展做出的历史性贡献。
	在当天举行的道路命名仪式上，洪玛奈指出，在习近平主席和柬方领导人关心和推动下，柬中关系进入历史最好时期。为感谢习近平主席对柬埔寨发展做出的历史性贡献，柬政府决定将金边三环路一号公路至四号公路段命名为“习近平大道”，同金边现有的“毛泽东大道”交相辉映，彰显柬中传统友谊的历史传承。
	中国驻柬埔寨大使王文天在仪式上表示，1965年西哈努克太皇命名了“毛泽东大道”，近一个甲子后的今天，洪玛奈首相命名“习近平大道”，成为两国关系历久弥新、继往开来新的里程碑。中方愿同柬方沿着这条铁杆友谊赓续传承的金光大道携手共进，开创新时代中柬命运共同体更加光明的美好未来。
	“习近平大道”位于金边三环路南段，全长约48公里。【编辑:刘欢】
</body></doc>