<doc><id>1180</id><url>http://www.chinanews.com/gj/2020/04-01/9143993.shtml</url><title>中国政府与企业筹措物资助力国际机构及各国抗疫</title><datetime>2020-4-1 11:14:00</datetime><body>	(抗击新冠肺炎)中国政府与企业筹措物资助力国际机构及各国抗疫
	中新社北京4月1日电中国政府及企业近日积极筹措医疗物资，助力国际原子能机构和德国、马来西亚、日本、韩国等地抗击新冠肺炎疫情。
	维也纳当地时间3月31日，中国政府宣布向国际原子能机构捐赠200万美元抗疫物资，以支持该机构为协助成员国抗击新冠肺炎疫情所作努力。
	中国常驻维也纳联合国代表王群大使向国际原子能机构总干事格罗西转交了中国国家原子能机构主任张克俭的来函。王群表示，中国政府此次捐赠的医疗物资包括新冠病毒检测设备和试剂等，也愿为机构举办区域和国家层面的病毒检测培训提供专家服务。
	格罗西感谢中方及时、重要的捐赠，表示，此次疫情给国际社会带来了前所未有的挑战，国际原子能机构收到许多成员国的援助请求，因此启动应对新冠肺炎疫情技术合作项目。中方应对疫情的成就令人印象深刻，相关经验对于各国抗击疫情非常具有借鉴意义。中方此次捐赠对于机构推进应对疫情技术合作计划是一个有力的促进，机构也特别欢迎中方为病毒检测培训提供专家服务，这对于有需要的国家抗击疫情具有重要的现实意义。机构愿与中方继续深化合作，共同为全球早日战胜疫情作出努力。
	广东知名侨资企业完美(中国)有限公司当地时间3月31日向马来西亚政府捐赠100万只防疫口罩，援助马来西亚抗击疫情。这批物资将第一时间运至马来西亚，投入抗疫前线使用。
	今年2月，完美公司董事长、马中友好协会署理会长古润金作为马来西亚广东会馆联合会会长，号召马来西亚各地广东会馆和乡亲们，同心协力筹集善款60万令吉，捐助广东省慈善总会，支援广东抗击新冠肺炎疫情。
	中新社记者4月1日从山西省外事办公室获悉，山西赠予德国北威州的防疫物资已抵达德国，捐赠给日本埼玉县、韩国全罗南道、意大利曼托瓦省的防疫物资已运抵北京，正在等待航班起运。
	随着新冠肺炎疫情在世界各地蔓延，山西省向德国、日本、韩国、意大利4家国际友城捐赠口罩、防护服、护目镜等防疫物资，传递携手合作、共抗疫情的信念。(完)
【编辑:李弘宇】
</body></doc>