<doc><id>1181</id><url>http://www.chinanews.com/hr/2020/04-01/9143974.shtml</url><title>澳大利亚宣布公共聚集人数最多两人 中领馆发提醒</title><datetime>2020-4-1 11:06:00</datetime><body>	中新网4月1日电据中国驻墨尔本总领事馆网站消息，根据澳大利亚州政府发布的最新消息，自2020年3月30日午夜起，室内外聚集人员不得超过2人，同一家庭、工作和学习情况除外。婚礼不得超过5人，葬礼不得超过10人。违反规定的个人和机构将面临高额罚款。
	中国驻墨尔本总领事馆提醒领区内中国公民关注相关信息，自觉遵守当地防疫规定，以免给自身带来不必要麻烦。
	总领馆领事保护与协助紧急联系电话：+61-3-98248810
	中国外交部全球领事保护与服务应急呼叫中心电话：+86-10-12308或+86-10-59913991
	澳大利亚当地报警、急救电话：000
【编辑:韩辉】
</body></doc>