<doc><id>1182</id><url>http://www.chinanews.com/gj/2020/04-01/9143967.shtml</url><title>日本大型制造业景气指数7年来首次为负值</title><datetime>2020-4-1 11:05:00</datetime><body>	中新网4月1日电据日本共同社报道，4月1日，日本央行公布了该国3月份企业短期经济观测调查，结果显示，反映大型制造业近期经济形势的景气判断指数为负8，较2019年12月下跌8个点，同时也是自2013年3月以来首次呈现负值。
	据报道，该指数已连续5个季度恶化，近期由新冠肺炎疫情扩大导致的经济活动停滞更使其雪上加霜。
	此外，反映大型非制造企业近期经济形势的景气指数下跌12点至8，中小企业全行业景气指数下跌8点至负7。共同社分析称，由于企业业绩恶化在所难免，就业岗位减少、工资下降等因素或将进一步拖累日本经济。
	据介绍，景气判断指数是回答景气状况“良好”的企业比例减去回答“不佳”的企业比例得出的数据。此次调查于2月25日至3月31日实施，调查对象为日本全国约1万家企业，几乎所有企业都给出了回答。
【编辑:孔庆玲】
</body></doc>