<doc><id>1184</id><url>http://www.chinanews.com/cj/2020/04-01/9143997.shtml</url><title>助力保供稳价，更多进口猪肉来了</title><datetime>2020-4-1 11:03:00</datetime><body>	光明日报记者张翼
	为保障新冠肺炎疫情期间国内肉类市场的安全供应，海关多措并举着力扩大进口，助力猪肉保供稳价，积极协调沟通，减少产品滞港，全力支持优质种猪进口，助力生猪高质量复产增养，保障我国消费者餐桌上的需求。
	数据显示，年初以来(截至3月24日)，海关总署共新批准了997家肉类企业在华注册，其中猪肉企业450家。今年1月至2月，我国进口肉类(包括杂碎)共125万吨，同比增长69.6%，其中进口猪肉及猪杂碎共72万吨，同比增长98.2%。
	——2月10日至14日，2000吨进口冻猪肉运抵上海洋山港，上海海关即验即放，进口猪肉第一时间运抵武汉并投放市场。自3月20日开始，有6柜共计150吨冰鲜进口猪肉陆续通过上海口岸直接投放武汉市场。
	——3月11日至12日，1973头法国优良种猪从太原航空口岸入境，这是今年太原航空口岸首批入境的活动物，也是今年山西省首批进口的活动物。今年以来，我国已进口各类优质种猪4325头。
	海关总署积极做好猪肉进口保障工作，对国储进口猪肉优先接单、优先检查、优先检测、优先出证，实现“即到即卸”“即卸即运”，最大程度压缩入库前时间，节约成本；建立专门协调机制，实时关注出现的问题，精准解决，保证进口国储猪肉以最快的速度通关，及时投放市场。
	春节前后，由于国内肉产品价格回落明显，加之新冠肺炎疫情影响，部分进口肉类主要港口出现了大量进口冻肉在港区堆放、未提离的情况。海关总署及时发布相关通知，要求各地海关加快进口肉产品通关验放。下一步，海关将继续密切协调有关部门、企业和行业协会，加大催报、促提力度，从根本上解决冷藏集装箱滞港问题，促进进口冷链货物有序投放国内市场。
	全力支持扩大种猪等优质种质资源进口，助力生猪复产增养、稳产保供，海关总署采取多项便利化措施：一方面，拓展优质种猪及遗传物质来源，优先启动智利、芬兰等国优良种猪及遗传物质检疫准入，协助进口企业恢复从美国进口种猪；另一方面做好种猪境外预检、口岸检疫等工作，确保境外优质种猪顺利引进。
	《光明日报》(2020年04月01日10版）
【编辑:黄钰涵】
</body></doc>