<doc><id>1185</id><url>http://www.chinanews.com/sh/2020/04-01/9143990.shtml</url><title>“草原保尔”金海：我要把研究成果全部留给国家</title><datetime>2020-4-1 11:02:00</datetime><body>	(为了民族复兴·英雄烈士谱)“草原保尔”金海：我要把研究成果全部留给国家
	新华社呼和浩特3月31日电(记者朱文哲)“我要把自己的知识和研究成果尽可能地多留给国家和民族，留给学生，让几代人为之努力的事业能够薪火相传。”这是金海生前常说的一句话。
	金海，蒙古族，1955年出生于内蒙古自治区鄂尔多斯市乌审旗的普通牧民家庭，1982年在内蒙古大学毕业后留校任教，一直从事内蒙古近现代历史文化、中日关系史等研究与教学工作，生前系内蒙古大学蒙古学研究中心专职研究员、中国少数民族史专业博士生导师。
	从踏上讲台的那天起，金海始终以强烈的事业心与责任感，把全部精力都倾注在科研与教学工作中。
	1999年，金海开始了自己博士学位的学习，他的事业发展也迎来上升期。也是在这一年，金海被确诊患了上颌窦腺癌。“在他确诊患癌的时候，我几乎要崩溃了，但是金海很坚强，也很冷静。”金海的妻子林娜回忆说。
	患病后的金海接受了大大小小共9次手术，多次的手术让金海的右上颌骨被切除，右眼眼球被摘除，胆囊被切除，嗅觉、味觉全部丧失，右耳听力锐减。
	在妻子林娜眼中，金海是一个把学术研究看得比任何事情都重要的人。“在我的记忆中，我们一家人出去游玩不多于三次，其中有一次还是在离家不远的公园。”林娜说，“当年我做好早餐后去上班，金海起床吃过早饭后就开始搞学术研究，他在写字台前一坐就是一天。”
	人们都说金海的身体是由特殊材料制成的，是“草原上的保尔”。即便是生病治疗期间，他仍一直坚持给学生上课，自己的博士学业和学术研究从来没有停歇。
	金海热爱自己的本职工作，参与了10余项国家和自治区的科研项目，出版专著6部、合著14部、发表学术论文47篇，主编3部史料汇编和6部编(译)著，取得了丰硕的科研成果。患病以来，金海抱病完成了博士学位论文《日本在内蒙古的殖民统治研究》，填补了我国日本侵华历史研究的一项空白，得到专家学者高度评价。他参与和主持完成了国家社科基金项目《日本侵略内蒙古史》和《内蒙古通史》等一系列研究项目。
	2008年，金海被中共内蒙古自治区委员会授予“优秀共产党员”称号，2009年被中华全国总工会授予“全国五一劳动奖章”，2010年获“全国先进工作者”称号，2011年获“全国优秀共产党员”称号。
	2011年，金海因病去世。年近九旬的内蒙古大学著名蒙古族历史学者郝维民教授是金海的老师。时至今日，回忆起自己的学生金海，郝维民教授都难掩悲伤之情。“金海是我最优秀的弟子，凭借他的学术研究能力，他完全有机会成为一名走向世界的学者，可无情的病魔夺去了他的生命。”郝维民说。
	内蒙古大学原副校长齐木德道尔吉说：“人的生命有长有短，但生命的维度和宽度是掌握在自己手中的。金海的生命虽然短暂，但他掌握了自己的生命宽度，他用努力与坚持完成了宝贵的学术研究，是后辈学习的榜样。”
【编辑:黄钰涵】
</body></doc>