<doc><id>1186</id><url>http://www.chinanews.com/hr/2020/04-01/9143954.shtml</url><title>美国南加州华人联合总会多次捐献医护用品给各医院</title><datetime>2020-4-1 11:01:00</datetime><body>	中国侨网4月1日电据美国侨报网报道，美国南加州华人联合总会(简称“南华总”)在中国和美国新冠肺炎疫情暴发期间多次发起捐款捐物活动，为中美两国奋战在第一线的医务人员捐赠口罩、防护服、护目镜等大量医用物品，受到各个医院的感谢，大赞他们对社区的关心和奉献。
	当地时间3月25日，南华总会长邵闻率领熊文胜、曹琳、曾小梅等理事会成员前往亨廷顿医院捐赠医用物资，十几位等在医院门口的医护人员热情接待了他们，对美南华总的爱心行动万分感谢和敬佩。
	3月26日，南华总理事长熊文胜、基金会常务主席曹琳等人又捐赠了5000个医用口罩给加联医疗网，医疗网的工作人员特别写了感谢信，表示这些医用口罩将会给他们紧急护理和新冠病毒检测人员使用，这些物资对保护医护人员的生命非常重要。
	3月27日，南华总理事长熊文胜前往橙县海岸纪念医疗中心和托伦斯纪念医疗中心，向这两家医院分别捐赠了5000个医用口罩及80件防护服。医院的工作人员十分感谢南华总的慷慨义举。熊理事长还邮寄了2000个口罩给底特律的VA纪念医疗中心，帮助他们渡过难关。
	南华总李社潮、于泽伟、华强等人还前往加利福尼亚大学(UC)尔湾医疗中心，向医院捐赠了1万个医用口罩和2000副医用手套。UC尔湾医疗中心4名人员出来接待，并送上感谢信。除了医院，老人中心也是南华总捐赠和帮助的目标之一。南华总黄静捐赠了1000个口罩给PilgrimPlace,克莱蒙特健康中心，该中心负责人比尔·道奇(BillDodge)接受了捐赠并表示感谢。
	3月29日，南华总会长邵闻等理事会成员前往亚凯迪亚美以美医院，向他们捐赠了5000个医用口罩和120件防护服。加州众议员周本立也特别到场参与捐赠，一起表达了对社区的关心。邵闻将以清华大学同学会的名义向南华总捐赠10万个口罩，近一两天就用空运方式直达洛杉矶。(高睿)
【编辑:韩辉】
</body></doc>