<doc><id>1188</id><url>http://www.chinanews.com/sh/2020/04-01/9143985.shtml</url><title>军医张红霞：红霞映日，便是春天</title><datetime>2020-4-1 10:58:00</datetime><body>	新华社武汉3月31日电题：军医张红霞：红霞映日，便是春天
	新华社记者贾启龙、黎云
	在湖北省妇幼保健院光谷院区感染14科，张红霞任医疗组长。自从到了武汉，她天天铆在医院，晨曦出发、戴月而归成为工作常态。
	“千里而来，就要对得起生命里的每一分钟。”张红霞说。
	作为军队支援湖北医疗队的其中一员，张红霞熟练掌握心脑血管病变、严重消化道出血、重症胰腺炎等10多种急重症诊治本领。
	一位80多岁的高龄患者，入院检查病症并不重，可精神萎靡不振。张红霞对比入院前各项指标发现，存在从普通型向危重型发展的“细胞因子风暴”，便密切关注老人的各种细微变化。
	果然，老人突然出现血钾剧减、血氧饱和度急速下降、意识不清等症状，张红霞立即采取一系列急救手段，将老人从死亡线上救了回来。
	患者李先生入院时，病情严重。张红霞专门为他制订科学精准的治疗方案。如今，他的病情大为好转，精神状态也越来越好。
	一位新冠肺炎患者同时患有肝腹水，入院时肚子鼓的像皮球。在治疗时，张红霞和战友们对其进行补充营养、保肝、利尿等多种治疗。10多天后，这位患者肺炎治好了，肝功能恢复也较快，目前已出院。
	不少患者常常愁眉苦脸、唉声叹气。张红霞觉得，消极情绪会传染，既要治顽疾，更要医心病。
	一位姓雷的女士第一次见面就拽住她问：“我是不是不行了？”张红霞一查病史，原来这位患者因发热干咳近1个月，有抑郁症，夜里整宿睡不着觉。
	按照新冠肺炎对症治疗的同时，张红霞拿出抑郁症的诊疗方案。为了做好雷女士的心理工作，张红霞专门在线请几名心理专家进行远程会诊。那段时间，只要有空，她就找雷女士聊天，帮助缓解焦躁情绪。
	很快，雷女士病愈出院，与家人团聚。
	张红霞所在的医务组负责的患者有60多位，其中老年患者占多数。张红霞对待他们像亲人一样。一位患者入院时没带换洗衣服，张红霞拿出一套衣服，用消毒液洗后交给那位老人。
	奋战光谷一个多月时间里，这样的故事每天都在发生。一位治愈患者出院时送给张红霞8个字：红霞映日，便是春天。
【编辑:黄钰涵】
</body></doc>