<doc><id>119</id><url>http://www.chinanews.com/gn/2024/05-29/10225021.shtml</url><title>国台办介绍近期两岸主要经贸和文化交流活动</title><datetime>2024-5-29 11:41:00</datetime><body>	中新网5月29日电在国台办5月29日举办的新闻发布会上，发言人朱凤莲介绍了近期两岸主要经贸和文化交流活动。
	在经贸交流方面，5月9日，两岸首届企业ESG合作交流活动在江苏镇江举办，260余位相关企业、金融机构、行业协会负责人及专家学者围绕“永续发展，以新为进”主题，聚焦碳市场绿色金融、绿色交易发展与实践，推动两岸ESG协同发展，探索新质生产力合作。5月16日，第十一届“青创杯”广州青年创新创业大赛台湾赛区圆满落幕，56名台湾青年报名参加了人工智能、生物医药与健康、智能互联等行业21个项目的角逐。5月24日至27日，在福州举办的第七届数字中国建设峰会首次设立“两岸融合专区”，福建国际传播中心和北京两岸科技创新中心组织近20家台企50余个项目参展，展示数据跨境流动、两岸融合智算、职业资格认证、医疗创新合作、科技共同研发等创新成果。6月12日至15日，“2024浙江·台湾合作周”将在浙江杭州举办，台湾相关工商团体、行业协会、企业及台商台青代表共1500余人将围绕“新质生产力和浙台融合发展”主题开展交流研讨与合作。
	在文化交流方面，5月16日至18日，“2024年长岛显应宫妈祖春祭暨两岸祈福大典”活动在山东烟台举办，两岸20余家社团组织、200余名宫庙代表参加。5月25日至31日，“推进中国式现代化之看贵州——走进遵义”两岸媒体交流活动在贵州举办，两岸媒体人以现场直播、短视频、微视频等形式深入采访和体验贵州经济社会、旅游文化、乡村振兴和民族风情等发展变化。5月28日，“新时代我来讲”——广州市优秀百姓宣讲员大赛台湾青年专场比赛顺利举办，在中山大学、暨南大学、广州中医药大学就读的台湾大学生及在广州的台湾青年围绕“传承岭南优秀传统文化”、“助力公益志愿服务”、“就业创业追梦圆梦”等主题参赛。5月30日至6月3日，第二届“彩云之约”海外台胞云南行活动将在云南昆明、保山、西双版纳等地举行，两岸同胞共聚一堂、共叙亲情，共商合作。
	在服务台湾青年方面，5月23日，2024在京台生专场招聘会在北京成功举办，主办方为台湾求职者提供技术研发、工程管理、人工智能、教育培训等热门行业1378个优质就业岗位。5月25日，第十九届台湾人才厦门对接会在厦门举办，280余名台湾专业人才与50多家用人单位、9家台青双创基地、4家政策咨询机构进行洽谈对接。朱凤莲指出，毕业季来临，我们欢迎在台湾的青年学子来大陆寻找实现梦想的机会，也鼓励在大陆学习的台湾学生留在大陆发展。我们将持续为台湾青年在大陆实习、创业、就业提供支持和机遇。
【编辑:叶攀】
</body></doc>