<doc><id>1190</id><url>http://www.chinanews.com/gj/2020/04-01/9143908.shtml</url><title>美俄能源部长磋商油价 同意生产及消费国之间保持对话</title><datetime>2020-4-1 10:55:00</datetime><body>	中新网4月1日电据俄罗斯卫星网4月1日报道，美国能源部新闻处发布消息称，该国能源部长丹·布鲁耶特和俄罗斯能源部长亚历山大·诺瓦克与3月31日磋商了世界石油价格。
	消息称，“布鲁耶特和诺瓦克部长磋商了石油市场发展问题并同意能源生产和消费大国之间保持对话……以应对世界经济停摆这一史无前例的时期。布鲁耶特迫切期待与全世界石油部长就这一课题展开对话。”
	消息指出，两国部长进行了“富有成效的讨论”，以落实美俄总统3月30日电话会谈的成果。
	3月30日，俄总统普京同美国总统特朗普通电话。期间，双方就世界石油市场形势交换了意见并约定举行两国能源部长级磋商。据美国白宫30日的一份声明称，双方在通话中就国际能源市场稳定达成了一致。

【编辑:李夏君】
</body></doc>