<doc><id>1192</id><url>http://www.chinanews.com/gj/2020/04-01/9143969.shtml</url><title>哈马斯与以色列开展抗击新冠肺炎疫情合作</title><datetime>2020-4-1 10:42:00</datetime><body>	新华社加沙3月31日电(记者熊思浩)巴勒斯坦加沙地带卫生部门官员3月31日晚证实，实际控制加沙地带的巴勒斯坦伊斯兰抵抗运动(哈马斯)正与以色列开展抗击新冠肺炎疫情合作，在以方协调下，当天一批由世界卫生组织捐赠的抗疫医疗物资和设备经由北部的埃雷兹检查站运抵加沙地带。
	加沙地带卫生部门负责国际合作的官员阿卜杜勒-拉蒂夫·哈吉告诉新华社记者，这批物资包括数百套防护服、约1650份检测试剂等。目前加沙地带防护服缺口较大，当地数千名医护人员急需防护服。
	当地居民称，由于以色列和哈马斯都忙于应对疫情，该地区近来呈现出“少有的平静”，他们已连续一个月左右没有听到爆炸声。据以色列媒体报道，上周以色列向哈马斯方面移交了数百个新冠病毒检测试剂盒和1000套防护服。
	巴勒斯坦卫生部公布的数据显示，截至3月31日，巴累计新冠肺炎确诊病例达119例，其中约旦河西岸109例，加沙地带10例。
	加沙地带面积约360平方公里，有200多万人口。3月5日，巴勒斯坦约旦河西岸城市伯利恒出现首批新冠肺炎确诊病例后，加沙地带学校、清真寺、市场等公共场所随即关闭。
	2007年，哈马斯与巴勒斯坦民族解放运动(法塔赫)在加沙地带爆发武装冲突，哈马斯夺取对加沙地带控制权，法塔赫则实际控制约旦河西岸地区，巴勒斯坦内部陷入分裂。
【编辑:黄钰涵】
</body></doc>