<doc><id>1193</id><url>http://www.chinanews.com/gn/2020/04-01/9143962.shtml</url><title>天津新增2例境外输入新冠肺炎确诊病例</title><datetime>2020-4-1 10:41:00</datetime><body>	中新网4月1日电据天津市政府新闻办官方微博消息，从天津市疾控中心获悉，3月31日18时至4月1日6时，天津无新增报告本地新冠肺炎确诊病例。新增报告2例境外输入确诊病例(均为中国籍)，累计报告境外输入确诊病例40例(其中重型3例、普通型25例、轻型8例、分型待定2例，治愈出院2人；中国籍36例、美国籍2例、法国籍1例、菲律宾籍1例)。
	境外输入第39例，男，27岁，中国籍，就读于美国哥伦比亚大学，家庭住址北京市西城区。该患者自美国纽约乘坐航班(CA982)于3月23日抵达天津滨海国际机场后，转送至北辰区泉水温泉酒店集中隔离医学观察点；31日因咳嗽等症状，转送至天津医科大学总医院空港医院，入院体温36.7℃；4月1日经天津医科大学总医院空港医院咽拭子核酸检测结果为阳性，经市专家组确诊为我市境外输入病例，分型待定。现正在转往海河医院，有关流行病学调查正在进行中。
	境外输入第40例，女，30岁，中国籍，就读于西班牙康普顿斯大学，家庭住址天津市红桥区。该患者自西班牙马德里乘坐航班(CA908)于3月21日抵达北京首都国际机场，由转运专车转送至天津市河西区宝轩酒店集中隔离医学观察点；31日因乏力、鼻塞等症状，转送至天津医科大学总医院空港医院，入院体温36.4℃；4月1日经天津医科大学总医院空港医院咽拭子核酸检测结果为阳性，经市专家组确诊为我市境外输入病例，分型待定。现正在转往海河医院，有关流行病学调查正在进行中。
	截至目前，天津全市现有疑似病例93例，累计排查密切接触者3008人，尚有371人正在接受医学观察。
【编辑:李季】
</body></doc>