<doc><id>1195</id><url>http://www.chinanews.com/sh/2020/04-01/9143959.shtml</url><title>辽宁铁岭新增1例境外输入病例 行程轨迹公布</title><datetime>2020-4-1 10:34:00</datetime><body>	中新网4月1日电据“铁岭发布”微信号消息，铁岭市新型冠状病毒感染的肺炎疫情防控指挥部1日发布第13号通告。通告指出，3月31日，辽宁省铁岭市新增1例境外输入新冠肺炎确诊病例，患者已在定点医疗机构隔离治疗。
	毕某某，女，51岁，在美国纽约从事美甲工作，国内居住地址：铁岭市银州区。患者当地时间3月15日2:30时乘坐中国国航CA982次航班(座位号51D)由纽约飞往北京，北京时间3月16日4:35时到达北京首都机场，入境时测量体温无发热，出关后在公共区域等待回沈航班。3月16日9:00时乘坐中国国航CA1651(座位号35C)，10:25时到达沈阳桃仙机场，测量体温无发热。随后乘铁岭市指定用车离开桃仙机场，抵达银州区香林阁酒店实施集中隔离观察。患者自述出行全过程均佩戴口罩。3月17日市疾控中心进行核酸检测，结果为阴性。3月18日7:30时体温测量为37.6℃，8:40时专用车辆将其转运至铁岭市中心医院发热门诊留观，随即患者一直在铁岭市中心医院进行隔离治疗。其间CT影像显示炎性改变加重，省、市专家也多次进行会诊，市疾控中心再次核酸检测结果为阴性。3月31日上午铁岭市疾控中心对患者进行血清抗体检测，结果为阳性。同日13:55时经省专家诊断组评估确认为境外输入型新型冠状病毒肺炎确诊病例，属重型病例。
	铁岭市、区两级疾控中心立即开展流行病学调查与卫生学处置，目前已排查到的密切接触者全部追踪到位。
【编辑:李季】
</body></doc>