<doc><id>1197</id><url>http://www.chinanews.com/gj/2020/04-01/9143939.shtml</url><title>越南新冠肺炎确诊达212例 公共场合禁止2人以上聚集</title><datetime>2020-4-1 10:32:00</datetime><body>	中新网4月1日电据越南通讯社报道，截至当地时间1日上午6时，越南新增5例新冠肺炎确诊病例。该国累计确诊达212例。
	新增确诊病例中，1例为社区感染；3例为境外输入病例，其在入境后立即被隔离。
	自当地时间1日零时起至15日，越南全国公共场合严禁2人以上聚集。原则上来说，从单个家庭之间到省与省之间都必须严格实行该隔离措施。
	越南总理阮春福要求民众待在家里(外出购买食品、药品等生活必需品、紧急就医、必需品生产和服务公司员工出门上班等必要情况下除外)，与其他人必须保持至少2米以上的安全距离。
	目前，越南卫生部实行每天两次检测结果公布制度。
【编辑:何路曼】
</body></doc>