<doc><id>1198</id><url>http://www.chinanews.com/hr/2020/04-01/9143951.shtml</url><title>中国驻旧金山总领馆将给留学生发“健康包”</title><datetime>2020-4-1 10:28:00</datetime><body>	中国侨网4月1日电据中国驻旧金山总领事馆网站消息，近日，驻旧金山总领馆发布关于向领区留学人员发放防疫“健康包”的公告称，将通过发放防疫“健康包”等措施，全力保障领区内留学人员生命安全和身体健康，留学人员可通过各地中国学生学者联谊会或所在州指定高校联络点进行信息登记。
	公告摘编如下：
	目前海外疫情加速蔓延扩散，美国面临的疫情形势愈加严峻。党和国家非常关心身处海外的广大留学人员，指示我们全力保障大家的生命安全和身体健康。为帮助广大留学人员防控疫情，驻旧金山总领馆将向领区在校留学人员发放防疫“健康包”。现将有关事项公告如下：
	一、“健康包”内容
	1.每人20个一次性医用口罩，一瓶消毒液或一包消毒纸巾
	2.教育部发布的《海外留学人员新型冠状肺炎病毒防控指南》(电子版)
	3.中国驻旧金山总领馆王东华总领事致全体留学人员慰问信(电子版)
	二、发放对象
	旧金山领区(包括北加州、内华达州、俄勒冈州、华盛顿州及阿拉斯加州)目前在校的中国留学人员，包括中小学留学生和港澳台同学。
	三、发放流程
	1、如果你所在高校已建立中国学生学者联谊会，请你通过本校学联会提供的链接进行相关信息登记(详见附件1)。各校学联会将根据需求及时公布具体发布方案，尽快发到你手中。
	2.若你所在的高校未建立中国学生学者联谊会或你是在领区内留学的中小学生，驻旧金山总领馆已指定五个高校作为所在州联络点。请你通过学校所在州联络点提供的链接进行相关信息登记(详见附件2)。我们将根据需求信息，统筹协调，并按照就近原则进行统一发放。
	四、物资配送
	总领馆将与各校学联会多渠道筹措抗疫物资。目前，总领馆馆已筹集到一批防护口罩，正分批发送给疫情严重的学校。
【编辑:韩辉】
</body></doc>