<doc><id>1199</id><url>http://www.chinanews.com/hr/2020/04-01/9143948.shtml</url><title>中国驻芝加哥总领馆临时增设涉疫情协助热线</title><datetime>2020-4-1 10:26:00</datetime><body>	中国侨网4月1日电据中国驻芝加哥总领事馆网站消息，当前美国确诊新冠肺炎病例数量持续上升，疫情防控形势严峻。为更好服务领区内中国公民，驻芝加哥总领馆决定自3月30日起，增设两条涉疫情协助热线：
	+1-312-787-4950(中国公民、留学生领事协助与保护)
	+1-773-279-0701(留学生领事协助与保护)
	上述热线电话美中部时间星期一至星期五上午9:30-12:30和下午14:00-17:00由专人接听。总领馆领事保护与协助电话+1-312-780-0170继续使用。领区内中国公民疫情期间如有涉疫情问题，建议优先拨打上述新增热线电话。
	驻芝加哥总领馆领区包括：伊利诺伊州、密苏里州、堪萨斯州、科罗拉多州、威斯康星州、明尼苏达州、密歇根州、印第安纳州和艾奥瓦州。
	总领馆再次提醒中国公民和广大侨胞：不恐慌、不传谣、不信谣，减少出行、旅行，立足本地，理性应对、科学防范疫情。
	外交部全球领事保护与服务应急热线：+86-10-12308、+86-10-59913991。
	如遇紧急情况，请拨打911。
【编辑:王嘉怡】
</body></doc>