<doc><id>12</id><url>http://www.chinanews.com/gn/2024/05-29/10225383.shtml</url><title>国台办回应赖清德“5·20”讲话、“联合利剑-2024A”演习等热点</title><datetime>2024-5-29 20:59:00</datetime><body>	中新社北京5月29日电(林世雄朱贺)国务院台办29日举行例行新闻发布会，国台办发言人朱凤莲就台湾地区领导人“5·20”讲话有关言论、解放军“联合利剑-2024A”演习等热点话题进行回应。
	台湾地区领导人“5·20”讲话后，国台办已多次就有关言论表态。29日发布会上，发言人再次强调，赖清德的有关言论，态度极为猖狂，性质极为恶劣，背弃民族大义、背离民心大势，是对一个中国原则赤裸裸的挑衅，对台海和平稳定的严重破坏。对其宣扬所谓“和平”“民主”等言论，发言人指难掩其“台独”祸心；对其具有浓厚“台独史观”的表述，发言人援引史实予以驳斥。
	马英九先生日前痛批赖清德就职讲话是“新两国论”，认为两岸恐将面临不可预测的风险和挑战。发言人回应指，台湾有识之士表达深切担忧，反映了广大台湾同胞的共同心声，反映了要和平不要战争、要发展不要衰退、要交流不要分离、要合作不要对抗的岛内主流民意。“台独”是死路、绝路，逆潮流而动、违民意而为，必遭失败。
	关于台湾演艺人员近日表态两岸都是中国人却遭岛内绿营挞伐，发言人认为台艺人的表达是自然而然的真情流露。赖清德及民进党有些人给这些演艺人员扣上所谓“被迫表态”的帽子，是在加码制造“绿色恐怖”。
	解放军近日在台岛周边开展“联合利剑-2024A”演习，受到两岸媒体关注。发言人表示，演习是对台湾地区领导人“5·20”讲话谋“独”挑衅的坚决惩戒，是对外部势力纵容支持“台独”、干涉中国内政的严厉警告，是捍卫国家主权和领土完整的正义行动。被问及“此类规模的军演会否常态化”，发言人指出，“台独”挑衅一日不止，解放军捍卫国家主权和领土完整的行动就一刻不停。
	第77届世界卫生大会期间多国表态支持一个中国原则，发言人表示，这充分说明一个中国原则是人心所向、大义所在；针对美国国务院发言人“呼吁大陆保持克制”等言论，发言人再批美台勾连，敦促美方恪守一个中国原则和对中方所作承诺，以实际行动明确反对“台独”。
	商务部日前宣布对原产于台湾地区的共聚聚甲醛产品进行反倾销立案调查，发言人表示，主管部门将按照相关法律法规和世贸组织规则推进调查流程，作出最终裁定，希望所涉企业积极配合有关调查。对于商务部将参与对台湾地区军售的美国企业列入不可靠实体清单，发言人表示，这是大陆依法采取的正常执法行为。
	当天发布会上，发言人还介绍了福建建设两岸融合发展示范区的相关工作进展、近期两岸主要经贸和文化交流活动等情况。(完)【编辑:刘阳禾】
</body></doc>