<doc><id>120</id><url>http://www.chinanews.com/gn/2024/05-29/10225037.shtml</url><title>中粮集团原副总经理周政被逮捕  涉嫌受贿、贪污等</title><datetime>2024-5-29 11:41:00</datetime><body>	中新社北京5月29日电(记者张素)中国最高人民检察院29日通报中粮集团有限公司原党组成员、副总经理周政涉案进展。经最高检指定管辖，山西省人民检察院依法以涉嫌受贿罪、贪污罪、国有公司人员滥用职权罪对周政作出逮捕决定。该案正在进一步办理中。
	公开资料显示，周政出生于1963年，曾担任中粮南方包装有限公司副总经理、总经理，大悦城地产有限公司董事会主席、执行董事等职。2013年12月至2022年3月，周政担任中粮集团有限公司党组成员、副总经理。
	2023年11月8日，官方通报周政被查。今年5月9日，官方通报其被开除党籍。他被指“用公款购买、发放消费卡”“为亲属推销金融产品谋取利益，搞权色交易”“违规干预和插手市场经济活动”“贪婪无度，骗取公款据为己有”“擅权妄为，给国家利益造成重大损失”等。
	中粮集团有限公司官网显示，该集团以农粮为核心主业，聚焦粮、油、糖、棉、肉、乳等品类，同时涉及食品、金融、地产领域。截至2023年底，集团资产总额7307亿元人民币。
	近年来，“中粮系”有多人落马，包括中粮集团原中粮工程科技股份有限公司党委副书记、总经理陈德炳，中粮集团大悦城控股集团股份有限公司党委书记、总经理曹荣根等。(完)【编辑:刘欢】
</body></doc>