<doc><id>1200</id><url>http://www.chinanews.com/sh/2020/04-01/9143886.shtml</url><title>黑龙江通报伊春鹿鸣矿业尾矿砂泄漏事故水质监测数据</title><datetime>2020-4-1 10:25:00</datetime><body>	黑龙江公布“3·28”鹿鸣矿业尾矿砂泄漏事故发生地及下游点位地表水环境质量监测数据
	记者从黑龙江省生态环境厅获悉，根据《伊春“3·28”鹿鸣矿业尾矿砂泄漏事故环境应急监测方案》，黑龙江省生态环境厅组织对事故发生地及下游点位地表水环境质量开展监测。3月31日14时，13个监测断面中有5个断面的钼、化学需氧量(COD)和石油类项目超出标准限值，其他点位均低于标准限值。
	尾矿库(事发点)：钼超标7.5倍，石油类超标1.4倍，COD超标0.05倍。
	创业断面(事发点下游67公里)：钼超标19.6倍，石油类超标3.2倍，COD低于标准限值。
	依吉密河口内上断面(事发点下游77公里)：钼超标22.7倍，石油类超标3.4倍，COD超标0.6倍。
	铁力市依吉密河口内断面(事发点下游99公里)：钼超标14.3倍，石油类超标1.4倍，COD超标1.0倍。
	据了解，目前，污水团前锋已抵达伊春跨界呼兰河双河渠首断面(事发点下游110公里)，其钼超标1.8倍，COD超标4.7倍，石油类超标0.4倍。
	2020年3月28日13时40分，伊春鹿鸣矿业有限公司钼矿尾矿库4号溢流井发生倾斜，导致泄水量增多并伴有尾矿砂。记者从现场抢险指挥部获悉，目前漏水点封堵工作已经完成。
	记者从该公司网站获悉，伊春鹿鸣矿业有限公司是中国中铁全资子公司—中铁资源集团有限公司的控股子公司，是集钼矿采矿、选矿于一体的大型有色金属矿山企业。(总台央视记者任秋宇邵冲董良刘琦)
【编辑:房家梁】
</body></doc>