<doc><id>1201</id><url>http://www.chinanews.com/cul/2020/04-01/9143955.shtml</url><title>疫情下大家都爱看什么书？</title><datetime>2020-4-1 10:24:00</datetime><body>	疫情下，大家都爱看什么书？
	近日，记者从2月零售新书榜单中发现，和新冠肺炎相关的科普类图书，销量都有增长。另外，在网店畅销书排行榜上，余华的《活着》位列榜单之首。《百年孤独》《霍乱时期的爱情》《局外人》《平凡的世界》《挪威的森林》都出现在榜单之上。一位业内人士在接受记者采访时表示，读者关注疫情，自然会想了解相关信息，这个情况很正常。　　　扬子晚报/紫牛新闻记者黄彦文
	与疫情相关的图书销量都有增长
	从开卷发布的数据来看，受疫情的影响，瘟疫、病毒或者流行病学相关的图书销量有了明显的增长。其中增长最为明显的是文学类图书，比如《鼠疫》、《霍乱时期的爱情》《花冠病毒》等。
	究其原因，主要还是读者们关心疫情，目前仍是全民抗疫，疫情的发展关乎每一个人的生命与生活，与之相关的瘟疫、病毒等话题可谓是“人人关注”，而且因为宅家生活或者宅家工作，也给大家有了更多阅读的时间，另一方面，很多公众号在这期间也发布了大量与疫情相关的书单，无形中形成了一个阅读热点。比如疫情刚暴发时期，大家都会联想到当年的“非典”，于是毕淑敏的《花冠病毒》就很容易成为热搜，还有《白雪乌鸦》，《鼠疫》也都是讲述瘟疫的，书中的描写自然会拿来与现实情况做对比，再比如情人节当天，很多公众号都引用了《霍乱时期的爱情》里的一些文字，就很容易引起读者的关注。另外，《病毒星球》《瘟疫与人》《大流感：最致命瘟疫的史诗》等流行病学相关图书，销量也都有明显增长。据上海译文出版社的消息，《鼠疫》加印了5万册，将于近期正式上市。
	新冠肺炎防护图书对稳定大众有积极作用
	疫情暴发期间，为帮助大众了解新型冠状病毒疫情，出版界紧急出版了一批防治肺炎相关的图书，从开卷发布的数据来看，在科普防护新冠肺炎的众多新书中，大众健康类图书占比最多，比如《新型冠状病毒肺炎防护知识读本》《新型冠状病毒感染防护》《张文宏教授支招防控新型冠状病毒》《新型冠状病毒职工防护知识50问》等，针对抵抗力较弱的儿童和老年人这些易感人群，也有《儿童新型冠状病毒肺炎防护》《老年人新型冠状病毒肺炎防护手册》这类图书出版，目标群体更明确，内容的针对性更强。业内人士分析称，因为这场疫情对每个人的工作生活都有不同程度的影响，但是网上的资讯太多了，层出不穷，却又不一定全是真实有效的，在这种时候，大家就需要对疫情、对流行病学等话题有更多科学、权威的了解，传统纸质出版物在及时解疑释惑、指导个人预防、稳定大众心理方面发挥了积极作用。
	目前，全民抗“疫”已经取得了阶段性的胜利，但是疫情带来的影响还会持续。此类疫情相关图书是否会受到持续关注，让我们拭目以待。
【编辑:田博群】
</body></doc>