<doc><id>1202</id><url>http://www.chinanews.com/gj/2020/04-01/9143943.shtml</url><title>意大利获美认捐上亿物资 “封城”继续</title><datetime>2020-4-1 10:21:00</datetime><body>	美国总统唐纳德·特朗普3月30日宣布，将向新冠肺炎疫情严重的意大利捐助近1亿美元医疗物资。如有余力，美方将继续向其他国家捐助本国“不需要”的物资。
	意大利政府同一天宣布，将继续全国“封城”措施直至4月中旬复活节后。一些意大利医疗专家认为，意大利疫情或已接近峰值。
	【美认捐“富余”物资】
	特朗普3月30日在抗疫记者会上说，他刚与意大利总理朱塞佩·孔特通电话，告知对方美国愿提供大约1亿美元国内“不需要的”医疗物资，而孔特对此“非常高兴”。
	意大利目前是全球新冠肺炎病亡人数最多的国家。法新社报道，特朗普没有说明物资的具体种类或启运时间，只说是“外科类、医药类和医院需要的物资”。
	白宫当天早些时候发布声明说，特朗普与孔特通电话期间，“强调美国致力于与意大利以及美国在欧洲的全部盟友和伙伴合作，遏制新冠病毒传播，同时让所有有需要的人获得医疗护理”。
	特朗普在记者会上还说，美国派出的飞机“在全球51处不同地点”装载个人防护物资，首架载有物资的货机当天早晨已落地美国。通用汽车等10家美国企业也正加紧生产呼吸机。一旦美国获取的物资量超过自身所需，将尽量把富余物资送往法国和西班牙等国家。
	特朗普在回答记者提问时说，中国和俄罗斯支援美国的物资“非常好”，他“很高兴又惊讶”地看到其他国家正向美国提供物资。
	【意“封城”不能松懈】
	意大利卫生部长罗伯托·斯佩兰扎同一天发布声明说，经与政府科学顾问会商，决定把全国“封城”措施至少延长至4月12日复活节后。
	路透社报道，声明没有给出“封城”措施延期结束的具体时间，说政府随后会在议案中写明。意大利本月初宣布全国“封城”，原定4月3日解禁。大部分商铺、酒吧和餐馆关闭，民众除有必要不得离家。
	意大利总理孔特当天早些时候告诉西班牙《国家报》，接近三周的“封城”措施“从经济角度而言确实严厉”，但放松限制必须循序渐进，以确保意大利迄今取得的“战疫”成果。疫情最严重的北部伦巴第大区主席阿蒂利奥·丰塔纳也认为，需要保持“封城”措施，“我们正处于正确轨道上”。
	根据意大利民防局30日公布的数据，意全国累计确诊病例突破10万例，但单日新增4050例确诊病例为3月17日以来最低，1590例单日治愈病例则创新高。伦巴第大区单日新增确诊病例也在连续递增一个多月后首次下降。
	意卫生部副部长皮耶尔保罗·西莱里认为，最新数据表明，意大利“7到10天内确诊病例人数”有望下降。政府抗疫顾问、高等卫生研究院院长西尔维奥·布鲁萨费罗也认为，新冠病毒感染率或已接近峰值，“我们正见证曲线放平，尽管尚无下降迹象，但情势正在好转”。(海洋)(新华社专特稿)
【编辑:李弘宇】
</body></doc>