<doc><id>1205</id><url>http://www.chinanews.com/hr/2020/04-01/9143919.shtml</url><title>中国驻墨西哥使馆提醒旅墨华商加强店铺安全</title><datetime>2020-4-1 10:03:00</datetime><body>	中新网4月1日电据中国驻墨西哥大使馆微信公众号消息，近期，墨西哥新冠肺炎确诊病例数量不断上升，墨政府宣布全国进入卫生紧急状态，呼吁全民居家防疫。受疫情影响，部分旅墨华商店铺已选择暂时停业。与此同时，当地部分犯罪团伙在社交网络上发布打砸抢“招募令”，墨西哥Puebla州等地相继发生打砸、抢劫超市等店铺的案件，治安形势较前恶化。
	驻墨西哥使馆提醒旅墨华商密切关注墨方相关措施，严格遵守各项规定。建议暂未停业的商户切实加强公共场所、雇员等卫生防疫工作，停业商户不在店铺内留存贵重物品或现金，在关闭店铺后确保店内安防设施已正常启动、消防系统已正常运行，减少各类安全隐患。如华商店铺或住家不幸遭遇盗抢，请在保障人身安全的前提下第一时间报警。建议旅墨华商借助远程监控等科技手段，进一步提升工作场所和居住地点的安全防护能力。
	墨西哥报警、急救电话：911
	外交部全球领事保护与服务应急热线(24小时)：+86-10-12308或+86-10-59913991
	驻墨西哥使馆领事保护与协助电话：+52-5556162129
	驻蒂华纳总领馆领事保护与协助电话：+52-6644920455
【编辑:王嘉怡】
</body></doc>