<doc><id>1207</id><url>http://www.chinanews.com/gj/2020/04-01/9143929.shtml</url><title>波兰外长感谢中国支援抗击新冠肺炎疫情</title><datetime>2020-4-1 09:59:00</datetime><body>	新华社华沙3月31日电(记者张章陈序)波兰外交部长查普托维奇3月31日对中国帮助波兰抗击新冠肺炎疫情表示感谢，并呼吁世界各国共同面对挑战。
	中国政府提供的抗击新冠肺炎疫情援助物资当天早晨抵达波兰首都华沙，其中包括1万个检测试剂盒、2万个口罩等。同日抵达的还有波兰政府从中国采购的抗疫物资。
	查普托维奇在一份声明中说，紧急的情况需要迅速的行动，中方给予的支持可以帮助我们更好地保护民众生命健康。他说：“新冠肺炎疫情是全世界众多国家面临的挑战，因此我们需要分担责任共同抗疫。”
	波兰卫生部3月31日说，截至当天晚上，波兰累计新冠肺炎确诊病例升至2311例，死亡病例达33例。

【编辑:黄钰涵】
</body></doc>