<doc><id>121</id><url>http://www.chinanews.com/gn/2024/05-29/10225036.shtml</url><title>应急管理部：从业人员要自觉抵制买卖安全生产假证行为</title><datetime>2024-5-29 11:41:00</datetime><body>	中新网5月29日电应急管理部执法工贸局局长杨智慧29日表示，提醒广大从业人员，自觉抵制买卖安全生产假证行为，不要轻信免考、速成等虚假宣传，要从官方网站查询培训考试机构，参加正规培训考试取证。
	应急管理部29日就安全生产资格证书涉假专项治理情况举行发布会。会上，有记者提问称，专项治理行动持续到今年12月底，在此期间将采取哪些治理手段，治理目标又是什么？
	杨智慧表示，概括来说，本次专项治理就是要做好“七项任务”、做到“五个一批”。“七项任务”涵盖了与假证关联的各要素、各环节，包括：组织用工企业自查自改、组织培训考试机构自查自改、严格监管和执法处罚、加强网络空间治理、严格立案查处、强化典型案例曝光、畅通投诉举报途径。目标就是“五个一批”：坚决捣毁一批制售假证窝点，惩治一批假冒政府网站平台的团伙，查处一批持假人员和用假企业，淘汰一批培训考试弄虚作假的机构，曝光一批典型违法违规案例。
	杨智慧重点介绍了有关查询渠道：一是应急管理部开设的“国家安全生产考试”微信公众号，以及应急管理部网站上的“特种作业操作证及安全生产知识和管理能力考核合格信息查询平台”；二是住房城乡建设部开设的“全国工程质量安全监管信息平台”微信小程序，以及住房城乡建设部网站上的“全国工程质量安全监管信息平台公共服务门户”；三是市场监管总局网站上的“全国特种设备公示信息查询平台”。用工单位可以在这几个平台上查验证书真伪。
	杨智慧称，特别提醒广大从业人员，自觉抵制买卖安全生产假证行为，不要轻信免考、速成等虚假宣传，要从官方网站查询培训考试机构，参加正规培训考试取证。发现的证书涉假问题线索，可以通过安全生产举报热线12350、各地区有关部门官方网站投诉举报窗口等渠道进行举报。只要社会各方力量都动员起来、参与进来，假证一定“无处藏身”。【编辑:刘湃】
</body></doc>