<doc><id>1214</id><url>http://www.chinanews.com/gn/2020/04-01/9143895.shtml</url><title>四川新增2例境外输入新冠肺炎确诊病例</title><datetime>2020-4-1 09:50:00</datetime><body>	中新网4月1日电据四川省卫健委官方微博消息，3月31日0-24时，四川省新型冠状病毒肺炎新增2例确诊病例(均为境外输入)，无新增治愈出院病例，无新增疑似病例，无新增死亡病例。
	新增确诊病例情况：
	1、向某某，女，21岁，3月27日从英国飞柬埔寨转机，3月29日抵达成都后即接受隔离医学观察和动态诊疗，3月31日确诊；
	2、赵某，女，26岁，3月27日从英国飞柬埔寨转机，3月29日抵达成都后即接受隔离医学观察和动态诊疗，3月31日确诊。
	以上确诊病例的相关密切接触者均已实施追踪和集中隔离医学观察。
	截至4月1日0时，四川省累计报告新型冠状病毒肺炎确诊病例552例(其中13例为境外输入)，已治愈出院536例，死亡3例，目前在院隔离治疗13例，715人正在接受医学观察。
	四川省183个县(市、区)全部为低风险区。
【编辑:李季】
</body></doc>