<doc><id>1216</id><url>http://www.chinanews.com/ga/2020/04-01/9143876.shtml</url><title>澳门新增2例输入性新冠肺炎确诊病例 系母子关系</title><datetime>2020-4-1 09:47:00</datetime><body>	中新网4月1日电据澳门特区政府网站消息，澳门新型冠状病毒感染应变协调中心表示，3月31日新增2例输入性新型冠状病毒肺炎确诊病例，分别为第40例和41例。
	第40例患者为47岁女性，澳门居民，家庭主妇，英国返澳；第41例患者为20岁男性，英国留学生，是第40例患者的儿子。
	2人一同于3月26日由英国伦敦乘国泰航空(CX250，座位22A及22G)出发，于3月27日下午抵达香港国际机场，3月27日晚上由旅游危机办专车经港珠澳大桥口岸接回澳门，当时按卫生局检疫措施被安排到御龙酒店进行医学观察。
	2人于3月31日鼻咽拭子检测样本结果对新型冠状病毒核酸检测呈阳性，确诊为新型冠状病毒肺炎。
	2名患者目前情况一般，已安排到仁伯爵综合医院隔离病房住院治疗。同行的4人被列为密切接触者，已安排送往临时医学隔离中心进行医学观察。
【编辑:李季】
</body></doc>