<doc><id>1217</id><url>http://www.chinanews.com/cj/2020/04-01/9143906.shtml</url><title>沪指低开0.25%报2743.54点 黄金等板块领跌</title><datetime>2020-4-1 09:44:00</datetime><body>	中新经纬客户端4月1日电沪指低开，报2743.54点，跌幅0.25%；深成指报9967.12点，涨幅0.05%；创业板指报1875.36点，涨幅0.18%；上证50指数2684.50点，跌幅0.18%；沪深300报3682.30点，跌幅0.1%。
	盘面上，汽车零部件、汽车服务、房地产开发、其他电子、机场等板块领涨；黄金、餐饮、种植业、航运、景点等板块跌幅居前。概念股方面，资金龙头、语音技术、装配式建筑、燃料乙醇、房屋租赁等涨幅居前，C2M概念、黄金、BDI指数、IPV6、快递等跌幅居前。
	个股方面，1113只个股上涨，其中大东方、贵绳股份、恒康医疗等16只个股上涨幅度超过5%。2178只个股下跌，其中德力股份、ST锐电、银江股份等13只个股下跌幅度超过5%。
	资金流向方面，行业板块主力流入前五名的是其他交运设备、文化传媒、互联网传媒、营销传播、船舶制造，流出前五名的是其他交运设备、文化传媒、互联网传媒、营销传播、船舶制造。位居主力流入前五位的个股是阿尔特、仙乐健康、左江科技、锦鸡股份、钢研纳克，流出前五位的个股是阿尔特、仙乐健康、左江科技、锦鸡股份、钢研纳克。排在主力流入前五位的概念题材是O2O概念、棉花、特高压、风电、深圳国资改革，流出前五位的概念题材是O2O概念、棉花、特高压、风电、深圳国资改革。
	来自中国外汇交易中心的数据显示，人民币兑美元中间价上升80点，报7.0771。
	截至上一交易日，上交所融资余额报5627.13亿元，较前一交易日增加64.04亿元，融券余额报123.88亿元，较前一交易日增加14.02亿元；深交所融资余额报4847.31亿元，较前一交易日增加441.6亿元，融券余额报52.87亿元，较前一交易日增加24.59亿元。两市融资融券余额合计10651.2亿元，较前一交易日增加544.24亿元。
	从沪深港通南北资金流向看，截至发稿，北向资金净流入1.48亿元，其中沪股通净流入0.18亿元，当日资金余额为519.82亿元，深股通净流入1.3亿元，当日资金余额为518.7亿元；南向资金净流入15.82亿元，其中沪港通净流入15.2亿元，当日资金余额为404.8亿元，深港通净流入0.62亿元，当日资金余额为419.38亿元。(中新经纬APP)
【编辑:张楷欣】
</body></doc>