<doc><id>122</id><url>http://www.chinanews.com/cj/2024/05-29/10225013.shtml</url><title>工信部规划1亿个车联网专用号码 支持智能网联汽车和车联网高质量发展</title><datetime>2024-5-29 11:40:00</datetime><body>	中新网5月29日电据工业和信息化部网站消息，为落实政府工作报告关于“巩固扩大智能网联新能源汽车等产业领先优势”“提振智能网联新能源汽车、电子产品等大宗消费”等部署要求，积极支持我国智能网联汽车和车联网高质量发展，近日，工业和信息化部规划1亿个11位公众移动通信网号码专用于车联网业务。
	工业和信息化部指出，当前，我国智能网联汽车产业迎来新一轮高质量发展。2023年我国汽车产销量创历史新高，双双突破3000万辆，同比分别增长11.6%和12%。与普通手机用户使用手机SIM卡联网类似，智能网联汽车依托配置车联网专用号码的物联网卡连接4G/5G网络，可支持车辆与车企后台进行数据通信、车内人员日常上网娱乐以及紧急情况下车内人员救援、道路救援的语音通信等各种功能，保障用户安全的同时，带来丰富的用车体验。
	下一步，工业和信息化部将按程序向有关基础电信企业核配车联网专用号码，不断提升码号资源管理水平，持续跟踪产业发展态势，适时补充码号资源，发挥信息通信业赋能作用，支持智能网联汽车和车联网业务高质量发展。【编辑:叶攀】
</body></doc>