<doc><id>1223</id><url>http://www.chinanews.com/gj/2020/04-01/9143858.shtml</url><title>俄罗斯向美国提供物资 助美抗击新冠病毒疫情</title><datetime>2020-4-1 09:31:00</datetime><body>	(抗击新冠肺炎)俄罗斯向美国提供物资助美抗击新冠病毒疫情
	中新网莫斯科3月31日电(记者王修君)31日俄罗斯总统新闻秘书佩斯科夫在莫斯科透露，一架载有医疗设备和防护用品的飞机于31日晚间飞往美国。
	佩斯科夫说，俄总统普京与美国总统特朗普在30日的电话交谈中谈及了此事。31日进行了技术层面协调和起飞准备。
	佩斯科夫说，在美国遭遇严重疫情的情况下，俄方以医疗设备和防护用品的形式向美国提供了帮助。特朗普接受了带有人道性质的帮助并表示了感谢。
	佩斯科夫强调，重要的一点是，俄方向美方提供援助是建立在美国医药物资、设备生产商在能周转过来时，也这样在有必要时向俄方提供援助。
	佩斯科夫说，类似的方式也正在俄罗斯和中国之间建立起来。
	佩斯科夫表示，当前局势波及到所有人，具有全球性的特点，必须共同行动，互相帮助，没有其他的道路可选择。
	据《华盛顿邮报》消息，特朗普于30日表示，俄罗斯给我们送来了非常多的机载物资，医疗设备，这很好。
	目前新冠病毒疫情在全世界范围内传播。早些时候，除了美国外，俄罗斯还向意大利、蒙古等多个国家提供了抗击新冠病毒疫情的援助物资。(完)
【编辑:李夏君】
</body></doc>