<doc><id>1224</id><url>http://www.chinanews.com/gn/2020/04-01/9143878.shtml</url><title>陕西新增2例境外输入新冠肺炎 累计境外输入10例</title><datetime>2020-4-1 09:24:00</datetime><body>	中新网4月1日电据陕西省卫生健康委员会官方微博消息，2020年3月31日8时至4月1日8时，陕西新增2例境外(比利时1例、西班牙1例)输入新冠肺炎确诊病例。新增疑似病例0例。新增密切接触者30人(外省协查)。截至2020年4月1日8时，陕西累计报告境外输入新冠肺炎确诊病例10例。尚在接受医学观察的无症状感染者为2例，其中境外输入1例。全省现有疑似病例0例。当前隔离822人。
	其中，境外输入病例1，张某某，男，32岁，中国籍，比利时某公司经理，患者3月15日出现发热症状，3月18日在比利时当地就医，要求检测核酸被拒绝，被诊断为普通感冒，给予药物治疗。3月23日症状消失。3月28日，患者与妻子乘坐HU492航班自比利时布鲁塞尔飞往北京，全程穿戴防护服、口罩、眼罩、手套。3月29日5时38分抵达第一入境点西安咸阳国际机场。入境时西安海关流行病学调查发现其“曾有发热史，且服用退热药物”，进行采样后，转交西安市进一步隔离排查，CT显示肺部近胸膜磨玻璃影改变，3月29日入境后核酸检测阴性。西安市公共卫生中心3月30日IgM抗体检测阳性、IgG抗体检测阴性。3月31日，患者被转运至定点医院隔离治疗，再次采样核酸检测阴性，IgM、IgG抗体均为阳性。经省、市专家组会诊，根据《新冠肺炎诊疗方案(试行第七版)》相关标准，患者被诊断为新冠肺炎确诊病例。
	境外输入病例2，黄某某，男，20岁，中国籍，西班牙马德里某大学学生。患者3月24日出现咳嗽、咳痰症状，偶有鼻塞。3月27日16时5分乘坐西班牙国航IB3214航班自西班牙马德里飞往比利时布鲁塞尔。3月28日15时22分乘坐HU492次航班自比利时布鲁塞尔飞往北京，全程穿戴防护服、口罩、眼罩、手套。3月29日5时38分抵达第一入境点西安咸阳国际机场，入境时西安海关体温检测37.7℃，流行病学调查发现其有“乏力、干咳等症状”，进行核酸检测后移交西安市进一步隔离排查，3月29日入境后核酸检测阴性。西安市公共卫生中心3月30日核酸检测结果阴性，IgM抗体阳性、IgG抗体阳性。3月31日患者被转运至定点医院隔离治疗，再次采样核酸检测为阴性，IgM、IgG抗体均为阳性。经省、市专家组会诊，根据《新冠肺炎诊疗方案(试行第七版)》相关标准，患者被诊断为新冠肺炎确诊病例。
	两名患者入境所乘HU492次航班其余248人均已进行核酸检测，结果全部为阴性，并已落实管控措施，其他密切接触者正在追踪。
【编辑:张楷欣】
</body></doc>