<doc><id>1225</id><url>http://www.chinanews.com/sh/2020/04-01/9143853.shtml</url><title>河南：因疫情耽误的课程可通过周末或暑假弥补</title><datetime>2020-4-1 09:12:00</datetime><body>	中新网郑州3月31日电(记者韩章云)原定于2月10日左右开学的河南各级中小学，目前因疫情已延期开学近两个月。3月31日，河南省教育厅官宣该省中小学(含市县所属中职学校)其他年级和幼儿园的返校复学不早于4月13日。同时明确，因疫情占用的正常课程时间，可以通过调整周末或占用一定暑假时间进行弥补，小学不需要占用周末。
	3月31日，河南省新冠肺炎疫情防控专题第四十四场新闻发布会在郑州召开。发布会对外宣布，河南全省高三年级4月7日统一返校复学；中小学校(含市县所属中职学校)其他年级和幼儿园的返校复学工作由省辖市统筹安排，且不早于4月13日，原则上初三年级省辖市域内统一开学时间。
	发布会上，河南省教育厅党组成员、副厅长毛杰介绍，河南省中小学是在原定的开学时间，也就是2月10日起，就开始了网上教学工作，目前中小学已经进行到第8周。“但是，由于学生的个体差异，有些就不太适应网上学习，这就需要学校根据大多数学生的情况，制订兼顾所有学生的查漏补缺方案。”
	毛杰说，为巩固学习效果，返校复学后，原则上按照中学安排4周左右、小学安排3周左右时间开展教学衔接。“由此占用的正常课程时间，可以通过调整周末或占用一定暑假时间进行弥补，小学不需要占用周末。具体调整计划由各地根据实际情况研究确定，并及时报省教育厅备案。”
	开学在即，在做好疫情防控工作的前提下，河南省教育厅要求各级学校上好“复学第一课”。
	毛杰介绍，延期开学期间，河南全省教育部门和各学校，已经把“复学第一课”作为复学准备的重要内容进行了部署安排，使“复学第一课”真正成为爱国主义教育课、思想政治理论课、爱国卫生运动和公共卫生知识普及课。
	“河南省教育厅将统一制作下发‘复学第一课’视频教材，供学校学习使用。”毛杰表示，疫情挡不住春天的到来，困难挡不住青春的脚步，真诚希望广大师生能从灾难中汲取力量，从感动中强化担当，只争朝夕，不负韶华，把灾难当教材，与祖国共成长。
	关于校外培训机构问题，毛杰介绍说，各类校外培训机构在当地普通中小学幼儿园全面返校复课前，一律不得组织开展线下培训活动。全面返校复课后，经所属县(市、区)教育行政部门批准，培训机构方可重新开展线下培训业务。经批准开展培训的机构，必须参照普通中小学疫情防控标准和要求，建立健全防控措施和应急预案，确保安全稳定。(完)
【编辑:叶攀】
</body></doc>