<doc><id>1226</id><url>http://www.chinanews.com/sh/2020/04-01/9143854.shtml</url><title>4名首批接种新冠疫苗志愿者结束隔离回家</title><datetime>2020-4-1 08:53:00</datetime><body>	4名首批接种新冠疫苗志愿者结束隔离回家，“身体一切正常”
	3月31日，首批于3月16日晚接种重组新冠疫苗的4名志愿者结束隔离观察，回到家中。离开武汉特勤疗养中心前，4名志愿者按照计划再次进行了采血。
	已经结束隔离观察的志愿者靳官萍告诉澎湃新闻(www.thepaper.cn)，她于3月24日，也就是接种疫苗后的第7天进行了一次采血。3月31日上午，即接种疫苗后的第14天，她又进行了一次采血。集中隔离期间，她的身体状况一切正常。
	于3月19日接种疫苗的志愿者向亚飞仍在武汉特勤疗养中心集中隔离观察。他说：“注射疫苗的头三天，每天晚上我的体温都在37.6℃左右，有些低烧。医护人员说这是正常现象，是身体的免疫系统在与疫苗‘斗争’。到了第四天晚上，低烧的症状就没有了。现在，我的身体一切正常。”
	澎湃新闻此前报道，自1月26日抵达武汉以来，由中国工程院院士、军事科学院军事医学研究院研究员陈薇领衔的科研团队集中力量展开疫苗研制应急科研攻关。3月16日，陈薇院士团队研制的重组新冠疫苗通过临床研究注册审评；当日20时18分，获批正式进入临床试验。
	《重组新型冠状病毒疫苗(腺病毒载体)临床研究招募启事》(以下简称《启事》)显示，重组新型冠状病毒疫苗(腺病毒载体)临床研究正在招募志愿者，参加条件包括年龄范围在18至60周岁之间的健康成人、无新冠肺炎病史或感染史、无疫苗接种过敏史等。
	《启事》称，研究计划招募合格志愿者108人，分成3个研究组，即低剂量疫苗组、中剂量疫苗组、高剂量疫苗组，每组36人。
	根据《启事》，志愿者接种疫苗后，将在东湖武汉特勤疗养中心观察疗养14天。此外，研究人员将对每名志愿者进行7次血液样本采集，主要用于抗体检测，分别在接种前7天内、接种当天和接种后的第7天、第14天、第28天、第3个月、第6个月进行。每名志愿者采血量共145毫升。
	靳官萍于3月16日报名，经体检合格后于当晚接种了疫苗，成为首个女性志愿者。与靳官萍一起接种的，还有3名男性志愿者。
	3月17日，首批4名志愿者被安排住进武汉特勤疗养中心集中隔离观察。此后，陆续有其他志愿者接种疫苗后进入该中心集中隔离观察。
	记者王鑫
【编辑:王诗尧】
</body></doc>