<doc><id>1227</id><url>http://www.chinanews.com/sh/2020/04-01/9143852.shtml</url><title>北京警方连续破获盗窃存放外卖快递案</title><datetime>2020-4-1 08:53:00</datetime><body>	新华社北京4月1日电(记者鲁畅)疫情期间快递无法上门送件，大部分社区设立了无接触外卖快递存放点，减少人员密切接触，但不法分子却趁机盗窃财物。记者日前从北京市公安局获悉，警方近期严打社区无接触快递存放点盗窃等违法犯罪行为，连续破获多起相关案件，涉案人员多为本小区居民。
	3月14日，朝阳公安分局接群众报警称，其从网上购买的外卖在六里屯某小区无接触快递存放点被盗。民警调查发现，除该案件外，小区还有两起外卖被盗情况，违法人员均为女性，且体貌特征相似，基本确定系同一人所为。民警于3月16日将该女子抓获，并在其家中起获多份被盗外卖及包装盒。经审查，女子张某(女，36岁)是该小区居民，其对多次盗窃他人外卖、快递等物品违法犯罪事实供认不讳。目前，嫌疑人张某因涉嫌盗窃罪已被朝阳公安分局依法采取刑事强制措施。
	3月17日，通州公安分局接群众报警称，其在网上购买的物品在梨园镇某小区无接触快递存放点被盗。通州公安分局九棵树派出所民警调查发现，一可疑男子在存放点随意翻找快递，并将多个快递放至车辆后备厢后离开，形迹可疑。随后，民警依法将该男子传唤至派出所。经审查，该男子李某(男，39岁)是该小区居民，其对盗窃他人快递的事实供认不讳。3月18日，通州公安分局依法对李某处以行政拘留的处罚。
	3月26日，大兴公安分局接群众报警称，其在网上购买的物品在亦庄某小区无接触快递存放点被盗。民警调查发现，一可疑女子在存放点仔细查找自己的快递，拿到后又顺手牵羊，将包装比较精美的他人快递盗走。经进一步工作，民警将该女子成功抓获归案。经审查，该女子陈某晶(女，60岁)是该小区居民，其对盗窃他人快递的事实供认不讳，并进一步交代了疫情期间还多次盗窃他人快递的违法犯罪事实。陈某晶因涉嫌盗窃罪已被大兴公安分局依法采取刑事强制措施。
【编辑:黄钰涵】
</body></doc>