<doc><id>123</id><url>http://www.chinanews.com/gn/2024/05-29/10225039.shtml</url><title>国台办：决不为任何形式的“台独”分裂活动留下任何余地</title><datetime>2024-5-29 11:36:00</datetime><body>	中新网5月29日电在国台办5月29日举办的新闻发布会上，发言人朱凤莲指出，我们决不容忍、决不姑息，决不为任何形式的“台独”分裂活动留下任何余地。
	会上有记者问：解放军日前位台岛周边开展“联合利剑—2024A”演习。这次军演覆盖范围更广、距离台岛更近、兵力规模更大、实战意味更浓。请问这意味着什么？这样的军演会否常态化？
	朱凤莲指出，台湾地区领导人一上任就猖狂挑战一个中国原则，赤裸裸贩卖“两国论”，妄图推动台湾问题“国际化”，继续“倚外谋独”“以武谋独”，企图将台湾推向绝路。对此，我们决不容忍、决不姑息，决不为任何形式的“台独”分裂活动留下任何余地。解放军在台岛周边开展“联合利剑—2024A”演习，是对台湾地区领导人“5·20”讲话谋“独”挑衅的坚决惩戒，是对外部势力纵容支持“台独”、干涉中国内政的严厉警告，是捍卫国家主权和领土完整的正义行动。
	朱凤莲称，需要指出的是，我们的所有反制措施针对的是“台独”分裂活动和外部势力干涉，绝非针对广大台湾同胞。希望广大台湾同胞站在历史正确的一边，明辨是非、奉义而行，和大陆同胞一道，坚决反对“台独”分裂和外部势力干涉，坚定守护中华民族共同家园，共创国家统一、民族复兴的美好未来。
【编辑:刘湃】
</body></doc>