<doc><id>1232</id><url>http://www.chinanews.com/gn/2020/04-01/9143837.shtml</url><title>四川45.7万高三学生今日复课 备战高考有信心</title><datetime>2020-4-1 08:36:00</datetime><body>	基于四川省防控疫情整体向好的情况，四川省高三学生于今日(4月1日)开学复课。根据四川省教育厅发布的《疫情防控期间学校开学工作指导手册》，学生宿舍不超过4人居住，课桌间隔调整至1.5米，室内上课需佩戴口罩。学生在校内的一切活动，以班级为单元，合理管控、分时错峰，最大限度减少在校人员交叉聚集。同时落实属地原则，校内需设置留观室，生活老师和校医“24小时”值班，当地教育和防疫部门需派专人常驻学校，确保突发情况及时高效处置，教育教学平稳有序进行。
	1月31日下午，成都7中万达学校的高三住校生陆续返校，他们按照引导分流示意图，经过健康申报、测量体温、行李物品消杀后方可进入生活区。不少同学除了生活用品外，还带了充足的防护用品。
	今天(4月1日)新学期的第一课，各校都以普及疫情防控知识和备战高考为内容，帮助学生们理性看待疫情，妥善安排学习计划。据了解，四川高三学生自春节以来，经过了“带任务自学”“云课堂集中上课”两个阶段，学习任务完成情况良好，返校复课后可以实现课业上的无缝衔接。昨日(1月31日)，2020年高考时间公布，不少师生觉得多一月备考，信心十足。
	(总台央视记者庞丁）
【编辑:刘羡】
</body></doc>