<doc><id>1235</id><url>http://www.chinanews.com/gn/2020/04-01/9143824.shtml</url><title>辽宁新增1例境外输入新冠肺炎确诊病例 属重型病例</title><datetime>2020-4-1 08:08:00</datetime><body>	中新网4月1日电据辽宁省卫生健康委员会官方微博消息，2020年3月31日0时至24时，辽宁省新增1例境外输入新型冠状病毒肺炎确诊病例，为铁岭市病例(来自美国)，属重型病例。无新增治愈出院病例。
	辽宁全省累计报告确诊病例140例，出院124例，死亡2例，在院治疗14例(均为境外输入病例，5名在省集中救治中心沈阳中心治疗、7名在省集中救治中心大连中心治疗、1名在鞍山市定点医疗机构治疗、1名在铁岭市定点医疗机构治疗)。14名在治患者中，重型病例2例，无危重型病例。
	全省140例确诊病例中，沈阳市32例、大连市26例、鞍山市5例、本溪市3例、丹东市11例、锦州市12例、营口市1例、阜新市8例、辽阳市4例、铁岭市9例、朝阳市6例、盘锦市11例、葫芦岛市12例。
	截至2020年3月31日24时，全省累计报告无症状感染者52例，其中解除隔离出院12例，转为确诊病例23例(治愈出院22例、在省集中救治沈阳中心治疗1例)，在定点医院治疗17例(其中境外输入16例)。
	目前共追踪到确诊病例和无症状感染者的密切接触者3729人(含境外输入病例密切接触者)，已解除医学观察3136人，尚有593人正在接受医学观察。
【编辑:叶攀】
</body></doc>