<doc><id>1236</id><url>http://www.chinanews.com/gn/2020/04-01/9143823.shtml</url><title>上海新增境外输入新冠肺炎确诊病例7例</title><datetime>2020-4-1 08:02:00</datetime><body>	中新网4月1日电据上海市政府新闻办公室官方微博消息，上海市卫健委4月1日通报：3月31日0—24时，通过口岸联防联控机制，报告7例境外输入性新冠肺炎确诊病例。新增治愈出院3例，来自西班牙1例，来自伊朗1例，来自美国1例。
	病例1为中国籍，在英国留学，3月27日自英国出发，3月28日抵达上海浦东国际机场，入关后即被隔离观察，综合流行病学史、临床症状、实验室检测和影像学检查结果等，诊断为确诊病例。
	病例2为中国籍，在泰国旅行，3月28日自泰国出发，3月29日抵达上海浦东国际机场，入关后即被隔离观察，综合流行病学史、临床症状、实验室检测和影像学检查结果等，诊断为确诊病例。
	病例3为美国籍，在印度尼西亚旅行，3月23日自印度尼西亚出发，经台湾转机后于3月24日抵达上海浦东国际机场，入关后即被隔离观察，期间出现症状。综合流行病学史、临床症状、实验室检测和影像学检查结果等，诊断为确诊病例。
	病例4为中国籍，在西班牙出差，3月27日自西班牙出发，经俄罗斯转机后于3月28日抵达上海浦东国际机场，入关后即被隔离观察，综合流行病学史、临床症状、实验室检测和影像学检查结果等，诊断为确诊病例。
	病例5为法国籍，3月20日自法国出发，3月21日抵达上海浦东国际机场，入关后即被隔离观察，期间出现症状。综合流行病学史、临床症状、实验室检测和影像学检查结果等，诊断为确诊病例。
	病例6为法国籍，3月18日自法国出发，3月19日抵达上海浦东国际机场，入关后即被隔离观察，期间出现症状。综合流行病学史、临床症状、实验室检测和影像学检查结果等，诊断为确诊病例。
	病例7为中国籍，3月28日自英国出发，3月29日抵达上海浦东国际机场，入关后即被隔离观察，综合流行病学史、临床症状、实验室检测和影像学检查结果等，诊断为确诊病例。
	7例境外输入性确诊病例均已转至定点医疗机构救治，已追踪同航班的密切接触者48人，均已落实集中隔离观察。
	3月31日0—24时，无新增本地新冠肺炎确诊病例；新增死亡1例。死亡病例为女性，63岁，入院后病情进行性加重，先后予以呼吸机、ECMO(体外膜肺氧合)、CRRT(持续性肾脏替代疗法)等治疗，经全力抢救无效死亡。
	截至3月31日24时，累计报告境外输入性确诊病例177例，治愈出院14例，在院治疗163例(其中2例重症，1例危重)，现有20例境外输入性疑似病例正在排查中。累计报告本地确诊病例339例，治愈出院327例，死亡6例，在院治疗6例(其中5例危重)，现有本地疑似病例0例。
【编辑:叶攀】
</body></doc>