<doc><id>1237</id><url>http://www.chinanews.com/gn/2020/04-01/9143821.shtml</url><title>河北新增境外输入新冠肺炎确诊病例2例</title><datetime>2020-4-1 07:57:00</datetime><body>	中新网4月1日电据河北省卫生健康委员会官方微博消息，2020年3月31日0—24时，河北报告境外输入新型冠状病毒肺炎确诊病例2例。截至3月31日24时，累计报告境外输入确诊病例5例。
	3月31日0—24时，河北省无新增报告本地新型冠状病毒肺炎确诊病例，无新增死亡病例，无新增疑似病例。
	当日新增治愈出院病例0例，解除隔离医学观察的密切接触者1人。
	截至3月31日24时，河北省现有确诊病例7例(含境外输入病例5例)，累计治愈出院病例310例，累计死亡病例6例，累计报告本地确诊病例318例、境外输入病例5例，现有疑似病例0例。累计追踪到密切接触者11143人，尚在隔离医学观察的密切接触者209人。
	本地确诊病例中，唐山市58例、沧州市48例、张家口市41例、保定市32例、邯郸市32例、廊坊市30例、石家庄市29例、邢台市23例、秦皇岛市10例、衡水市8例、承德市7例；死亡病例中，沧州市3例、秦皇岛市1例、唐山市1例、邢台市1例；出院病例中，唐山市55例、沧州市45例、张家口市41例、保定市32例、邯郸市32例、廊坊市30例、石家庄市29例、邢台市22例、秦皇岛市9例、衡水市8例、承德市7例。
【编辑:叶攀】
</body></doc>