<doc><id>1238</id><url>http://www.chinanews.com/sh/2020/04-01/9143820.shtml</url><title>重庆市报告新增无症状感染者1例 系外地输入</title><datetime>2020-4-1 07:53:00</datetime><body>	中新网4月1日电据重庆市卫生健康委员会官方网站消息，3月31日0—24时，重庆市报告新增无症状感染者1例(外地输入)，解除医学观察1例。
	截至3月31日24时，尚在接受医学观察的无症状感染者为11例，其中境外输入4例。
	截至3月31日24时，累计追踪到密切接触者24144人，已解除医学观察23803人，尚有341人正在接受医学观察。
	此外，3月31日0—24时，重庆市本地无新增新冠肺炎确诊病例报告。截至3月31日24时，重庆市本地无在院确诊病例，累计治愈出院病例570例，累计死亡病例6例，累计报告确诊病例576例。
	3月31日0—24时，重庆市无新增境外输入新冠肺炎确诊病例报告。截至3月31日24时，重庆市累计报告境外输入确诊病例3例，均在院治疗。
【编辑:叶攀】
</body></doc>