<doc><id>124</id><url>http://www.chinanews.com/gn/2024/05-29/10225009.shtml</url><title>国台办：民进党当局每滋事挑衅一次 国际社会坚持一个中国的共识就巩固一分</title><datetime>2024-5-29 11:32:00</datetime><body>	中新网5月29日电在国台办5月29日举办的新闻发布会上，发言人朱凤莲指出，国际社会坚持一个中国的格局不可撼动，世卫组织按照一个中国原则处理涉台问题得到国际社会的坚定支持。民进党当局每滋事挑衅一次，国际社会坚持一个中国的共识就巩固一分。
	会上有记者问：第77届世界卫生大会正在瑞士日内瓦召开，大会期间，许多国家密集表态支持一个中国原则。对此有何评论？
	朱凤莲指出，5月27日，第77届世界卫生大会总务委员会和全会分别做出决定，明确拒绝将涉台提案列入大会议程。在世卫大会期间，百余国通过专门致函世卫组织总干事等方式明确支持中国立场。这充分说明一个中国原则是人心所向、大义所在，国际社会坚持一个中国的格局不可撼动，世卫组织按照一个中国原则处理涉台问题得到国际社会的坚定支持。
	朱凤莲强调，企图不通过两岸协商、借助外部势力支持参与国际组织及其活动，是行不通的。民进党当局每滋事挑衅一次，国际社会坚持一个中国的共识就巩固一分。妄图挑战一个中国原则，只会失道寡助，四处碰壁。【编辑:于晓】
</body></doc>