<doc><id>1240</id><url>http://www.chinanews.com/sh/2020/04-01/9143812.shtml</url><title>通宵准备交通护送方案 武汉交警迎来最密集护送日</title><datetime>2020-4-1 07:28:00</datetime><body>	通宵准备交通护送方案　　交警迎来最密集护送日
	长江日报讯（记者魏娜通讯员高梓健詹晓静）3月31日，7000多名援鄂医疗队队员踏上回家之路，这也是自3月17日援鄂医疗队开始有序撤离以来，返程人数最多的一天。
	清晨3时，武昌区交通大队汉警快骑队员分别在武昌区中南花园酒店、锦江都城酒店出发点严阵以待。4时，当天最早离汉的援鄂医疗队河北省第七批、第八批医疗队返程，汉警快骑前方带路，沿线警察敬礼，武昌区交通大队以“精心准备、最深敬意、最佳形象”护航白衣战士返程。
	上午11时，福建省第十一批医疗队共172人离汉返回，在武昌区清江饭店门前，武昌区交通大队7名汉警快骑队员在门前待命，等待期间，医疗队员与帅气的汉警快骑队员合影，并邀请交警在医疗队“战袍”（防护服）上签名纪念。
	22岁的女医护人员吴扬彤是福建省第十一批医疗队中年龄最小的队员。吴扬彤说，“第一次来到武汉，也是第一次出省援助，深深感受到武汉人的热情，心中难舍武汉情”，随后，吴扬彤提出想坐坐汉警快骑的摩托车，在武昌区交通大队汉警快骑队员毛欧阳指导下，吴扬彤坐上摩托车，圆了一个小心愿。
	送别现场，武昌区交通大队政委徐建为福建援鄂医疗队准备了一个汉警快骑摩托车模型，具有交警特色、样式别致的礼品，深受医疗队员的喜欢。医疗队代表接收礼品后，表示将会放在医院纪念馆中，见证医疗队与武汉交警的友谊。
	即将上车时，福建医疗队唱起《爱拼才会赢》。“今天从武昌辖区经过的援鄂医疗队有11趟，其中8趟由我们在前方带路。昨晚，我们通宵准备交通护送方案，精心准备每一次送行，表达我们的感激之情”，武昌区交通大队汉警快骑机动中队中队长王波介绍。
【编辑:王诗尧】
</body></doc>