<doc><id>1242</id><url>http://www.chinanews.com/sh/2020/04-01/9143809.shtml</url><title>武汉道路交通流量恢复至平常1/3 交警整治交通违法行为</title><datetime>2020-4-1 07:23:00</datetime><body>	道路交通流量恢复至平常1/3　　武汉交警：请您挪走爱车
	长江日报讯（记者魏娜通讯员张鹏陈琳）为配合企业复工复产，保障道路交通安全畅通有序，预防因违停发生的交通事故及拥堵，3月31日，武汉交警温馨提醒：如您的爱车停在主干道、消防通道、人行道、公交车站、车辆进出通道、路口50米范围内等重点区域或者是双排停车，请您尽快将车挪走。
	据市公安交管部门相关负责人介绍，随着新冠疫情防控形势好转，我市各类企业逐步进入复工复产阶段。武汉交警大数据统计，目前全市在途流量已恢复至正常状态的1/3，较疫情防控期间大幅增长。市民反映近期大量违停车辆已对其他车辆的正常出行、公交车靠站造成一定影响。因此，武汉交警吁请广大市民，请不要将车停在影响其他车辆正常通行的重点区域，如已停放，请尽快挪移。停放车辆造成道路交通拥堵或易造成交通事故的，武汉交警将依法拖移车辆。
	下一步，武汉交警将根据市疫情防控指挥部的有关规定，进一步加大各类交通违法行为整治力度。同时，将密切关注小区“解封”情况，对“开放”小区周边违法停车依法进行查处，以确保复工复产期间全市道路交通安全畅通。

【编辑:王诗尧】
</body></doc>