<doc><id>1243</id><url>http://www.chinanews.com/cj/2020/04-01/9143807.shtml</url><title>确保质量 武汉企业生产的口罩均达医用标准</title><datetime>2020-4-1 07:20:00</datetime><body>	点对点服务确保质量　　武汉企业生产的口罩均达医用标准
	长江日报讯（记者唐煜通讯员刘翠微代再霞）“从标准对标，从专供出口，从民用到医用，一系列的转变和提升，市场监管部门对我们进行了点对点服务。”3月31日，位于蔡甸区的武汉华燕卫生用品有限公司法定代表人罗四彦说，现在口罩日产量有40万只，均达到医用标准。
	武汉华燕卫生用品有限公司是一家专门做出口民用型口罩的企业，新冠肺炎疫情发生以来，市、区市场监管部门质量监督人员联手多次上门，清标准、看包装、问工艺、验产品，在了解企业需求和顾虑后，开辟绿色通道，帮助该企业办理了医疗器械生产许可证。“以应急抽检的特殊方式，该企业生产的口罩达到一次性使用医用国家标准，解决了企业产品定向和第三方检验的燃眉之急。”蔡甸区市场监管局质量科科长李文波说。
	武汉翔裕卫生材料有限公司是生产一次性医用口罩的企业，生产期间，江夏区市场监管局派人员驻守企业，对企业生产情况实行全程监管，监督企业按专业标准组织生产。近期，江夏区市场监管局采取随机抽样的办法，委托省、市专业技术机构对口罩的产品质量进行检验，抽查质量全部合格。
	据了解，我市产品质量监管工作围绕“点对点”到口罩生产企业指导和服务，解决企业生产需求，对口罩5个国家相关标准进行特点上指导和用途上宣贯，从标识内容、执行标准、生产日期、过滤效率、防护效果等方面进行指导和帮扶。
	市市场监管局相关负责人介绍，通过抽查检验，我市几家企业生产的口罩防护效果均达到相关国际标准。
	据悉，我市还将对药店和网上采购平台的口罩组织开展专项质量监督抽查，若发现存在以次充好、以不合格冒充合格、以劣充优等违法行为，将依法严查，以营造公平有序的市场环境。
【编辑:李玉素】
</body></doc>