<doc><id>1245</id><url>http://www.chinanews.com/sh/2020/04-01/9143804.shtml</url><title>云南新增境外输入确诊病例1例、无症状感染者1例</title><datetime>2020-4-1 07:03:00</datetime><body>	中新网4月1日电据云南省卫健委网站消息，3月31日0时至24时，云南省无新增本地确诊病例，新增境外输入确诊病例1例(中国籍，英国输入)，新增境外输入无症状感染者1例(中国籍，沙特阿拉伯输入)。
	截至3月31日24时，现有境外输入确诊病例8例(中国籍7例)，现有无症状感染者3例(中国籍2例)。
	第8例境外输入病例信息：
	男，14岁，学生，2020年3月21日从伦敦乘坐CA848航班于22日抵达上海浦东机场，当日从上海乘坐JD5666航班于23日抵达丽江，即送丽江市集中医学观察点集中观察。24日采样检测，新冠病毒核酸阴性，隔离期间体温正常。31日再次采样检测核酸阳性，即转运到定点医疗机构隔离，诊断为新冠肺炎确诊病例(普通型，英国输入)。
	1例境外输入无症状感染者信息：
	男，16岁，学生，2020年3月12日乘机从沙特于14日到昆明，机场采样核酸检测阴性。送集中医学观察点集中观察，19日采样核酸检测阴性，隔离期间体温正常。31日再次采样核酸检测阳性，无临床症状，诊断为新冠肺炎无症状感染者(沙特阿拉伯输入)，已送定点医院隔离观察。
【编辑:陈海峰】
</body></doc>