<doc><id>1247</id><url>http://www.chinanews.com/gj/2020/04-01/9143794.shtml</url><title>俄美总统认为当前石油价格不符合两国利益</title><datetime>2020-4-1 06:20:00</datetime><body>	中新社莫斯科3月31日电(记者王修君)俄罗斯总统新闻秘书佩斯科夫31日表示，俄美总统认为当前石油价格行情不符合两国利益。
	30日，俄总统普京同美国总统特朗普通电话。期间，双方就世界石油市场形势交换了意见并约定举行两国能源部长级磋商。据美国白宫30日的一份声明称，双方在通话中就国际能源市场稳定达成了一致。
	佩斯科夫在31日举行的新闻发布会上谈及两国总统30日的通话时说，双方有共识，认为当前石油价格行情与两国利益不相符。他强调，两国将按元首的要求就石油市场形势启动磋商。但他并没有回答俄美双方是否会就油价问题采取联合行动的问题。
	3月6日，欧佩克与以俄罗斯为首的非欧佩克产油国举行会议，讨论今年3月底以后的原油生产政策。按照新的减产计划，俄罗斯每天需要减产150万桶直至2020年底。各方最终未能达成一致。会后，沙特宣布大幅下调原油价格，并提高日产量。受此影响，9日国际油价暴跌约30%，创下1991年以来单日最大跌幅。
	本月30日布伦特原油价格自2002年3月以来首次跌破每桶22美元。据俄罗斯卫星通讯社援引瓦尔代国际辩论俱乐部学术负责人卢基扬诺夫的话说，美国总统不会在俄罗斯和沙特之间斡旋，因为俄美利益不相同。(完)
【编辑:陈海峰】
</body></doc>