<doc><id>1248</id><url>http://www.chinanews.com/gj/2020/04-01/9143793.shtml</url><title>法国确诊病例突破五万例 马克龙要求加紧生产口罩</title><datetime>2020-4-1 06:19:00</datetime><body>	(抗击新冠肺炎)法国确诊病例突破五万例马克龙要求加紧生产口罩
	中新社巴黎3月31日电(记者李洋)法国新冠肺炎累计确诊病例当地时间3月31日突破50000例，累计死亡病例突破3500例。法国总统马克龙当天视察口罩生产厂，要求加紧生产口罩。
	根据法国卫生总署署长萨洛蒙公布的疫情统计数据，3月31日法国疫情加速恶化，当日新增确诊病例高达7578例，累计确诊病例上升至52128例；当日新增499例死亡病例，累计死亡病例上升至3523例。单日新增确诊病例和死亡病例又一次创下新纪录。
	萨洛蒙表示，目前有22757人住院，其中重症病例5565例。他说，重症患者中34%的人不到60岁，有68人的年龄不到30岁。萨洛蒙指出，重症病例是目前最重要的观察指标，以使医疗系统判断能否承受重症监护的巨大压力。
	根据法国卫生部门的最新统计，法国疫情最严重的大巴黎地区新冠肺炎死亡病例突破1000例，达1148例；重症病例已增至2037例，进一步加剧外界对大巴黎地区医疗系统饱和的担忧。
	法国总统马克龙当天前往法国西部城市昂热附近的一家口罩生产厂视察，要求相关企业加紧生产口罩，以保证法国能够有足够的医护口罩供给。马克龙当天视察的这家口罩生产厂已24小时运作，全力投入生产。
	马克龙在口罩生产厂发表电视直播讲话，指出在新冠肺炎疫情发生前，法国每周生产330万只口罩，到4月底法国的口罩产量将达到每周1000万只。他希望在今年年底时法国的口罩生产能实现自给自足。
	马克龙还宣布政府向公共卫生部门拨款40亿欧元，以保证口罩等医护物资的供应和调配。除了加紧口罩生产，马克龙还提出法国将加紧生产呼吸机。(完)
【编辑:陈海峰】
</body></doc>