<doc><id>1251</id><url>http://www.chinanews.com/gj/2020/04-01/9143780.shtml</url><title>毛里求斯新增2例新冠肺炎死亡病例 “全面宵禁”延长2周</title><datetime>2020-4-1 05:41:00</datetime><body>	毛里求斯卫生部于当地时间3月31日晚发布消息称，毛里求斯新增2例新冠肺炎死亡病例，分别为一名69岁和一名71岁的男性。毛里求斯目前累计确诊新冠肺炎143例，累计死亡5例，现存确诊138例。
	为加强社区排查，切断传染源，毛里求斯政府把“全面宵禁”的时间将延长至4月15日。毛里求斯总理贾格纳特强调，全面宵禁、民众居家隔离是当前控制疫情的唯一解决方法，将安排警察加强巡逻，确保宵禁严格执行。贾格纳特呼吁新冠肺炎疑似病人主动接受检测和治疗，阻断病毒传播，降低疫情风险，谴责违反宵禁规定、随意外出者，敦促民众继续待在家中，团结一致应对疫情。
	毛里求斯政府将采取一系列新措施帮助民众在全面宵禁状态下获得基本供应，具体如下：
	1.超市和商店将于4月2日起，每天从早9时营业到下午5时，周日不营业。
	2.民众严格按照姓氏首字母顺序、每家一次最多一人出门购物；必须持身份证、佩戴口罩和手套进入超市，在超市内不得停留超过30分钟。姓氏以A到F字母开头的家庭购物时间为周一和周四，姓氏以G到N字母开头的家庭购物时间为周二和周五，姓氏以O到Z字母开头的家庭购物时间为周三和周六。儿童不得进入商超。
	3.商超入口设置检疫点，控制人流和人数，限制米面等一次采购的数量，购物及结账时必须保持安全的距离。
	4.政府向所有非合同工和非正式工发放每人5100毛里求斯卢比（约合919元人民币）的补助金以帮助其度过全面宵禁时期。
	（总台记者顾雪嘉）
【编辑:陈海峰】
</body></doc>