<doc><id>1255</id><url>http://www.chinanews.com/sh/2020/04-01/9143767.shtml</url><title>浙江医疗队：“明年我们一定会再回来看黄鹤楼”</title><datetime>2020-4-1 04:41:00</datetime><body>	浙江医疗队　　“明年我们一定会再回来看黄鹤楼”
	长江日报讯（记者乔驰通讯员朱素芳潘宇翔）3月31日上午，来自浙江大学医学院附属第一医院、第二医院、邵逸夫医院的353名医务人员即将返程。送别仪式上，江汉区驻地保障人员、酒店工作人员、社区志愿者、环卫工人、消防官兵以及公安干警纷纷赶来为白衣天使送行，用最热烈的掌声、最用心的歌声和最诚挚的感谢，向医务人员致敬和道别。
	“谢谢您，为湖北人拼过命。”酒店对面，志愿者手持横幅，目送医务人员启程。商一社区志愿者李若梦说，逆行援鄂的医疗队让她感动不已，她也走出家门当志愿者保卫自己的家园。
	43岁的徐善祥是浙江大学医学院附属第二医院医疗组副组长，他说，第二医院医疗队于2月14日抵达武汉后，24小时内搭建并接管了武汉协和医院肿瘤中心的ICU病房。
	徐善祥介绍，在救治期间，46岁的患者余女士最初病情很严重，刚住进病房就必须用呼吸机。经过全力救治，余女士病情逐渐好转，“看过最后一次CT检查，我告诉她恢复得很好，过几天就能出院了，当时她那种开心的表情让我印象深刻，我们做的一切都值得。”徐善祥说。
	30岁的周静怡是浙江大学医学院附属第一医院医生，驻地保障团队周到的服务让她难忘，“我们经常凌晨三四点才回到酒店，但无论多晚，保障大哥们都会在楼下等着我们，永远都有热乎的饭菜。”周静怡说，在这里，每个人遇到医疗队员都会说声谢谢，“其实我们更想谢谢他们，感谢他们的支持和照顾。”
	29岁的朱雨婷和31岁的朱爱是浙江大学医学院附属邵逸夫医院的护士，她们先后在协和肿瘤中心和武汉市肺科医院的ICU病房里奋战。她们说，这40多天每天奔波在酒店和医院间，“明年我们一定会再回来，看看樱花、长江大桥、黄鹤楼。”
【编辑:陈海峰】
</body></doc>