<doc><id>1256</id><url>http://www.chinanews.com/sh/2020/04-01/9143766.shtml</url><title>内蒙古援鄂医疗队：“最无悔的是我能来到武汉”</title><datetime>2020-4-1 04:40:00</datetime><body>	内蒙古援鄂医疗队　　“最无悔的是我能来到武汉”
	长江日报讯（记者杨蔚王静文通讯员詹鸥曹斌）3月31日，内蒙古自治区第五批援鄂医疗队踏上返程。临别前，在汉江湾体育公园，硚口区驻地保障人员、武汉市肺科医院医护人员与他们含泪告别。下午3时，医疗队搭乘航班返回内蒙古。
	内蒙古自治区第五批援鄂医疗队2月18日抵汉，入驻武汉市肺科医院，负责重症病人救治及护理工作。这支148人的医疗队来自内蒙古自治区5个盟市，平均年龄33岁，90后占了三分之一。
	“最无悔的是我能来到武汉，为武汉作出自己的贡献，最遗憾的是临走前没有好好看一眼与我并肩作战的战友们。”上午11时，踏上返程前，队里年龄最小的护士隋洋说，这段日子他最感动的是即使穿着厚厚的防护服，病人们通过护目镜里的眼睛也能认出他。“他们总是把谢谢挂在嘴边，其实我只是做了自己力所能及的事。”
	在告别现场，医疗队队员们纷纷拿出笔，在一件防护服上签名。武汉市肺科医院的医护人员也来到现场，与队员们拥抱告别。
	“要走了，我心里特别不舍，时间太匆忙，都没能和我们的战友们好好告别。”上车前，内蒙古自治区第五批援鄂医疗队领队李今圣说，希望明年春天，大家能在武汉再相聚，内蒙古大草原也同样欢迎武汉的家人们前去游玩。
	“谢谢你们！”附近小区的居民隔空向医护人员喊话送别。“也谢谢你们，欢迎你们来内蒙古玩，一起加油！”队员们向居民们回应。
【编辑:陈海峰】
</body></doc>