<doc><id>126</id><url>http://www.chinanews.com/gn/2024/05-29/10225019.shtml</url><title>官方：在全国开展安全生产资格证书涉假专项治理</title><datetime>2024-5-29 11:26:00</datetime><body>	中新网5月29日电应急管理部29日就安全生产资格证书涉假专项治理情况举行发布会，应急管理部执法工贸局局长杨智慧在会上介绍称，5月12日，9部门联合印发了《安全生产资格证书涉假专项治理工作方案》，从印发之日到12月底，在全国范围内组织开展专项治理。
	杨智慧表示，安全生产资格证书涉假问题给企业生产经营活动埋下重大事故隐患，近年来，因从业人员持假证或无证违规作业酿成的事故屡屡发生，对此，应急管理部会同相关部门坚决予以打击，取得阶段性治理效果。但因利益驱动，一些不法分子心存侥幸、铤而走险，假证问题很容易死灰复燃，比如，去年北京市查出的一条特大跨省伪造特种作业操作证黑灰产业链，据虚假网站后台数据显示，超50万人关注该网站，超过1.9万人购买了伪造的证件。
	杨智慧指出，为全面加强安全生产资格证书涉假问题系统综合治理，依法查处打击相关证书涉假违法犯罪活动，应急管理部、中央网信办、工业和信息化部、公安部、住房城乡建设部、市场监管总局、国家矿山安监局、最高人民法院、最高人民检察院9个部门迅速行动，按照“三个强化”的思路研究做好安全生产资格证书涉假专项治理工作。
	一是强化全链条打击，贯穿制假、售假、买假、用假、虚假营销等多个环节，不仅在使用现场，更要从源头上杜绝假证空间。
	二是强化多部门联合，9个部门加强联动，进行了多次会商，就“打什么、如何打、谁来打”达成一致意见，根据各自职责职能，构建起全方位、无死角的严密网络。
	三是强化疏堵结合，坚持打击与服务引导并重，不仅出台了一系列精准打击措施，还致力于打造便捷、高效的特种作业管理体系支撑。将抓紧修订相关制度规定，推广应用信息化手段，强化监管服务，既方便考生，又解决企业特种作业人员用工难的问题，清除“假证土壤”。
	杨智慧介绍，5月12日，9部门联合印发了《安全生产资格证书涉假专项治理工作方案》，从印发之日到12月底，在全国范围内组织开展专项治理，此次专项治理，对象更加聚焦，力度更强，力争通过一系列务实管用的举措，坚决防范遏制假证问题，更好服务经济社会高质量发展。
	杨智慧称，目前，各地区、各有关部门已经迅速部署行动，细化完善工作任务分工，确保专项治理按计划推动。9个部门建立了部际联络等工作机制，定期会商研判，定期调度掌握进展情况，加大工作推进和督导力度，确保工作方向不偏移、力量不分散、动作不走样。【编辑:刘湃】
</body></doc>