<doc><id>1261</id><url>http://www.chinanews.com/gj/2020/04-01/9143746.shtml</url><title>日本调查：7%东京人表示自己出现类似感染新冠症状</title><datetime>2020-4-1 03:21:00</datetime><body>	日本调查：7%东京人表示自己出现类似感染新冠病毒的症状
	【环球时报综合报道】一项调查令日本社会倒吸一口凉气！根据近日一项调查，在东京6万多名受访者中，竟有7.1%的人表示自己出现类似感染新冠病毒的症状。
	据《朝日新闻》3月31日报道，日本厚生劳动省与实时通信软件LINE合作，对东京与邻近地区的LINE用户在3月27日-30日期间进行调查后发现，在东京6万多名受访者中，7.1%的人表示自己出现至少1种新冠病毒感染的症状，其中包括高烧和严重的咳嗽。
	报道称，虽然受访者出现高烧和咳嗽等任一症状都不算确诊，但按照这一比例计算，潜在感染基数可达4500多人，远远高于目前东京公布的443名确诊者。3月31日，LINE同时针对全日本8300万用户发起调查，帮助政府确定感染人群和地区。就在当日，东京都知事小池百合子向日本首相安倍晋三简要介绍了东京疫情情况及发展态势。她表示情况紧急，首相需要尽快决定是否宣布国家进入紧急状态。(冯国川）

【编辑:孔庆玲】
</body></doc>