<doc><id>1262</id><url>http://www.chinanews.com/gj/2020/04-01/9143744.shtml</url><title>哈总统感谢民众“理解” 呼吁“支持”国家抗疫举措</title><datetime>2020-4-1 03:19:00</datetime><body>	(抗击新冠肺炎)哈总统感谢民众“理解”呼吁“支持”国家抗疫举措
	中新社努尔苏丹3月31日电(记者文龙杰)哈萨克斯坦总统托卡耶夫31日发表电视讲话呼吁民众理解和支持国家的抗疫举措。
	托卡耶夫指出，新冠肺炎疫情仍在继续发展，为应对疫情，国家采取了包括进入紧急状态等一系列抗疫举措。这些举措已取得成效，防止疫情不受限制地扩散，但也给民众生活和工作带来了不便，“付出了巨大的经济和社会成本”。
	在这种情况下，“理解和支持比任何时候都更加重要”。托卡耶夫表示，哈萨克斯坦公民应支持国家采取的相关措施，绝不允许制造和引发恐慌，“感谢所有哈萨克斯坦人民的理解、镇定和忍耐”。
	自本月13日哈萨克斯坦确诊首批新冠肺炎病例以来，该国疫情不断“升级”，现已成中亚疫情最严重国家。截至31日，哈已确诊340例，死亡2例。在确诊病例的分布范围上，哈全国3个直辖市和14个州中现只有1州尚未出现确诊患者。
	除强调疫情严峻性在增加，哈总统当天的讲话和新近出台的抗疫措施还“透露”未来要应对的将是一场抗疫“持久战”。哈教育与科学部长阿伊马汗别托夫当天在新闻发布会上宣布，按照政府决定，各类学校将从4月6日起开始远程教学。
	哈首都努尔苏丹和最大城市阿拉木图是疫情重灾区。努尔苏丹的确诊人数占哈全国半数以上，努、阿两市占到了76%。自4月1日起，努尔苏丹机场、阿拉木图机场将停止所有国际航班。
	哈萨克斯坦阿斯塔纳医科大学儿童传染病教研室主任巴耶舍娃对媒体表示，目前，哈萨克斯坦的疫情防控战处于最紧张阶段，疫情能否尽早出现拐点主要取决于国民能否自律。她呼吁哈民众配合医务人员工作，做好居家隔离的心理和物质准备。(完)
【编辑:陈海峰】
</body></doc>