<doc><id>1263</id><url>http://www.chinanews.com/gj/2020/04-01/9143738.shtml</url><title>俄议会授予政府实施紧急状态权力</title><datetime>2020-4-1 02:48:00</datetime><body>	(抗击新冠肺炎)俄议会授予政府实施紧急状态权力
	中新社莫斯科3月31日电(记者王修君)俄罗斯国家杜马(议会下院)和联邦委员会(议会上院)31日通过一项法案，赋予政府在必要时实施紧急状态的权力。
	据俄国家杜马网站消息，该法案旨在“应对与新冠病毒疫情传播有关的紧急情况”，赋予了政府在紧急情况下有权在俄全境或部分区域宣布实施紧急状态或高度戒备状态。同时法案赋予政府冻结某些医疗设备交易90天、暂停执行企业破产等权力。
	当天，俄国家杜马还通过了另一项法案，规定对违反流行病防疫规定、过失造成传染病传播者罚款50万至70万卢布或判处最高2年监禁。若导致人员死亡，最多可被判处7年监禁。该法案规定，故意公开传播新冠病毒虚假信息者将被处以30万至50万卢布罚款，或被判最高3年监禁。若传播有关新冠病毒虚假消息导致他人死亡时，可被判处最高5年监禁。
	综合俄罗斯媒体消息，31日早些时候，莫斯科治疗新冠肺炎定点医院——“卡姆纳尔卡”医院首席医师普罗岑科被确诊感染新冠病毒。而俄总统普京、莫斯科市长索比亚宁于本月24日访问该医院时，就是普罗岑科向普京等人介绍情况。当时普京与索比亚宁等人均未戴口罩。
	31日晚间，俄总统新闻秘书佩斯科夫透露，普京定期接受检测，一切正常。莫斯科市长新闻秘书佩尼科娃也说，索比亚宁健康情况正常。据“今日俄罗斯”电视台主编西蒙尼扬透露，参加普京24日医院活动报道的记者已全部被隔离。
	俄罗斯新冠病毒疫情防控指挥部31日发布消息，俄罗斯累计感染人数达到2337人。截至31日，全俄已有27个地区实施了居民居家自我隔离制度。
	据俄消费者权益保护和公益监督局31日消息，截至30日，全俄有超过20万人处于医学观察中。俄卫生部首席流行病学家布里科当天表示，由于采取了多种强硬手段，俄境内新冠病毒疫情发展已接近高峰，预计疫情将会在4月至5月出现缓解。(完)
【编辑:陈海峰】
</body></doc>