<doc><id>1267</id><url>http://www.chinanews.com/jk/2020/04-01/9143730.shtml</url><title>宅家运动少 当心深静脉血栓来“敲门”</title><datetime>2020-4-1 02:17:00</datetime><body>	宅家运动少当心深静脉血栓来“敲门”
	日前，有媒体报道，由于受疫情环境影响，致使老年人深静脉血栓高发。这种在临床上十分常见的疾病，在网络上引起了热议。
	“深静脉血栓是血液在深静脉内不正常凝结引起的静脉回流障碍性疾病，常发生于下肢，也是一种十分常见的疾病。”扬州大学附属医院血管外科主任、主任医师孙蓬博士说。
	孙蓬介绍，引起深静脉血栓的主要原因是静脉壁损伤、血流缓慢和血液高凝状态。致病的危险因素包括原发性因素和继发性因素。原发性因素是促进凝血的成分多了，溶解血栓的成分少了，如果是原发性危险因素引起的深静脉血栓，可能要长期口服一些抗凝药物对抗疾病。继发性危险因素则包括大手术或严重创伤后、长期卧床、肢体制动、肿瘤患者、血液粘滞度增高等。
	对于近期有老年人深静脉血栓高发的情况，孙蓬表示，乍暖还寒之时，气温仍低，人体受到寒冷的刺激以后，全身的毛细血管收缩，加上疫情原因缺少运动，血液流动严重受阻，容易引起血液流通不畅，形成血栓。
	“深静脉血栓的主要危害包括：导致腿肿，进而导致肢体坏死；常导致肺动脉栓塞，进而可能导致死亡；后期还会导致血栓后综合征，致使患者长期腿肿，影响患者的生活质量。”孙蓬说。
	常州市第二人民医院血管外科科主任毛由军表示，血栓并不只是老年人的疾病，它在任何年龄段、任何时间都可能发生。“在向近心端蔓延时，血栓有可能出现脱落，然后顺着血流方向往心脏流动，如果回流到肺动脉，出现大的栓滞，堵塞肺动脉的话，会导致较高的死亡率，有一些患者很可能会猝死。”毛由军说。
	毛由军介绍，日前，一位男性老年患者到医院就诊时，左腿肿胀发红，一碰就疼痛难忍，B超检查后确诊患上了深静脉血栓，医生立即对该患者采取了手术治疗。“我们在问诊中了解到，这位患者深静脉血栓的主要诱发因素是，疫情发生前他每天会出去买菜、散步，并参加一些户外运动。但受疫情影响，他在家待了近一个多月，连楼都没下过。”毛由军说。
	毛由军表示，类似的缺乏适当运动诱发深静脉血栓的患者，最近比较集中。这些患者有的守着电视，有的睁开眼睛就坐在电脑前，还有的更是久卧在床，他们往往是保持一个姿势，一坐就是几个小时，致使双腿肿胀，发生了血栓。
	专家认为，预防深静脉血栓发生，必须从多方面高度重视，养成良好健康的生活习惯，做到早预防、早发现、早检查、早治疗，及时控制病情，防止并发症。
	孙蓬特别提醒，如果发现下肢肿胀、疼痛、麻木、站立不稳等症状，甚至伴有呼吸困难、胸痛、咯血等情况，应尽早就医检查和治疗，进行药物预防和物理预防。(本报记者过国忠通讯员孙镇江虞璐)
【编辑:陈海峰】
</body></doc>