<doc><id>1272</id><url>http://www.chinanews.com/gj/2020/04-01/9143721.shtml</url><title>外高加索三国新冠肺炎确诊病例增至940例</title><datetime>2020-4-1 01:29:00</datetime><body>	新华社第比利斯3月31日电（记者李铭）外高加索三国亚美尼亚、格鲁吉亚和阿塞拜疆新冠肺炎确诊病例3月31日增至940例，新增确诊病例81例。
	亚美尼亚国家疾控中心31日说，该国新增新冠肺炎确诊病例50例，累计确诊病例532例，30人痊愈出院，3人死亡。
	阿塞拜疆政府设立的抗疫指挥部当天宣布，阿塞拜疆新增确诊病例24例，累计确诊病例298例，26人痊愈出院，5人死亡。
	根据格鲁吉亚政府防控新冠肺炎疫情网站31日公布的数据，格鲁吉亚新增确诊病例7例，累计确诊病例110例，21人痊愈出院。

【编辑:陈海峰】
</body></doc>