<doc><id>1274</id><url>http://www.chinanews.com/cj/2020/04-01/9143715.shtml</url><title>今年前两月全国减税降费4027亿元</title><datetime>2020-4-1 01:24:00</datetime><body>	今年前两月全国减税降费4027亿元
	本报讯（记者　董鑫）昨天上午，国务院新闻办公室举行新闻发布会，介绍减税费优服务助复产促发展有关情况。国家税务总局总审计师王道树介绍，今年1-2月份，全国减税降费共计4027亿元。
	王道树表示，全国减税降费总额由两部分组成。第一部分是2020年新出台的支持疫情防控和经济社会发展的税费优惠政策，新增减税降费1589亿元。今年新出台的4批政策当中，第3批聚焦减轻小微企业、个体工商户负担的政策和第4批聚焦稳外贸稳外资的政策都是自3月起实施的，到4月份申报期开始申报，进行统计核算。前2批出台的政策当中，也有部分政策是按季度来进行申报的。“随着4月按季申报大征期的到来，这些政策都会纳入统计核算范围，企业享受减税降费的统计规模也会进一步扩大”.
	第二部分是2019年更大规模减税降费政策在2020年继续实施形成的减税降费2438亿元，主要包括深化增值税改革翘尾新增减税1365亿元，降低申报费率翘尾新增降费848亿元，减征文化事业建设费、国家重大水利工程建设基金翘尾新增降费28亿元，小微企业普惠性减税和个人所得税专项附加扣除等其他继续实施的政策减税降费197亿元。
	王道树表示，税务总局正全力参与相关税费优惠政策的研究制定工作。对于4批共21项税费优惠政策，税务总局在研究制定过程中积极提出方案建议，积极参与测算分析，并会同有关部门及时制发有关公告和文件。
	此外，国家税务总局副局长任荣发表示，疫情发生以来，税务部门已经分3批推出了54项办税缴费服务举措，在巩固以往成效的基础上，还将有针对性地推出一批服务措施。
【编辑:陈海峰】
</body></doc>