<doc><id>1277</id><url>http://www.chinanews.com/ga/2020/04-02/9146058.shtml</url><title>香港商务及经济发展局：香港电台须增加市民对“一国两制”的认识</title><datetime>2020-4-2 23:12:00</datetime><body>	新华社香港4月2日电香港特区政府商务及经济发展局2日表示，香港电台必须恪守和按照《香港电台约章》，提供让市民了解社会和国家的节目，培养市民对公民及国民身份的认同感，以及增加市民对“一国两制”的认识。
	该局发言人当日就传媒查询香港电台节目日前访问世界卫生组织官员所引起的关注时表示，香港电台必须恪守和按照《香港电台约章》，履行其职责，为市民提供公共广播服务。广播处长及管理层在向局方汇报工作时，也多次向局长承诺香港电台会严格遵行、时刻恪守《香港电台约章》。
	发言人表示，商务及经济发展局局长邱腾华认为该节目中的表达，有违一个中国原则及《香港电台约章》中香港电台作为公共广播机构所订明的目的和使命。众所周知，世界卫生组织成员均为主权国家，作为政府部门和公共广播机构，香港电台必须对此有正确的认识，不能偏差。广播处长作为香港电台的总编辑，必须对此负责。
	发言人强调，邱腾华已再次敦促广播处长和香港电台在处理所有节目时，必须全面恪守《香港电台约章》，并采取应有的专业和严谨态度。
【编辑:陈海峰】
</body></doc>