<doc><id>1280</id><url>http://www.chinanews.com/gj/2020/04-02/9146050.shtml</url><title>新加坡新增确诊病例49例 一购物中心被确认为感染群</title><datetime>2020-4-2 22:51:00</datetime><body>	新加坡新增新冠肺炎确诊病例49例当地一购物中心被确认为感染群
	4月1日，新加坡卫生部宣布，截至当天中午12时，新加坡新增49例新冠肺炎病例。新增病例中，有8例是输病例，41起为社区感染病例，新加坡总感染人数上升至1049人，治愈出院266人。
	新加坡卫生部称，当地一家购物中心被确认为新的感染群，有11起病例与这家购物中心有关。
	(总台记者孙牧宁）

【编辑:陈海峰】
</body></doc>