<doc><id>1282</id><url>http://www.chinanews.com/gj/2020/04-02/9146046.shtml</url><title>因卫生部长确诊感染 以总理内塔尼亚胡再次居家隔离</title><datetime>2020-4-2 22:48:00</datetime><body>	新华社耶路撒冷4月2日电（记者陈文仙　尚昊）以色列总理办公室2日发表声明说，因以色列卫生部部长利茨曼确诊感染新冠肺炎，总理内塔尼亚胡当天开始居家隔离。这是内塔尼亚胡一周内第二次居家隔离。
	声明说，按照内塔尼亚胡私人医生的建议和以卫生部疫情防控规定，内塔尼亚胡居家隔离将持续到4月8日。
	此前，因其一名助手确诊感染新冠病毒，内塔尼亚胡于3月30日开始居家隔离。据以总理办公室30日发表的声明，当日内塔尼亚胡的新冠病毒检测结果呈阴性，但为了消除疑虑，他仍需暂时隔离。4月1日，以卫生部宣布，已通知内塔尼亚胡于当晚9时结束居家隔离。
	据以卫生部4月1日晚发布的新冠肺炎疫情数据，当天以色列新增确诊病例734例，累计确诊病例超过6000例。

【编辑:陈海峰】
</body></doc>