<doc><id>1286</id><url>http://www.chinanews.com/ga/2020/04-02/9146041.shtml</url><title>外交部驻港公署发言人正告英政客：停止混淆是非、颠倒黑白</title><datetime>2020-4-2 22:39:00</datetime><body>	中新社香港4月2日电针对反中乱港顽固分子、“香港观察”发起人罗杰斯与英国政客公然以书信一唱一和，就中方针对美方打压中国媒体驻美机构行为采取反制措施说三道四，中国外交部驻香港特别行政区特派员公署(外交部驻港公署)发言人2日表示强烈不满和坚决反对。
	发言人指出，外交部宣布有关美籍记者今后不得在中华人民共和国，包括香港、澳门特别行政区继续从事记者工作，完全是对美方无理打压中国媒体驻美机构被迫进行的必要对等反制，是中央政府依据“一国两制”和基本法享有的外交事权，合法合理合情。英方有关政客对美方持续不断对中国媒体和记者在美正常采访无端进行歧视、限制和排斥的事实视而不见，反而企图把破坏香港新闻自由和高度自治的脏水泼向中方，再次暴露了他们是非不分、颠倒黑白的虚伪本性和双重标准。
	发言人重申，香港是中国的香港，我们敦促英方有关政客尊重事实、纠正错误，立即停止以任何借口、任何方式插手干预香港事务和中国内政。(完)
【编辑:陈海峰】
</body></doc>