<doc><id>1288</id><url>http://www.chinanews.com/gn/2020/04-02/9146024.shtml</url><title>疫情下的中越河口口岸见闻：货畅其行 繁忙依旧</title><datetime>2020-4-2 22:34:00</datetime><body>	(抗击新冠肺炎)疫情下的中越河口口岸见闻：货畅其行繁忙依旧
	中新社河口4月2日电题：疫情下的中越河口口岸见闻：货畅其行繁忙依旧
	作者杨会国
	下午，位于云南省红河州河口县的中越云南段最大陆路口岸红河大桥处，排起长龙的出入境车辆正有序通关，秩序井然，繁忙依旧。
	3月31日，越南政府提出在全国范围内进行“全社会隔离”、公共场所禁止2人以上聚集，隔离期从4月1日零时开始。
	“3月31日口岸出入境车辆共计808辆，验放鲜活农产品10400吨，贸易总值1.3亿元(人民币，下同)。4月1日通关车辆和前一天相比不减反增，达到891辆。”河口海关监管三科科长姜涛介绍，越南实施全社会隔离短期内不会影响双边贸易互通。
	在人员往来方面，面对日益严峻的国外疫情形势，中国外交部、国家移民管理局于3月28日发布公告称，暂时停止持有效中国签证、居留许可的外国人入境。
	记者在南溪河口岸看到，大桥两端的关口已经封闭，昔日人潮如涌的热闹场景不复再现。
	据了解，从3月28日零时起，河口镇分别在城区和抵边村小组设立了6个疫情防控执勤点，24小时不间断值勤、巡逻，严防死守，阻断了疫情由境外输入的通道。
	把人管住，把货放开，成为当地开展疫情防控工作的一大特点。
	在主要经营云天化磷肥出口的河口天鸿贸易有限公司内，五辆满载化肥的车辆排成一排整装待发。董事长石晟杰说，从2020年1月1日至3月26日，该公司出口化肥11338吨，完成销售额2529万元，与去年同期相比，并没有太大回落。
	河口县商务工业和信息化局副局长张梅介绍，中国-东盟(河口)跨境电商物流产业园104户入驻企业，仅今年1至2月网上销售就达8465万元。从3月份出口越南的订单来看，品类从春节前后的玩具、小家电、服装等开始向饼干、饮料生活必需品转变，订购总量有所递减，但总体影响并不明显。(完)
【编辑:于晓】
</body></doc>