<doc><id>1289</id><url>http://www.chinanews.com/gj/2020/04-02/9146034.shtml</url><title>约翰逊7天隔离期将满 仍有轻微的新冠肺炎症状</title><datetime>2020-4-2 22:32:00</datetime><body>	中新网4月2日电据美联社报道，目前，英国首相约翰逊仍然有新冠肺炎患病症状。近一周前，他宣布自己被感染。
	据报道，约翰逊的发言人表示，首相“仍然有轻微的症状”。此前于3月27日，约翰逊表示，在出现包括发烧和咳嗽的症状之后，他进行了新冠病毒检测，结果呈阳性。当时，约翰逊表示，他听从英国卫生官员的建议，将自己隔离7天。如今，这一隔离期即将到期。
	报道称，发言人詹姆斯·斯莱克没有证实，约翰逊是否会结束隔离。斯莱克称，关于何时结束隔离，首相正在遵循“最好的医学和科学建议”。
	据英国卫生和社会保障部网站消息，截至当地时间4月2日上午9时，英国新冠肺炎确诊病例累计33718例。另外，截至当地时间4月1日下午17时，累计死亡病例2921例。

【编辑:郭炘蔚】
</body></doc>