<doc><id>1293</id><url>http://www.chinanews.com/tw/2020/04-02/9145911.shtml</url><title>台湾纵火烧死6亲友凶犯被执行死刑</title><datetime>2020-4-2 22:22:00</datetime><body>	中新社台北4月2日电曾在2016年除夕夜纵火烧死6名亲友的男子翁仁贤4月1日晚间在台北被执行死刑。台湾当局法务部门随后对外证实相关消息。
	据中央社、中时电子报等媒体报道，“法务部长”蔡清祥1日下午签出死刑执行令。死刑当晚在台北监狱刑场执行，并经复验确认死亡，完成执行程序。
	53岁的翁仁贤于2016年2月7日除夕夜，在桃园市的家中趁父母及亲友共16人吃年夜饭时，持汽油冲进屋内纵火，造成行动不便的八旬父母，及侄子、侄女、侄媳看护共6人死亡，另4人烧伤。凶犯始终没有悔意，于2019年7月被判处死刑定案。
	翁仁贤被执行死刑后，其大哥翁仁焜表示不会出面处理翁仁贤的遗体；三哥翁仁君则称，早就没把翁仁贤当作家人。
	该案在判决时再度引发台湾社会有关死刑存废的广泛讨论。“法务部”4月1日晚指出，当前政策是逐步废除死刑，但目前仍有死刑规定，现阶段会审慎执行。翁仁贤所犯的是剥夺他人生命的杀人罪，手段凶残，泯灭人性，更严重危害社会治安，综合考量后认定须依规执行。
	这也是自2018年8月后，台湾再有死刑案执行。目前，全台死刑犯仍有39人待执行。(完)
【编辑:郭泽华】
</body></doc>