<doc><id>1294</id><url>http://www.chinanews.com/gn/2020/04-02/9145991.shtml</url><title>国家文物局通知要求加强文物安全有序推动文博单位开放复工</title><datetime>2020-4-2 22:21:00</datetime><body>	中新社北京4月2日电国家文物局日前印发《关于加强文物安全有序推动文博单位开放复工的通知》，要求各级文物行政部门和各文博单位全面加强文物安全工作，有序推动文博单位开放复工。
	通知强调，各地要切实增强安全意识，认真分析研究文物、博物馆单位恢复开放后可能面临的疫情、复工、安全等方面的新风险，科学制订工作预案，一手抓人员防疫，一手抓文物安全。建立健全疫情防控领导机制，制定实施切实有效的健康检测和预警防控措施，确保人员安全。合理安排疫情防控、安保、讲解、服务等人员力量，通过优化参观路线、实名制预约或者错峰参观等方式限时限流，有序调控疏导游客，确保良好的参观秩序和文物安全。
	通知要求，在恢复开放和复工前，各文博单位要至少开展一次全员安全警示教育，做好安全保卫人员值班备勤安排；至少开展一次全面安全检查，评估开放条件和安全风险状况，检测安全防护设施设备性能；至少进行一次设施设备维护保养和运行测试，保证良好使用效能；制定完善防疫、防火、防盗、防恐等各类安全应急预案。
	针对春季防火，通知特别强调，各地要结合当前季节特点和清明、五一等节日活动情况，尤其是一些地方山火、林火频发的形势，密切关注周边可能发生的火情，采取提前打出防火隔离带、构建防火隔离网、备好消防水源等措施。针对文博单位开放复工交通车辆逐步增加情况，要求认真做好车辆进出检查和管理等工作，树立安全警示标识，提前做好拦挡、阻隔等防护措施，防止因车辆事故影响文物安全。(完)

【编辑:苑菁菁】
</body></doc>