<doc><id>1296</id><url>http://www.chinanews.com/ga/2020/04-02/9145928.shtml</url><title>香港确诊病例达802宗 拟审视出院条件</title><datetime>2020-4-2 22:20:00</datetime><body>	(抗击新冠肺炎)香港确诊病例达802宗 拟审视出院条件
	中新社香港4月2日电(记者曾平)香港特区政府卫生署卫生防护中心4月2日通报，香港新增37宗新冠肺炎确诊个案，累计确诊个案增至802宗。香港医院管理局(医管局)称，明白隔离病床需求大，会和专家审视是否更改病人的出院条件。
	卫生署卫生防护中心传染病处主任张竹君表示，37名新增确诊病人年龄介乎2至71岁。当中，30人有外游记录，包括17名留学生，以及一名与家人去过瑞典的无病征2岁小童。
	张竹君提到，新增个案中，一名有外游记录的64岁女士曾在3月30日因为呕吐去过一间私家医院，香港浸信会医院，入住约10个小时，其后因为肺部感染转送至伊利沙伯医院。卫生防护中心正跟进该名患者的同病房接触者。
	张竹君指出，无外游记录的7名病人部分和早前的确诊病患相关，包括确诊者的家人、同事等。此外，一名未知感染源头的患者曾去过油麻地、铜锣湾等地的不同酒吧；另一名未知感染源头的患者在铜锣湾一间美容院工作。
	医管局总行政经理(质素及标准)刘家献表示，截至当天中午12时，共有604名确诊者留院，当中8人危殆、8人严重、588人稳定；负压病床和负压病房的使用率分别为68%及78%。截至当天下午3时，有4名确诊病人等候送院。香港目前共有154人康复出院。
	刘家献提及，屯门医院一名曾赴伦敦的护士，在家居隔离期间发现对新冠病毒测试呈初步阳性。该名护士没有病征，自3月9日起休假，休假前在内科病房工作，并没去过收治确诊者的隔离病房。
	随着确诊病患增多，公立医院的负荷备受关注。刘家献表示，医管局会尽最大努力将等候的确诊病人送院，本周陆续启用的二线隔离病房，需要人手安排，暂未有已转移病患的数据。至于临时隔离的安排，所有可能的地方都会考虑，暂无已经确定的计划。
	对于有无可能放宽确诊病人的出院条件，刘家献表示，目前两次间隔24小时、鼻咽分泌测试呈阴性的稳妥做法是跟随国际标准。他指出，明白隔离病床需求大，会和专家审视是否更改出院条件，包括参考全球不同地方的最新科学证据，看看究竟何时病毒量会低到不会传人。(完)
【编辑:苑菁菁】
</body></doc>