<doc><id>1298</id><url>http://www.chinanews.com/gn/2020/04-02/9146029.shtml</url><title>中国多地与世界各国分享抗疫经验、物资</title><datetime>2020-4-2 22:17:00</datetime><body>	中新社北京4月2日电“我们愿意将前期抗击新冠肺炎疫情积累的经验与各国同行分享，为世界战胜疫情贡献力量。”中国科大附一院执行院长刘连新说。
	4月2日，中国科大附一院(安徽省立医院)通过远程视频系统，与印度、巴基斯坦、波兰、瑞士、德国、英国、俄罗斯等国家的70余家医院，分享新冠肺炎患者诊疗和救治经验，回应多国医院希望进一步了解中国科大“单克隆抗体药物托珠单抗+常规治疗”免疫治疗方案的相关研究和诊疗进展。
	与此同时，记者从广西组建的中国赴柬埔寨抗疫医疗专家组处了解到，在专家组与柬当地卫生部门、收治医院的交流与建议下，柬方正不断改善疫情防控体系建设、提升实验室检测及临床诊疗能力。
	该专家组介绍，赴柬埔寨近两周来，他们前往金边多家医院、社区、火车站、飞机场及西哈努克港经济特区走访调研，并与当地政府部门多次会面，反馈发现的问题；对在柬华人华侨、中资企业进行疫情防控知识宣讲。
	分享抗疫经验之余，中国多地捐赠医疗防疫物资，支援这些国家抗击新冠肺炎疫情。
	重庆市政府2日向印度、巴基斯坦、越南、亚美尼亚、厄瓜多尔、哥伦比亚捐赠一批医疗防疫物资。
	这批物资包括向印度捐赠1000套防护服、1000套隔离衣和N95医用防护口罩5000个；向巴基斯坦捐赠一次性医用外科口罩100000个；向越南捐赠一次性医用外科口罩100000个；向亚美尼亚捐赠FFP2级医用防护口罩5万个、医用检查手套10000双；向厄瓜多尔捐赠防护服1000套、隔离衣1000套、N95医用防护口罩5000个；向哥伦比亚捐赠防护服1000套、隔离衣1000套、核酸检测试剂盒2000人份、一次性医用外科口罩20000个、N95医用防护口罩5000个。
	据了解，重庆在保障该市疫情防控工作前提下，此前已分两批次向韩国、意大利、伊朗等国家及友好城市捐赠了两批医疗防护物资，包括超过50万个各类型口罩。
	当日，从无锡江阴市发出的防疫物资在上海浦东机场装机，即将运往法属波利尼西亚法阿市等友城。这也是继十倍回赠防疫物资给日本丰川市、两倍回赠日本相模原市、“加量”回赠韩国金海市之后，江苏无锡的又一次对外援助防疫物资行动。
	福建泉州筹集的933箱防疫物资当日“整装待发”，将驰援菲律宾华社救灾基金会、菲律宾崇仁医院以及各相关团体防控新冠肺炎疫情。
	据泉州市委统战部透露，截至目前，泉州市各地以及相关部门已向海外及港澳捐赠口罩287.06万个，防护服7100套。同时，泉州市委、市政府回应海外乡亲的诉求，从市本级财政划拨200万元人民币专项资金，用于购买国外紧缺医疗物资支援海外泉籍乡亲抗疫。
	福州海关2日披露，今年3月，福州海关关区已验放各类出口防疫物资180余批次，包括口罩1809万个，防护服2.2万套，测温计3376个。(完)
	(黄令妍叶秋云孙权刘相琳孙虹张强方萍蒋小强参与报道)
【编辑:郭泽华】
</body></doc>