<doc><id>1300</id><url>http://www.chinanews.com/cj/2020/04-02/9145983.shtml</url><title>重庆：金融机构为外贸外资企业授信153亿余元</title><datetime>2020-4-2 22:16:00</datetime><body>	(抗击新冠肺炎)重庆：金融机构为外贸外资企业授信153亿余元
	中新网重庆4月2日电(记者刘贤)重庆市金融机构支持外贸外资企业座谈会2日在当地召开。期间，14家金融机构与14家外贸外资企业签订意向协议，授信金额153.58亿元(人民币，下同)。
	新冠肺炎疫情发生以来，重庆市金融机构加大信贷支持强度，降低融资成本，不抽贷、断贷、压贷，有效满足外贸外资企业融资需求。据了解，疫情发生以来，银行机构已累计向570家外贸企业新增贷款超过700亿元。
	座谈会强调，重庆全市金融机构要增强服务意识，积极主动上门，加大政策宣传宣讲，做好“一对一”“点对点”帮扶，加大金融科技、大数据等运用，创新开发适合外贸外资企业的供应链金融等产品和服务，提高企业获得感和满意度。
	此外，重庆全市金融监管部门和行业主管部门要搭建常态化对接平台，破解信息不对称难题，督促推动已有金融政策落地见效，完善风险补偿、应急转贷、融资担保、担保费奖补等风险分担机制，加强财政金融联动，增强“几家抬”合力。
【编辑:苑菁菁】
</body></doc>