<doc><id>1301</id><url>http://www.chinanews.com/cj/2020/04-02/9145978.shtml</url><title>出行旅客增多 清明小长假太铁将恢复开行23趟旅客列车</title><datetime>2020-4-2 22:15:00</datetime><body>	中新网太原4月2日电(任丽娜)2日，记者从中国铁路太原局集团有限公司获悉，今年清明小长假期间，太原局集团公司将恢复开行23趟旅客列车，满足旅客出行需求。
	恢复开行的列车具体为：太原南至平遥古城D5327次、平遥古城至大同南D5376次，太原南往返大同南D5368/9次、D5374/7次、大同南至太原南D5363次，太原南往返运城北D5315/28次、D5343/22次，太原南往返西安北D2537/8次，太原南往返兰州西D2565/6次，运城北往返青岛北G2624/3次，运城往返唐山K866/5次，太原往返上海K374/3次。另外，太原往返深圳西的K237/8次将隔日开行。
	据介绍，受新冠肺炎疫情影响，太原局集团公司根据客流变化，先后多次调整停运管内客运列车118.5对，保留了70多对。近期，随着生产生活秩序逐渐恢复，出行旅客正在逐日增多，3月下旬该局集团公司日均发送旅客人数5万余人，较2月份增长92%。为了及时掌握客流需求变化，科学增减列车，太原局集团公司密切关注车票预售情况，深入市场调查。停运的53组客车车底，3000余名客运、车辆乘务人员随时待命，只要有需求，立即安排恢复图定列车开行。
	为做好小长假期间疫情防控工作，保护旅客出行安全，太原局集团公司管内各客运车站将继续落实疫情防控措施，通过手持测温和红外无感测温相结合的方式对进出站旅客进行体温监测，同时加强旅客乘降组织和疏导，畅通进出站通道，创造良好的出行环境。
	铁路部门提醒广大旅客，清明小长假期间仍有部分旅客列车停运，具体情况可关注12306网站或车站公告。另外，旅客在旅行途中请继续做好个人卫生防护工作，戴好口罩，配合工作人员测温和“健康码”核验等工作，共同维护旅途健康安全。(完)
【编辑:苑菁菁】
</body></doc>