<doc><id>1303</id><url>http://www.chinanews.com/gn/2020/04-02/9146020.shtml</url><title>中国多地加强对无症状感染者的管理</title><datetime>2020-4-2 22:14:00</datetime><body>	(抗击新冠肺炎)中国多地加强对无症状感染者的管理
	中新社北京4月2日电中国多地加强对无症状感染者的管理。广东医疗机构发现无症状感染者后，2小时内完成网络报告；浙江、黑龙江对所有无症状感染者严格按照确诊病例的管控要求执行。
	无症状感染者无临床症状，呼吸道等标本新型冠状病毒病原学或血清特异性IgM抗体检测阳性者，主要通过密切接触者筛查、聚集性疫情调查和传染源追踪调查等途径发现。
	广东省疾病预防控制中心副主任、首席专家何剑峰称，截至目前，该省暂未发现因新冠病毒无症状感染者造成后续传播的病例。何剑峰称，各级各类医疗机构发现无症状感染者后，2小时内完成网络报告。
	浙江省防控工作领导小组办公室常务副主任、浙江省政府副秘书长陈广胜介绍，浙江对所有无症状感染者严格按照确诊病例的管控要求执行。
	黑龙江省卫生健康委员会疾控处处长刘彦诚表示，“下一步要将检测范围进一步扩大至发热门诊医护人员、未进行集中隔离医学观察的非疫情严重国家入境人员以及有特殊要求的重点地区和重点人群等”。黑龙江省将对所有国外入境人员实施2次核酸检测及1次血清抗体检测。
	黑龙江省应对新冠肺炎疫情新闻发布会2日通报，截至4月1日24时，黑龙江省有无症状感染者15例，对发现的无症状感染者一律按照确诊病例流程处置。
	浙江省卫健委2日首次在每日疫情通报中公布该省无症状感染者数据。4月1日0-24时，该省新增无症状感染者7例(均为境外输入，其中意大利4例、阿联酋2例、布基纳法索1例)，无当日转为确诊病例，当日解除隔离2例。截至4月1日24时，尚在医学观察无症状感染者48例(其中境外输入33例)。
	据广东省卫生健康委员会2日通报，4月1日新增无症状感染者2例，为深圳报告2例(英国输入1例、湖北输入1例)。截至3月31日24时，尚在医学观察无症状感染者50例，其中境外输入38例。(完)
	(参与报道：蔡敏婕姜辉王逸飞张煜欢)
【编辑:郭泽华】
</body></doc>