<doc><id>1306</id><url>http://www.chinanews.com/cj/2020/04-02/9145889.shtml</url><title>贵州举办银行业帮助餐饮重点企业复工营业专项对接会</title><datetime>2020-4-2 22:12:00</datetime><body>	(抗击新冠肺炎)贵州举办银行业帮助餐饮重点餐饮企业复工营业专项对接会
	中新网贵阳4月2日电(记者张伟)4月2日，贵州省商务厅会同中国人民银行贵阳中心支行、贵州省银保监局共同举办贵州省银行业帮助餐饮重点企业复工营业专项对接会。5家金融机构和18家省内重点餐饮企业出席会议。
	本次活动是贵州省商务厅贯彻落实贵州省政府办公厅《支持全省限额以上餐饮企业复工营业二十条》的具体举措，旨在推动贵州省内金融机构加大对重点民生保供餐饮企业的融资支持力度，解决餐饮行业复工营业过程中遇到的融资难题。
	通过本此活动，金融机构全面了解餐饮企业复工营业的痛点，结合餐饮企业实际主动提供高效优惠的融资服务。参会的金融机构表示，将进一步创新金融产品和服务，对受新冠肺炎疫情影响暂时遇到困难但有良好发展前景的餐饮企业，积极通过还款付息安排、适度减低贷款利率、完善展期续贷衔接等措施进行纾困帮扶。
	本次对接会是餐饮行业和资本市场实现双赢的难得契机，餐饮企业将顺应疫情带来的“零接触餐饮配送”等餐饮消费新趋势，借力金融支持政策，加快线上线下融合升级，提升管理水平和服务质量，打造黔菜品牌，繁荣贵州省餐饮市场。(完)
【编辑:苑菁菁】
</body></doc>