<doc><id>1313</id><url>http://www.chinanews.com/cj/2020/04-02/9145953.shtml</url><title>安徽发布支持5G发展“施工图”</title><datetime>2020-4-2 22:03:00</datetime><body>	中新网合肥4月2日电(记者吴兰)记者2日从安徽省政府新闻办举行的新闻发布会上获悉，为抢抓新一轮科技革命和产业变革机遇，加快提升安徽5G网络基础设施水平，深化5G在经济社会各领域的应用，培育壮大5G战略新兴产业，安徽近日出台了《支持5G发展若干政策》。
	安徽省经信厅厅长牛弩韬在当日的新闻发布会上介绍，《政策》以布局网络为基石，加大对基础设施、电力供应、资源共享等方面的支持；以育产业为重点，推进5G相关领域技术和产品创新，鼓励服务平台创建和产业生态构建；以促应用为抓手，突出重点领域、试点先行，鼓励5G应用示范园区、示范项目建设。
	安徽省经信厅副厅长王厚亮介绍，《政策》给出了安徽推进5G发展的施工图——点线面空间布局。“点”上，以首批5G城市为重点，建设5G发展核心区。“线”上，抓住长三角一体化发展机遇，到2022年底前优先打造以长三角中心区及相关重点城市为载体的5G特色产业链。“面”上，鼓励各地从实际应用出发，积极丰富5G应用场景。
	《政策》鼓励技术创新，对承担国家科技重大专项和重点研发计划等科技计划项目单位，根据项目合同实施进展绩效，省按项目上一年度实际国拨经费3%-5%比例奖励研发团队，每个项目最高可达60万元，每个单位奖励额最高可达400万元。
	《政策》鼓励5G配套产业发展，对在5G相关细分领域形成全国“单项冠军”的企业分别给予一次性奖补100万元。每年优选一批超高清视频显示器件、终端产品等项目，按其关键设备购置额的10%予以补助，最高300万元。
	合肥工业大学目前正在研究打造5G+VR教学，中国电信安徽公司打造5G+VR可居家观景黄山……王厚亮说，随着5G建设与应用全面展开，将给普通民众带来极大的便利和变化。
【编辑:郭泽华】
</body></doc>