<doc><id>1317</id><url>http://www.chinanews.com/gj/2020/04-02/9146006.shtml</url><title>泰国宣布实行全国宵禁</title><datetime>2020-4-2 21:57:00</datetime><body>	(抗击新冠肺炎)泰国宣布实行全国宵禁
	中新社曼谷4月2日电(记者王国安)泰国总理巴育2日晚发表电视讲话宣布，为控制新冠肺炎疫情，自4月3日起实行全国宵禁，宵禁时间为每天晚上10时至次日凌晨4时，直至疫情好转。
	根据规定，在宵禁时段内，除了必要人员包括医务人员、银行工作人员以及生活用品、医疗用品、报纸、能源、物流运输人员、运送隔离人员、进出机场人员(须有证明文件)等外，严禁其他民众出行，违者最高可被判处2年监禁或4万泰铢(约合8700元人民币)罚款，或者罚监并处。
	巴育在讲话中呼吁民众不要囤积食物用品，不要多人聚集，要保持社交距离，注意自我防护，同时希望外籍人士和在国外的泰国人暂缓进入泰国，以阻止外来病毒。他表示，泰国有足够的医疗资源应对疫情，希望民众团结抗疫，不要恐慌，相信泰国一定能打赢这场抗疫战争。
	泰国从3月26日凌晨开始实施紧急状态法，但几天来全国新冠肺炎确诊病例仍持续每天以三位数增加。
	泰国卫生部2日公布，新增新冠肺炎确诊病例104例，新增死亡病例3例。至此，泰国累计确诊病例1875例，其中治愈出院505例，死亡15例。(完)
【编辑:郭炘蔚】
</body></doc>