<doc><id>1319</id><url>http://www.chinanews.com/ll/2020/04-02/9146011.shtml</url><title>大江时评：多元化追思，让清明更“清明”</title><datetime>2020-4-2 21:55:00</datetime><body>	【地评线】大江时评：多元化追思，让清明更“清明”
	草长莺飞，又是一年清明时。清明节扫墓祭奠先人、缅怀英烈是我国一项传统习俗，体现了中华民族慎终追远、饮水思源的民族精神和爱国情怀。今年清明节正值新冠肺炎疫情防控期，许多地方出台了清明祭扫详细规定，积极倡导更安全、环保、文明的祭扫方式。还有些地方推出了“云祭扫”“代祭扫”等服务，鼓励群众通过多元化方式表达哀思。
	防疫为先，平安过清明。一场疫情，让我们更加珍视生命的可贵，更加体悟亲情的无价。保护好自身的健康就是对家庭、对社会的最大负责，也是对逝者的最好告慰。目前，国内疫情虽已得到初步遏制，但国外疫情输入压力较大，在疫情防控取得阶段性胜利的“关键时期”，我们仍不能掉以轻心、放松警惕，特别是不宜大范围流动、高密度聚集，如果清明扫墓集中出行，难免产生疫情传播的风险。最好实行分时错峰祭扫，减少交叉感染，做到疫情防控工作慎终如始。现场祭扫提倡敬献鲜花等生态环保的方式，做到不点蜡烛、不放鞭炮、不烧纸钱和违规祭祀品，着力营造文明祭扫的良好环境，使公共环境安全有序、清静优美。
	转变观念，“云上”过清明。“云祭扫”并不是新概念，早在几年前就已逐渐兴起。疫情之下，有些群众虽然不能亲自到墓碑前祭奠先人，但清明祭扫更注重情感。不管在什么地方祭扫，都一样可以追思亲人。我们可以通过先人所在公墓提供的或其他公益性的网上祭扫平台，建立个人纪念堂进行网上祭扫，或者通过墓区网站、微信公众号等形式，观看墓区组织的集体代祭扫仪式，以表哀思之情，礼敬故人。这样既可巩固疫情防控成果，又助推了文明祭祀新风尚的形成，提倡网上祭扫可谓正当其时。疫情期间居家追思也是不错的选择，通过撰写缅怀文章来怀念逝者、寄托哀思，相比实地实物祭扫，这样的方式更注重精神传承。
	“祭而丰不如养之厚”。清明祭扫是为弘扬孝道，但厚养薄葬为真孝，尽孝更应重平时。我们要倡导尊重生命、孝老敬亲的文明新风。长辈健在时要好好赡养，孝老爱亲，使他们老有所养、老有所乐；老人逝去时，不大操大办、铺张浪费，树立绿色生态殡葬新风尚。传承好家风，弘扬孝老传统美德，教育好后人，让清明节成为敬老孝老日。
	清明节是一个缅怀前辈、继往开来的节日，移风易俗，革除鄙俗陋习，过一个平安、绿色、文明的清明节，理应成为全社会的自觉行动。让我们一起行动起来，从我做起，将“文明祭扫”体现在点滴行动，做新时代文明新风的引领者、宣传者、践行者，让清明更“清明”。
	文/涂林
【编辑:朱延静】
</body></doc>