<doc><id>1320</id><url>http://www.chinanews.com/sh/2020/04-02/9145878.shtml</url><title>香格里拉经济开发区火场点烧作业面开展余火清理</title><datetime>2020-4-2 21:54:00</datetime><body>	中新网昆明4月2日电(陈静)记者2日从相关部门获悉，香格里拉经济开发区火场北线东段昨晚开展了点烧作业，当日11时，武警、消防、应急民兵参战队伍在点烧作业面有序开展余火清理工作。
	29日16时50分，香格里拉经济开发区社区松园上组后山发生森林火灾。火场林相为云南松、高山松，相对易燃。火情发生后，由于风力较大，山高坡陡，给火灾扑救带来了较大困难，火情蔓延速度较快。
	火情发生后，云南省森林消防总队及时调集丽江森林消防支队、保山森林消防支队增援迪庆。截至1日上午投入各方救援力量2000多人，3架直升飞机(其中2架飞机进行吊桶灭火，1架进行侦察任务)开展扑救工作。
	按照指挥部预定部署，扑救人员于1日晚开展了两个半小时的点烧作业，火场北线向东蔓延危胁村落的明火被有效阻截。2日11时，参与扑救的武警、消防、应急民兵参战队伍有序开展余火清理工作。
	目前，火场北线向东蔓延受到威胁的礼仁村松园下组险情解除。(完)
【编辑:刘湃】
</body></doc>