<doc><id>1321</id><url>http://www.chinanews.com/sh/2020/04-02/9146005.shtml</url><title>广州护士被外籍新冠患者咬伤 院方否认曾批评涉事人员</title><datetime>2020-4-2 21:51:00</datetime><body>	广州护士被外籍新冠患者咬伤，院方否认曾批评涉事人员
	新京报讯(记者刘浩南张建斌)4月1日，一名外籍新冠肺炎确诊患者，咬伤广州市第八人民医院隔离病区护士汪某。涉事护士所在的重症医学科主任邓西龙回复新京报称，网传自己曾责骂护士不实。
	院方否认批评涉事人员
	4月2日，广州市公安局通报称，4月1日7时20分许，广州市第八人民医院隔离病区女护士汪某请一外籍新冠肺炎确诊患者(男，47岁，尼日利亚籍)抽血检查，该患者不予理睬，并试图强行走出隔离病房。护士见状将其阻拦，被其推倒在地殴打并被咬伤脸部。广州警方已对打伤护士的该名患者作为刑事案件调查。
	相关视频及图片显示，受伤护士汪某脸部明显红肿，左眼下方有一处出血伤疤，脖子位置有多处红色伤痕。
	4月2日上午，有微博账号发布消息称，因多名护士通过朋友圈公布汪护士受伤的消息及视频，该院重症医学科主任邓西龙要求护士们删除相关信息，并责骂发布伤情的护士。上述微博账号附上一张聊天记录截图，截图中被指为该院护士的一方称，希望遮盖个人信息后发布相关照片或视频；被指为邓西龙的一方回复称“不可以发”、“我不想惹麻烦”、“这些事可大可小”。
	新京报记者就上述情况向涉事护士所在的科室主任邓西龙求证，其回复称确实与该院医护人员有过相关对话，但只是希望提醒医护人员在朋友圈发布图片、视频要小心一点，“因为这些事情朋友圈一发酵就不得了。这怎么会骂他们呢，这都是乱传的。”
	邓西龙称，作为管理者很自责，但并没有责骂过医护人员，上述对话是在对医护人员做心理辅导时，提醒大家尽量把对汪护士的二次伤害降到最低。
	“已经发生的事情，我们没有办法挽回。我只能说，把对护士的伤害想办法降到最低，不仅仅是包括这一个护士，还有我们现在正在上班的这些护士。”邓西龙告诉新京报记者，汪护士被打受伤后，该科室医护人员的士气都很受影响，但不希望他们沉浸在事件中，“希望积极去面对，要(思考)怎么样去防止或者杜绝类似的事情再发生。”
	外籍男子伤人后未曾道歉
	对于该名外籍男子殴打、咬伤汪护士的具体原因，邓西龙称因该男子难以沟通，目前仍不了解，“他打了人以后根本就沟通不了了。我沟通过，跟他讲我们国家的政策(规定)必须得隔离，他听不进去。”新京报记者从邓西龙处获悉，事发后该名外籍男子未曾作出任何道歉，目前在接受强制性的约束。
	2日下午，据广州市第八人民医院发布通报称，目前警方已对此事立刑事案调查，嫌疑人正在警方监管下隔离治疗。广州市公安局则在通报中称，涉案嫌疑人目前正在警方监管下隔离治疗，待其治疗结束，警方将立即对其采取刑事强制措施。
	2日下午，广州市第八人民医院护理部一名杨姓主任告诉新京报记者，汪护士目前仍在广州市第八人民医院接受治疗，各项情况良好，“身体情况都还好，我们医院领导都很关心，跟她本人和家属的沟通都很到位。我们自己的护士，我们会照顾好的。”杨主任称，事发时的详细情况，需要联系上级部门了解，非常感谢外界关心。
	新京报记者：刘浩南张建斌
【编辑:朱延静】
</body></doc>