<doc><id>1322</id><url>http://www.chinanews.com/gn/2020/04-02/9145874.shtml</url><title>北京发布森林火险橙色预警 消防救援力量进入待命状态</title><datetime>2020-4-2 21:51:00</datetime><body>	中新网北京4月2日电(陈杭)2日，北京市森林防火指挥部办公室发布通知，北京市森防办与市气象台将于4月3日0时联合发布森林火险橙色预警，所有森林消防救援力量进入待命状态。
	3月中下旬以来，北京市持续干旱少雨，气温迅速回暖，正值清明祭扫高峰，上坟烧纸、野外烧荒、游人吸烟、电器打火等野外火源管控难度增大，森林火险预警等级升高。4月3日—6日(共4天)的森林火险等级升级为2级(橙色)。
	通知提到，北京市所有森林消防救援力量进入待命状态，保证扑火机具、运输车辆处于良好状态，随时准备出动。
	北京市森林防火指挥部办公室要求，各级森林防火部门分管领导要亲自带队开展督导检查，隐患问题限时整改，加大执法检查和处罚力度。各级管护人员全天候坚守岗位。护林员、生态林管护员延长看护时间，全面做好火源管控工作。各巡查队要增派人员、加大巡查力度和频率，重点地区、重点林区死看死守，严格制止一切违章违规用火。瞭望塔观察员要增加森林火情监测频次，严密监视辖区火情，确保第一时间发现和上报。
	北京市应急管理局、市园林绿化局、市公安局(森林公安部门)、市交通委、市经济和信息化局、市卫生健康委、市商务局、市通信管理局、市水务局、市公安交管局、北京市消防救援总队、北京市电力公司将依据各自职责，加强值班值守，做好扑救森林火灾准备工作。(完)
【编辑:苑菁菁】
</body></doc>