<doc><id>1324</id><url>http://www.chinanews.com/gn/2020/04-02/9146002.shtml</url><title>周强：严格执行防止干预司法“三个规定”</title><datetime>2020-4-2 21:48:00</datetime><body>	中新社北京4月2日电(记者张素)中国最高人民法院党组书记、院长周强2日表示，严格执行防止干预司法“三个规定”，努力营造良好政治生态、司法生态，确保公正廉洁司法。
	“三个规定”分别为：《领导干部干预司法活动、插手具体案件处理的记录、通报和责任追究规定》；《司法机关内部人员过问案件的记录和责任追究规定》；《关于进一步规范司法人员与当事人、律师、特殊关系人、中介组织接触交往行为的若干规定》。
	周强当日主持最高法党组理论学习中心组专题学习研讨。他说，严格执行防止干预司法“三个规定”，事关依法独立公正行使审判权，事关人民法院长远健康发展，事关全面依法治国顺利实施。全国各级法院要出实招硬招，确保党中央关于防止干预司法的决策部署在人民法院不折不扣贯彻落实。
	周强强调，要激励干警如实记录和抵制干预过问行为，严格贯彻执行中办、国办印发《保护司法人员依法履行法定职责规定》以及最高法实施办法，加强制度设计与解读，健全对记录违规干预过问案件法官的保护和激励机制，确保法官依法履行审判职责。要加大司法公开力度，从源头上减少违规过问案件问题发生，及时发布典型案例，加大通报力度，引导干警知敬畏、存戒惧、守底线。
	最高法当日还以视频形式在线召开网络安全和信息化领导小组2020年第一次全体会议。周强在会上说，新冠肺炎疫情发生以来，最高法指导各级法院运用智慧法院建设成果，将诉讼服务从“线下”移到“线上”，及时有效办理大量案件。
	“更好运用大数据、云计算、区块链、人工智能、5G等前沿技术加强审判执行工作，不断提高人民法院化解矛盾纠纷和诉讼服务能力水平。”他说，下一步要制定“十四五”期间法院信息化发展规划。(完)
【编辑:郭泽华】
</body></doc>