<doc><id>1325</id><url>http://www.chinanews.com/sh/2020/04-02/9145948.shtml</url><title>辽宁：疫情防控以来在线司法服务近1.8万件次</title><datetime>2020-4-2 21:47:00</datetime><body>	中新网沈阳4月2日电(王景巍)记者4月2日从辽宁省高级人民法院疫情防控领导小组办公室获悉，自疫情防控工作开展以来，辽宁法院借助信息化平台，全面推进“线上”服务，2月12日至3月底，辽宁法院通过网上开展司法服务17888件(次)，共利用辽宁互联网庭审云平台进行线上庭审3566次。
	为切实维护人民群众生命健康权益和诉讼权益，辽宁高院连续出台为统筹推进新冠肺炎疫情防控和经济社会发展工作提供有力司法服务和保障的若干意见等多项指导文件，要求全省法院确保智慧司法持续在线，推广“网上办”“掌上办”，积极引导当事人通过网上开展立案、诉讼、调解、信访等诉讼活动。
	2月17日，辽宁法院互联网庭审云平台正式上线，全省128家法院全部开通互联网庭审服务。截至3月底，全省法院网上立案5130件，网上开庭1939件，网上调解1039件，电子送达4518件。
	据介绍，接下来，辽宁高院与中国司法大数据研究院联合开展的辽宁法院信息系统总体设计方案将于5月底前完成，支撑辽宁智慧法院战略规划、项目预算、系统论证和系统研发工作，提升信息化建设科学水平，为长远发展打下良好基础。(完)
【编辑:郭泽华】
</body></doc>