<doc><id>1326</id><url>http://www.chinanews.com/gj/2020/04-02/9145996.shtml</url><title>美纽约市新冠确诊病例中18至44岁患者占比超40%</title><datetime>2020-4-2 21:45:00</datetime><body>	中新网4月2日电据美媒4月1日报道，美国纽约市是美国新冠肺炎疫情“震中”。纽约市卫生局最新数据显示，在该市，年龄在18至44岁之间的人在确诊病例中占比40%以上。
	报道称，许多看似健康的年轻人因感染新冠病毒而患了重病。一名来自纽约的37岁患者表示，自己从不抽烟，没有呼吸道疾病，经常运动，饮食也很健康，但却因感染新冠肺炎导致难以呼吸，一直在医院治疗。
	尽管如此，该市大部分住院和死亡病例仍为老年人。18至44岁年龄组中约9%的患者需要住院治疗，而75岁及以上的患者中有一半需要住院。
	另外，美国疾控中心的数据显示，到目前为止，年龄在20至44岁之间的人占全国确诊病例的29%。
	据美国约翰斯•霍普金斯大学统计数据显示，截至美国东部时间4月2日7时40分，美国新冠肺炎确诊病例达216722例，纽约市为47439例，占全美确诊总数的约五分之一。
【编辑:郭炘蔚】
</body></doc>