<doc><id>1327</id><url>http://www.chinanews.com/cj/2020/04-02/9145873.shtml</url><title>上海虹桥机场出租车蓄车场充电示范点建成投用</title><datetime>2020-4-2 21:44:00</datetime><body>	中新网上海4月2日电(王子涛)近日，上海虹桥机场出租车蓄车场充电示范点正式建成投用，成为全国首家为新能源出租车设立充电服务和专用排队通道的机场蓄车场。
	充电示范点位于上海虹桥机场T2航站楼出租车蓄车场北广场，目前设有20个充电车位，可同时为20辆新能源出租车充电，驾驶员通过手机微信小程序即可进行操作。
	为统筹管理传统汽油与新能源出租车运营管理，虹桥机场优化T2蓄车场运行方案，做到“待运+充电”两不误。新能源出租车在规定区域充电后，无需再进入传统出租车排队通道，可优先直接离场进入专用通道，但必须遵循“充电时长限制”和相关管理规定。
	据悉，T2蓄车场内充电桩目前全部采用大功率380V直流快充，以荣威Ei5纯电动出租车为例，最快35分钟即可实现0到100%充满电。
	T2出租车蓄车场充电示范点的运营从充电桩、供电系统到车位，实现了土地、电力等资源的集约化利用，实现充电桩运营、车位使用监测、新能源车牌识别等功能。同时，为广大新能源出租车驾驶员进入虹桥机场区域充电、休息和营运提供了更多便利条件。(完)
【编辑:苑菁菁】
</body></doc>