<doc><id>1328</id><url>http://www.chinanews.com/sh/2020/04-02/9146001.shtml</url><title>延安大学咸阳医院回应“用救护车运菜”：已停用</title><datetime>2020-4-2 21:44:00</datetime><body>	延安大学咸阳医院回应“用救护车给食堂运菜”：已停用
	近日，有网友在微博上反映，在路过陕西省咸阳市延安大学咸阳医院时发现，医院用救护车给食堂运菜。
	4月2日，延安大学咸阳医院办公室一位李姓工作人员告诉澎湃新闻(www.thepaper.cn)，4月1日，办公室在了解情况后，目前已经停用了涉事车辆。
	此前，梨视频报道称，该医院宣传部回应，运菜的救护车已经淘汰四五年，后来给食堂用来运菜。
	网传视频显示，有身着厨用围裙的人从救护车中拿出成箱的货物，往小板车上搬。救护车的外观涂装和警灯均未更改和拆卸。
	咸阳市交通运输局运管处负责人2日向澎湃新闻表示，像救护车、消防车等特种车辆，只能用于救治病人、灭火等特殊用途，做特种服务使用，不承担普通的货物运输职能。即使用淘汰的救护车运输普通货物，也应该把特种车辆的外观恢复成普通货车的样貌。
	延安大学咸阳医院官网介绍，该院是一所三级甲等综合性医院，是延安大学医学院第三附属医院，心脑血管重点专科省内外知名。
	澎湃新闻记者朱雷
【编辑:朱延静】
</body></doc>