<doc><id>1330</id><url>http://www.chinanews.com/sh/2020/04-02/9145863.shtml</url><title>“星星孩子”家长心声：希望社会给予更多接纳和包容（图）</title><datetime>2020-4-2 21:42:00</datetime><body>	中新网南昌4月2日电题：“星星儿童”家长心声：希望社会给予更多理解和接纳
	作者吴鹏泉丁怡
	“当孩子在外面不像正常孩子那么懂事，希望大家不要用太异样的眼光去看待她，多些理解和包容。”4月2日，在江西南昌融创海世界，叶永蓝向记者道出了众多自闭症儿童家长的心声。
	今年的4月2日是第13个“世界孤独症日”。当日，南昌市残疾人联合会等机构在此间举办了“爱聚海世界心系星星的孩子”公益关爱活动。
	自闭症又称孤独症，是一种以社会交往和沟通障碍、刻板行为及兴趣范围狭窄为主要特征的发育障碍。也正因为如此，人们把自闭症儿童称之为“星星的孩子”。公开数据显示，中国孤独症人士数量超过1000万，孤独症儿童数量超过200万。
	为让孩子能有更多机会接触社会，30岁的叶永蓝带着5岁的女儿希希参加了上述活动。“女儿在3岁时发现异常，带她出去玩，就到处乱跑，情绪也很大，而且当时没有语言交流，几乎从来不叫爸爸妈妈。”
	医院的诊断结果让叶永蓝陷入了慌乱，但其随后为女儿报了一家特殊教育机构。“经过康复训练，如今孩子的语言表达能力和动手能力都有所提高。她真的就如同一张白纸，教了之后，就会一点一点学。”
	看着希希在活动现场四处好奇地看着各种海洋动物，表现得很活泼，叶永蓝脸上露出笑容，不时拿出手机记录下女儿高兴的样子。“希望孩子以后生活能够自理，长大能够从事一份简单正常的工作。”
	不过令叶永蓝担忧的是，由于希希不爱与人沟通，别人是否会用异样的眼光去看待她？“出于这方面考虑，所以我从来不会跟朋友提起孩子的特殊性。”
	“你好，我今年7岁了。”与希希一样，豆豆也是一个“自娱自乐”的小孩，他在妈妈李瑛瑛的引导下向记者作了自我介绍。
	豆豆快3岁时，李瑛瑛发现儿子和别的小朋友不太一样，“去游乐场，他和其他孩子玩不到一块，平时在家也不懂如何表达自己的意思。”
	等到豆豆上幼儿园，老师也发现了这个“秘密”，建议李瑛瑛带着豆豆去医院检查。李瑛瑛很快接受了这个现实，联系到南昌一家专业机构为儿子矫治，“只要坚持科学干预，孩子的沟通障碍、行为认知等问题都会有一定的进步；家长通过训练以后，也能学会用孩子的方式跟他沟通交流。”
	“有些人不了解自闭症，片面认为是由于家长不会带，才导致出现问题。”在李瑛瑛看来，应该对民众进行更多科普，让大家对自闭症更了解，“有了一定认知后，大家就能比较客观接纳自闭症儿童，我觉得接纳是最重要的。”
	江西省南昌市残疾人康复协会会长洪丽娟亦认为，自闭症儿童犹如天上的星星，独自闪烁，以他们特有的方式面对着外界。“希望民众给予这群‘星星的孩子’更多理解、支持和包容，让他们更好适应社会环境。”(完)
【编辑:苑菁菁】
</body></doc>