<doc><id>1332</id><url>http://www.chinanews.com/gn/2020/04-02/9145963.shtml</url><title>陕西多项举措确保复课安全</title><datetime>2020-4-2 21:37:00</datetime><body>	中新网西安4月2日电(记者阿琳娜)记者2日从陕西官方召开的新闻发布会上获悉，陕西省教育厅全力筹措好必要的防控物资、组织省级督查组下沉各地开展工作、及时启动返校师生信息报送程序、提高警惕外防输入内防扩散等，确保学校复课安全。
	陕西省教育厅副厅长刘宝平介绍，该省高三年级已于3月30日全面开学；4月7日，全省初三年级和中职毕业年级将开学，其他学段也将陆续开学。
	经统计，3月30日以来，陕西省471所高中的23.63万高三学生开学、步入校园，5335名学生因滞留省外暂未返校。该省各地教育部门和高中学校采取严格晨午检、按时消毒通风、错时错峰用餐和上下学、缩小班额设置、分散安排座位等举措，严格落实防控工作各个环节，开学以来各地学生入校安全有序，复课教学正常进行，开学工作平稳有序。
	陕西省教育厅坚持“统筹调配、多措并举，市县尽责”的原则，由地方财政、教育部门及学校根据相关资金管理办法和学校疫情防控需要，妥善安排学校疫情防控物资、设备采购等支出。目前，陕西省已经下达各类专项经费31亿元，有力支持了各地疫情防控物资储备。
	同时组织省级督查组下沉各地开展工作。从3月25日起，成立10个工作指导组，分赴全省各市对当地学校开学前准备工作、开学时和开学后各项防控措施落实情况进行专项督查，对督查中发现问题的学校现场下发督办单，限期整改，整改不到位不安排开学。
	此外也及时启动了返校师生信息报送程序。按照日报告要求，指导各地各校继续做好所有已开学学校的动态监测，精准摸排已返校师生身体状况和未返校师生旅居史、密切接触人员、健康状况、未返校原因等信息，掌握一手数据，确保各地开学后信息畅通，确保每一位进校人员健康安全。
	当前重点要严防境外输入可能带来的风险，陕西省教育厅要求各地各校都要严格按照学校应急预案要求和开学前应急演练模式，一旦出现聚集性疫情爆发，要立即采取果断措施，及时处置，及时上报，确保校园安全稳定。
	刘宝平说，按照当前疫情情况和教育部“分批错峰”开学要求，该省春季开学按照“一市一策”“一校一策”的原则确定开学时间。除了高三、初三和中职毕业班全省统一开学外，要求各市根据本地区的实际情况，确定基础教育其他年级开学的具体时间。各地确定开学时间后要报省教育厅研究备案，由教育厅审定同意后方可开学。
	高校开学因涉及大量省域内外人员流动，必须慎之又慎，根据疫情发展情况，目前具体开学时间陕西省教育厅正在审慎研究，综合评判，在报请陕西省委、省政府和教育部同意后，将提前一周向社会公布。
	关于中考时间问题，按照教育部3月31日要求，中考由各省根据实际情况确定考试时间，根据今年疫情防控和延期开学等特殊情况，原则上安排在高考之后进行。陕西省具体考试时间目前正在征求有关方面意见，待明确后将及时向社会公布。(完)
【编辑:郭泽华】
</body></doc>