<doc><id>1333</id><url>http://www.chinanews.com/gn/2020/04-02/9145990.shtml</url><title>黑龙江：开展尾矿库环境安全隐患摸底 多地开展专项执法检查</title><datetime>2020-4-2 21:34:00</datetime><body>	新华社哈尔滨4月2日电黑龙江省生态环境厅2日下发通知，要求省内各地生态环境管理部门对尾矿库环境安全隐患摸底，督促尾矿库企业提高防范次生、伴生突发环境事件的意识和能力，增强妥善处置突发环境事件能力，保障生态环境安全。
	根据这份通知，黑龙江省各级生态环境管理部门将对辖区内尾矿库的特征污染物、周边环境敏感点尤其是饮用水水源地等环境风险信息进行摸底，加大对企业环境风险隐患自行排查治理的监督管理力度，严格落实企业环境安全主体责任，督促指导尾矿库企业开展风险评估、环境安全隐患自行排查治理、完善尾矿库环境应急预案，提高环境风险防范和突发环境事件先期处置能力。
	3月28日13时40分许，伊春鹿鸣矿业有限公司钼矿尾矿库4号溢流井发生倾斜，导致泄水量增多并伴有尾矿砂，对水环境造成污染。经过昼夜施工，3月31日，溢流井漏水点被封堵。事件发生后，黑龙江省多地生态环境部门开展尾矿库专项检查。
	3月31日，双鸭山市生态环境局成立两个检查组，分别对大唐双鸭山热电有限公司灰库、黑龙江建龙矿业有限公司尾矿库等多个尾矿库进行专项检查。鹤岗市生态环境局成立环境安全隐患排查整治工作领导小组，在全市范围内开展突发环境事件隐患排查整治工作。
【编辑:朱延静】
</body></doc>