<doc><id>1337</id><url>http://www.chinanews.com/sh/2020/04-02/9145981.shtml</url><title>张文宏：复阳患者到现在无一例人传人，因为病毒是“死”的</title><datetime>2020-4-2 21:27:00</datetime><body>	4月2日晚8时，“爱心暖游子携手共抗疫——支持海外华侨华人、留学人员参与新冠肺炎疫情防控爱心连线(英国、南非专场)”举行，复旦大学附属华山医院感染科主任张文宏、上海市精神卫生中心主任医师谢斌以及演艺界的舒悦、江疏影等人，与英国、非洲相关国家侨团、留学生代表视频交流，携手华侨华人共同抗疫。
	有留英研究生提出，复阳患者是否会造成大面积感染？
	张文宏介绍，复阳背后有复杂的科学机制，但复阳不具备显著的临床意义，在流行病学史里不会引起大面积爆发，到现在为止还没有一例人传人，因为病毒是“死”的。
	他提到，这个月刚刚发表的一篇Nature文章提到，在后期，(治愈)几个礼拜之后，病毒尽管在痰液里检测到了，但是病毒是“死”的。张文宏指出，这些病毒如果重新去培养，是培养不出来的。
	此外，很多人会对超市买回的商品包装袋进行消毒，张文宏介绍，这是没有意义的，用流水洗手比一切消毒水都有用。
	澎湃新闻记者杨帆
【编辑:朱延静】
</body></doc>