<doc><id>1338</id><url>http://www.chinanews.com/gn/2020/04-02/9145931.shtml</url><title>安徽合肥出台方案加速对接长三角 建有国际影响力创新之都</title><datetime>2020-4-2 21:23:00</datetime><body>	中新社合肥4月2日电(记者吴兰)记者2日从合肥官方获悉，安徽省会城市合肥出台的《合肥市推动长三角地区更高质量一体化发展重点工作推进方案》(以下简称《方案》)明确，与长三角城市加强科技创新、营商环境等13个重点领域合作，并细化了210条重点工作。力争到2035年，基本建成具有国际影响力的创新之都。
	《长江三角洲区域一体化发展规划纲要》于2019年底正式公布，江苏、浙江、安徽、上海等三省一市积极对接，出台各自实施方案。
	合肥全面落实《长江三角洲区域一体化发展规划纲要》《安徽省实施长江三角洲区域一体化发展规划纲要行动计划》，紧扣“一体化”和“高质量”，坚持上海龙头带动，联手南京、杭州和区域其他城市，打造科技创新策源地、新兴产业集聚地、内陆开放新高地、绿色发展样板区，加快打造具有国际影响力的创新之都，高质量建设长三角世界级城市群副中心和支撑安徽全省发展的核心增长极。
	在科创一体化方面，推动合肥、张江两大综合性国家科学中心联动发展；坚持提升拓展和开放共享已建成的全超导托卡马克等重大科技基础设施，促进长三角大科学装置集群化发展和开放共享机制建设。
	在产业一体化方面，围绕智能家电、新型显示及电子信息等领域，加强优势产业协作，着力打造若干世界级产业集群。重点巩固提升合肥以新型显示为引领的电子信息产业综合优势，打造长三角领先的“芯—屏—端”新兴产业集群板块。
	在交通一体化方面，积极共建轨道上的长三角，构筑以上海、南京、杭州、合肥为中心的多层次、高品质轨道交通体系。加快建设商合杭铁路、合安九铁路等在建项目。
	《方案》明确，到2025年，长三角基础设施互联互通基本实现，科创产业融合发展体系基本形成，一体化体制机制运行有效。到2035年，高质量一体化发展格局基本形成，具有国际影响力的创新之都基本建成。(完)
【编辑:郭泽华】
</body></doc>