<doc><id>1342</id><url>http://www.chinanews.com/tw/2020/04-02/9145918.shtml</url><title>台湾新增10例确诊病例 即日起禁探望病人</title><datetime>2020-4-2 21:16:00</datetime><body>	(抗击新冠肺炎)台湾新增10例确诊病例即日起禁探望病人
	中新社台北4月2日电台湾“流行疫情指挥中心”2日公布，台湾新增10例新冠肺炎确诊病例，其中8例境外输入，2例本地病例。目前全台累计339人确诊，5人死亡。
	据中央社、《联合报》等台湾媒体报道，新增的本地病例分别为50多岁男性及40多岁女性，其中40多岁女性病例感染源尚待查明；8例境外输入病例为6男2女，年龄10多岁至60多岁，发病前活动地为美国、加拿大、秘鲁、玻利维亚、智利、阿根廷、巴西、英国、丹麦、奥地利及印度尼西亚。
	“流行疫情指挥中心”当日表示，为避免社区感染源引发院内感染，即日起禁止到医疗机构探望病人，尽量使用视频通话，直到疫情威胁缓解，禁令才会解除。此外，自4月3日起，所有入境旅客凡是有发烧、呼吸道症状者，在机场采检后将直接送往指定地点等待结果。
	早前，台湾方面要求滞留湖北的台胞从上海搭乘指定的两个航班返台。3月29日抵台的第一个航班中，153名台胞检验结果均为阴性。“流行疫情指挥中心”4月2日公布，3月30日的第二个航班中，214名台胞第一次采检结果均为阴性，但其中一名女子4月1日下午出现发烧症状，立即送医，已退烧，正由医生评估，不排除二次采检。(完)
【编辑:郭泽华】
</body></doc>