<doc><id>1345</id><url>http://www.chinanews.com/sh/2020/04-02/9145946.shtml</url><title>稳投资发力！一季度新增专项债发行超万亿元</title><datetime>2020-4-2 21:13:00</datetime><body>	稳投资发力！一季度新增专项债发行超万亿元
	新华社北京4月2日电（记者申铖）记者2日从财政部获悉，截至3月底，今年共发行新增地方政府专项债券10829亿元，其中3月份发行1331亿元。
	“专项债全部用于基础设施建设。”财政部经济建设司一级巡视员宋秋玲日前在国务院联防联控机制新闻发布会上表示，今年以来，各地发行的新增专项债全部用于交通设施、生态环保、农林水利、市政和产业园区等领域的重大基础设施项目建设。
	专项债增加规模、加快发行使用，是今年积极的财政政策的发力点之一。本周召开的国务院常务会议明确，要在前期已下达一部分今年专项债限额的基础上，抓紧按程序再提前下达一定规模的地方政府专项债。
	“增加地方政府专项债规模，可以对稳投资进一步起到促进作用。”中国社科院财经战略研究院副院长杨志勇说。根据国务院常务会议部署，增加的专项债将对重点项目多、风险水平低、有效投资拉动作用大的地区给予倾斜，加快重大项目和重大民生工程建设。
	一季度，受疫情影响，绝大多数省份无法安排人员出差进行发债现场操作，财政部为此在北京代理地方进行发债现场操作，有力保障地方债券发行进度。数据显示，截至3月底，今年共发行地方政府债券16105亿元，其中新增债券15424亿元，完成中央提前下达额度的83.5%。分地区看，北京、天津、云南等13个地区完成全部提前下达额度债券发行任务，黑龙江、厦门、山东等6个地区完成进度超过90%。
	财政部表示，下一步将坚决贯彻落实党中央、国务院关于地方政府专项债的决策部署，全力保障地方债券平稳顺利发行，促进积极的财政政策更加积极有为，努力实现全年经济社会发展目标任务。
【编辑:朱延静】
</body></doc>