<doc><id>1347</id><url>http://www.chinanews.com/gn/2020/04-02/9145944.shtml</url><title>国家邮政局：加快推动5G、大数据等与制造业供应链深度融合</title><datetime>2020-4-2 21:12:00</datetime><body>	国家邮政局：加快推动5G、大数据等与制造业供应链深度融合
	人民网北京4月2日电（记者李楠桦）今日，国家邮政局印发《促进快递业与制造业深度融合发展意见》，加快推动5G、大数据、云计算、人工智能、区块链和物联网与制造业供应链的深度融合，提升基础设施、装备和作业系统的信息化、自动化和智能化水平。
	《意见》提出，到2025年，快递业服务制造业范围持续拓展，深度融入汽车、消费品、电子信息、生物医药等制造领域，形成覆盖相关制造业采购、生产、销售和售后等环节的供应链服务能力，培育出仓配一体化、入厂物流、国际供应链、海外协同等融合发展的成熟模式，培育出100个深度融合典型项目和20个深度融合发展先行区。快递业服务相关制造业的能力和水平显著提升，相关制造业供应链组织效率、市场竞争力显著提升，实现互利共赢、相融相长、耦合共生。
	深化产业合作。鼓励制造企业专注于设计、研发和生产等核心环节，优化业务流程，整合外包采购、生产、销售和售后等环节的快递物流需求，引导有实力的快递企业有效承接并提供集约化、专业化的服务。支持制造企业与快递企业签订中长期合同，建立互利共赢、长期稳定的战略合作关系。
	协同产业布局。支持各地结合实际做好快递业与制造业规划布局衔接，重点在京津冀、长三角、珠三角等区域推进快递业与制造业深度融合发展。引导快递企业在工业园区、高新技术产业园区等制造业集聚区，建设集约共享、智能高效的快递物流基础设施，提供专业化快递物流服务。鼓励各地在规划建设制造业产业园区时，引入快递企业设计建设仓储物流设施，打造供应链物流信息平台。支持快递企业建设辐射国内外的航空快递货运枢纽，吸引新一代信息技术、生物医药等高端制造业集聚发展，打造临空经济区。
【编辑:朱延静】
</body></doc>