<doc><id>135</id><url>http://www.chinanews.com/sh/2024/05-29/10225014.shtml</url><title>上海正式启动失业保险稳岗返还工作 预计60多万户用人单位受益</title><datetime>2024-5-29 10:59:00</datetime><body>	中新网上海5月29日电(记者许婧)上海市人力资源和社会保障局29日发布消息称，上海正式启动失业保险稳岗返还工作，预计60多万户用人单位受益。
	据介绍，为全面贯彻落实国家和上海关于减税降费的决策部署和工作要求，持续优化营商环境，着力发挥失业保险助力企业发展的积极作用，按照人社部《关于延续实施失业保险援企稳岗政策的通知》、上海市政府《减轻企业负担支持中小企业发展若干政策措施》要求，上海市人社局近日会同上海市财政局、市发改委、市税务局出台《关于实施失业保险稳岗返还的通知》。
	《通知》规定，失业保险稳岗返还的对象范围是，2023年裁员率不高于5.5%，按时足额缴纳失业保险且信用记录良好的上海企业、社会团体、基金会、社会服务机构、律师事务所、会计师事务所，以及以单位形式参保的个体工商户。在返还比例上，以企业及其职工2023年实际缴纳的失业保险费总额为基数，大型企业按30%、中小微企业按60%返还。返还资金不仅能够用于职工生活补助、缴纳社会保险费、转岗培训、技能提升培训，还可作为降低生产经营成本的支出。
	此外，为提高用人单位的获得感和便捷度，失业保险稳岗返还资金采用“免申即享”的方式发放。经大数据比对、符合条件的用人单位将陆续收到推送短信，单位通过人社自助经办平台对银行账号等相关信息予以确认，经市区两级人社部门审核、公示后，稳岗返还资金将直接拨付到单位账户。
	根据工作安排，首批符合条件的用人单位将于近日收到返还资金。(完)【编辑:胡寒笑】
</body></doc>