<doc><id>1350</id><url>http://www.chinanews.com/ga/2020/04-02/9145912.shtml</url><title>澳门市政署呼吁市民错峰扫墓防疫</title><datetime>2020-4-2 21:04:00</datetime><body>	中新社澳门4月2日电(记者龙土有)澳门特区政府市政署2日公布，清明节即将到来，为更好地分流扫墓的市民，市政署将延长辖下6个市政坟场的开放时间，呼吁市民错峰或于清明节后扫墓，以减低因人流聚集引致的卫生风险。
	市政署表示，辖下市政坟场于4月4日至6日、4月11日至12日延长开放时间，由上午7时30分至晚上7时开放。与此同时，为了让市民了解各市政坟场的人流情况，市政署将通过官方网站，向市民及时发布相关资讯。
	为配合坟场防疫措施，市政署按照卫生当局的指引，已安排保安人员驻守各市政坟场的出入口，协助市民测温及控制人流等，而扫墓人士须佩戴口罩及作个人健康声明。
	此外，市政署将加强坟场内设施设备的清洁消毒工作，包括使用稀释漂白水清洁公厕内的门柄、水龙头、冲水设备，以及坟场内的洗手设备等，尽量减低病毒的传播风险及条件。
	市政署呼吁家族中的不同家庭应避免在同一时间拜祭，而拜祭期间应与他人保持适当距离，祭祀宜简约并尽量缩短时间，避免长时间在坟场内逗留。
	(完)
【编辑:郭泽华】
</body></doc>