<doc><id>1352</id><url>http://www.chinanews.com/ga/2020/04-02/9145910.shtml</url><title>澳门理工学院首办“网上就业展” 四千职位“虚位以待”</title><datetime>2020-4-2 21:03:00</datetime><body>	中新社澳门4月2日电(记者龙土有)澳门理工学院2日举办首个“网上就业展”，让应届毕业生在抗疫期间，通过网上就业平台与企业或机构进行职业配对。超过350间来自澳门、香港及大湾区的企业参与，提供超过4000个职位空缺。
	理工学院“网上就业展”设有职位空缺、就业讲座、求职面试攻略、就业信息平台等。其中就业讲座邀请各大企业负责人及政府部门代表，在网上提供最新的企业信息、仿真面试及求职信写作等实用求职技巧。
	此外，理工学院今年更首次与珠海华发集团三江人力资源中心合作，举办“大湾区大学生就业实习双选会”澳门理工学院空中专场，以深化粤澳合作及促进大湾区人才交流。
	主办活动的理工学院学生事务处表示，“网上就业展”及“双选会”吸引来自澳门、香港及大湾区城市超过350间企业或机构参加，提供超过4000个职位空缺，供学生网上申请，使学生足不出户也能获取大量就业资讯及指导。希望同学把握机会，以开拓进取、积极主动的态度开启职业生涯之路，为澳门和大湾区建设贡献所长。(完)
【编辑:郭泽华】
</body></doc>