<doc><id>1356</id><url>http://www.chinanews.com/sh/2020/04-02/9145908.shtml</url><title>北京强化防疫法律手段：无论中外、一视同仁</title><datetime>2020-4-2 21:00:00</datetime><body>	(抗击新冠肺炎)北京强化防疫法律手段：无论中外、一视同仁
	中新社北京4月2日电(陈杭)一名坦桑尼亚籍男子不配合社区疫情防控措施，已被北京警方要求限期出境。中共北京市委宣传部副部长徐和建2日在发布会上表示，法律面前人人平等，没有例外。任何违反防控政策规定的人，无论是谁都要依法严肃处理。
	外籍男子不配合防疫被限期出境
	当前，北京市疫情防控形势持续向好，但境外疫情输入风险依然严峻。
	北京市公安局副局长、新闻发言人潘绪宏指出，北京警方持续加强“外防输入、内防反弹”各项措施，近日，连续查处多名违反防疫规定的入境进京人员。
	3月27日、28日，北京市朝阳公安分局潘家园派出所接社区防疫工作人员报警和网民反映，一名坦桑尼亚籍男子不配合社区疫情防控措施。警方经工作，依据《中华人民共和国治安管理处罚法》第五十条和《中华人民共和国出境入境管理法》第八十一条之规定，已对该人作出行政处罚，限期出境。
	3月11日，北京市某公司员工解某军(男，29岁)从北京乘飞机，经深圳中转前往澳门，14日返京，后又自驾往返唐山会友。其出境、入境及返京情况，均未向社区和所在单位报告，未按规定隔离观察。
	3月16日，北京市某公司员工殷某(男，32岁)从北京乘飞机，经珠海中转前往澳门，17日返京，未向社区及单位报告，未按规定隔离观察，多次外出，并在社区民警询问时，谎称仅去过深圳，故意隐瞒出入境事实。
	依据《中华人民共和国治安管理处罚法》第五十条之规定，北京市东城、石景山公安分局已分别对解某军、殷某处以行政拘留的处罚。目前，二人正在指定地点集中隔离，待通过医学观察后执行拘留。
	潘绪宏指出，疫情防控成果来之不易，需要倍加珍惜、并肩携手、向心发力，共同筑牢健康安全防线。
	他提示，战“疫”尚未全胜，决不可懈怠放松，所有入境进京人员，均应严格遵守中国法律法规和北京市疫情防控相关规定，对妨害疫情防控的各类违法犯罪行为，警方将一视同仁，依法追究责任。
	中外一视同仁
	当前全球新冠肺炎疫情呈现不断加快、增加的趋势，疫情防控长期性、复杂性、艰巨性的特点更加明显。
	徐和建称，首都疫情防控工作压力巨大，呈现常态化的态势，依法、科学、有序防控至关重要。要坚持运用法治思维和法治方式开展疫情防控工作，在法治轨道上统筹推进各项防控工作，保障疫情防控工作顺利开展。要加大对危害疫情防控行为执法、司法力度，加强治安管理、市场监督等执法工作，依法严厉打击抗拒疫情防控、暴力伤医、制假售假、造谣传谣等破坏疫情防控的违法犯罪行为，保障社会安定有序。
	疫情防控人人有责，没有人能置身事外。法律面前人人平等，没有例外。
	疫情防控政策和规定，需要每个人去遵守和执行，才能确保取得首都疫情防控的全面胜利。任何违反防控政策规定的人，无论是谁都要依法严肃处理。
	徐和建强调，在京境外人员要严格遵守中国的法律和北京市的疫情防控规定。在京境外人员违反中国的法律和北京的防控规定，也一定要依法进行处理，绝不能有例外。(完)
【编辑:郭泽华】
</body></doc>