<doc><id>1358</id><url>http://www.chinanews.com/ty/2020/04-02/9145909.shtml</url><title>广州发放体育消费券提振体育消费</title><datetime>2020-4-2 20:53:00</datetime><body>	中新社广州4月2日电(王坚)据广州市体育局2日消息，该市体育场馆开始分区分级有序有限开放，并恢复线上预订场地服务，同时为助力广州体育场馆复工复产，今年还将发放体育消费券，鼓励市民参与全民健身，提高身体免疫力。
	据广州市体育局介绍，该局日前发布《关于印发体育场馆复工复业工作指引(第一版)的通知》，按下广州体育场馆复工复业“启动键”，制作了“一图读懂工作指引”宣传长图，指导各场馆有序做好复工复业前人员健康监测和场馆消毒工作。
	此外，广州已正式恢复线上预订场地业务，全市已上线的450家体育场馆陆续开放线上预订，场馆复工率约86%。线上平台每天约有6000片运动场地提供服务，开放时段为9时至22时。同时，为了便于市民运动健身，有条件的体育场馆还延长开放服务时间。
	广州市体育局相关负责人表示，该局今年增加惠民补助资金，发放体育惠民消费券，对冲疫情影响，提振民众运动热情，促进体育消费。
	据了解，体育消费券通过线上平台发放。市民注册登录账号后，可参与惠民优惠券大转盘，每月有3次抽奖机会，可获得免费券、10元、20元、30元消费券，也可通过积分兑换消费券，实现免费或低收费订场，降低市民运动成本。(完)
【编辑:郭泽华】
</body></doc>