<doc><id>1359</id><url>http://www.chinanews.com/gj/2020/04-02/9145897.shtml</url><title>尼泊尔新增1例确诊病例 累计达6例</title><datetime>2020-4-2 20:48:00</datetime><body>	(抗击新冠肺炎疫情)尼泊尔新增1例确诊病例累计达6例
	中新网加德满都4月2日电(记者张晨翼)尼泊尔卫生与人口部2日宣布，尼泊尔新增1例新冠病毒感染病例，累计达6例。
	该部表示，这位患者是一名女性，她在3月17日乘坐卡塔尔航空QR652航班从多哈抵达加德满都。
	之前，尼泊尔有2位确诊患者也是乘坐该航班抵达尼泊尔的。因此，这个航班对尼泊尔防疫工作而言是重中之重。据悉，该航班当时有100多名乘客，政府已经追踪到其中的绝大部分人。
	目前尼泊尔正从外国进口医疗物资，应对新冠肺炎疫情。(完)
【编辑:董寒阳】
</body></doc>