<doc><id>1360</id><url>http://www.chinanews.com/sh/2020/04-02/9145850.shtml</url><title>云南大理州新增2例境外输入无症状感染者</title><datetime>2020-4-2 20:47:00</datetime><body>	中新网4月2日电据大理白族自治州人民政府新闻办公室官方微博消息，截至4月1日24时，大理州累计有境外输入无症状感染者2例，现已转至州医院隔离观察，其中：1例为中国公民、沙特输入，另1例为中国公民、缅甸输入。另外，根据省里统一安排，大理州收治了从丽江市送诊的境外输入确诊病例1例(中国公民、英国输入)。
	第1例境外输入确诊病例：男，14岁，湖北武汉人。2020年3月21日乘坐CA848航班从英国乘飞机于22日抵达上海浦东机场入境，当日从上海乘坐JD5666航班于23日抵达丽江，即被送到丽江市集中隔离点隔离观察。途中一直佩戴口罩、手套、护目镜等防护用品。24日丽江市核酸检测阴性，31日核酸复测结果阳性，当日由丽江市送至大理州定点医院隔离治疗。31日再次核酸检测结果阳性，经定点医院专家会诊被诊断为新冠肺炎确诊病例(普通型，英国输入)。患者在大理州辖区内无密切接触者。
	第1例境外输入无症状感染者：男，16岁，云南昆明人。2020年3月12日乘坐飞机从沙特阿拉伯抵达迪拜，13日上午乘坐飞机从迪拜抵达曼谷，后从曼谷乘坐飞机抵达老挝，14日乘飞机从老挝到昆明，17日乘私家车到巍山，途中全程均佩戴口罩。18日送集中隔离点隔离观察。19日核酸检测阴性；31日再次核酸检测结果为阳性，本人无临床症状，诊断为新冠肺炎无症状感染者(沙特阿拉伯输入)，已转送大理州定点医院隔离观察。大理州辖区内密切接触者已全部按要求进行隔离医学观察。
	第2例境外输入无症状感染者：男，31岁，云南鹤庆人。2020年3月10日从缅甸曼德勒乘坐飞机抵达德宏芒市入境，乘坐私家车回瑞丽，14日从瑞丽乘坐客车到达保山，再从保山乘客车到达下关，16日从下关乘坐客车到达鹤庆，17日乘坐高铁到达昆明，20日自驾车回到鹤庆，22日到当地集中医学观察点集中观察。除居家时间外全程均佩戴口罩。25日核酸检测结果阴性；31日再次核酸检测结果为阳性，无临床症状，诊断为新冠肺炎无症状感染者(缅甸输入)，已转至大理州定点医院隔离观察。大理州辖区内密切接触者已全部按要求进行隔离医学观察。
【编辑:吉翔】
</body></doc>