<doc><id>1362</id><url>http://www.chinanews.com/gj/2020/04-02/9145857.shtml</url><title>俄感染新冠病毒者超3500人 胜利日阅兵未改日期</title><datetime>2020-4-2 20:40:00</datetime><body>	(抗击新冠肺炎)俄感染新冠病毒者超3500人胜利日阅兵未改日期
	中新网莫斯科4月2日电(记者王修君)据俄罗斯新冠病毒疫情防控指挥部2日消息，在过去一昼夜间俄新增771例新冠病毒感染病例，累计感染新冠病毒人数达到3548人。
	消息称，累计死亡30人，累计治愈出院235人。此次是俄单日新增病例最高的一天。此前俄最高一日增长440例。
	随着疫情发展，俄总理米舒斯京当天表示，要求迅速制定新的抗击疫情和刺激经济发展的措施，相关措施应在一周内获得批准。他说，政府已拨款5亿卢布补贴信贷机构，使其推迟中小企业还款。同时他要求政府提高公共采购合同的预付款，最高可提高50%。此外，他说，俄政府还拨款5亿卢布，用于帮助境外的俄罗斯公民。
	俄罗斯将于5月9日迎来卫国战争(二战)胜利75年，届时俄将举行胜利日阅兵。2日早些时候，有媒体报道，俄国防部正在考虑研究将此次胜利日阅兵延期到秋季，或者举行“无观众”模式阅兵。俄国防部发言人科纳申科夫当天强调，胜利日阅兵式的筹备正按计划进行，未做出更改日期和阅兵形式的决定。目前所有参加阅兵的官兵采取了预防措施。“相关人员每天都数次测量体温，其所住宿舍也定期进行消毒”。
	此外，日本媒体此前报道称，日本首相安倍晋三正在考虑取消赴俄参加卫国战争胜利日阅兵式。对此，俄总统新闻秘书佩斯科夫当天说，俄方对这样的决定表示理解。他说尚不清楚外交部门是否已收到相关照会。
	据民调机构——全俄社会舆论研究中心2日公布的民调数据显示，近四分之三的俄公民因当前新冠疫情感到不安。另一份由俄政府组建运营的新冠病毒信息网发布的民调显示，超9成民众支持俄政府的抗病毒措施。(完)
【编辑:于晓】
</body></doc>