<doc><id>1365</id><url>http://www.chinanews.com/gj/2020/04-02/9145876.shtml</url><title>希腊对一难民营实施限制措施 其中20人感染新冠肺炎</title><datetime>2020-4-2 20:34:00</datetime><body>	中新网4月2日电据路透社报道，4月2日，希腊移民部表示，将对一个难民营实施限制措施，该营地有20名寻求庇护者新冠病毒检测结果呈阳性。
	此前，居住在希腊里托纳难民营的一名19岁女性难民在分娩后，被发现感染新冠病毒，为希腊难民营中首例确诊病例。
	据报道，希腊卫生部表示，所有确诊患者目前均未出现任何症状，并称正在继续扩大检测。卫生部表示，将限制进出里托纳难民营14天，警察将监督这些措施的执行情况。据悉，该难民营位于雅典东北部75公里处。
	报道称，目前，希腊新冠肺炎确诊病例累计1415例，死亡病例累计50例。

【编辑:郭炘蔚】
</body></doc>