<doc><id>1367</id><url>http://www.chinanews.com/sh/2020/04-02/9145877.shtml</url><title>辽宁4月2日新增1例境外输入新冠肺炎确诊病例 行程轨迹公布</title><datetime>2020-4-2 20:32:00</datetime><body>	记者从大连市卫生健康委了解到，4月2日，辽宁大连市报告1例新型冠状病毒肺炎境外输入关联病例，已在定点医疗机构隔离治疗，病情稳定。从2020年3月26日大连市确诊第1例境外输入性病例之后，大连市已累计报告境外输入新冠肺炎确诊病例7例，境外输入无症状感染者4例，境外输入关联病例1例。
	新增确诊病例情况：刘某，男，42岁，家庭住址：大连市西岗区。其所在公司承担交通部门指派的从机场转运入境人员至相关隔离酒店任务。
	3月27日，该患者将境外入连人员谢某转运至亚朵酒店中山广场店。3月28日，谢某被确诊为大连市第3例境外输入确诊病例，曾对刘某进行流行病学调查，其自述严格按照要求防护和车辆消杀。此后3日，多次接受指派任务将境外入连人员转运至指定酒店，工作时间之外居家无外出。
	3月30日8时许至北海街长吉货站取货，在此期间与货站2名工作人员发生争执，北海街派出所出警予以处理；15时30分完成转运后居家无外出。
	3月31日9时40分，从华北路蓝天汽修乘坐网约车(辽B99UD9)至侯家沟联通营业厅5号窗口办理业务，停留约30分钟，随后步行回家，再未外出。
	刘某驾驶的车辆内驾驶舱与后座之间设有隔离和防护膜装置，在工作期间全程穿防护服、戴口罩，每转运一位乘客后，均对车内进行消毒。
	3月31日18时许，自觉乏力、咽部不适、头疼，乘坐出租车(车牌号为辽B05T25)至大连市定点医疗机构发热门诊隔离排查。经查：体温36.9℃，CT显示肺部有影像学改变。大连市、区两级疾控中心从患者住院后开展流行病学调查与卫生学处置。在公安机关协助下，发现其在转运谢某后，存在没有严格防护的情况下，在车内滞留、就餐等情况。
	4月2日其新冠病毒核酸检测结果为阳性。由大连市急救中心转送至市级定点收治医疗机构隔离治疗。经辽宁省级专家组评估确认为新冠肺炎确诊病例(普通型)。经详细流行病学调查，该患者已确定的26名在连密切接触者均已追踪到位，并已实施集中隔离医学观察。(总台央视记者李承泽）
【编辑:朱延静】
</body></doc>