<doc><id>1369</id><url>http://www.chinanews.com/sh/2020/04-02/9145865.shtml</url><title>云南发布森林火险红色预警 多部门倡议文明祭祀</title><datetime>2020-4-2 20:28:00</datetime><body>	中新网昆明4月2日电(记者胡远航)云南省气象台2日18时发布森林火险气象红色预警。与此同时，云南省应急管理厅、云南省林业和草原局、云南省森林消防总队、应急管理部南方航空护林总站联合发布《森林防火倡议书》，倡议广大民众谨记防火规定、文明祭祀，减少火灾隐患。
	目前，正值春耕备耕时期，清明节也将至，林缘劳作、入林春游、祭祖扫墓等活动大量增加，云南省森林防火形势日趋严峻。3月29日以来，云南大理、丽江、迪庆、楚雄、昆明多地相继发生森林火灾。
	云南省气象台2日18时发布森林火险气象红色预警：预计未来5天，云南省滇中及以西大部晴热少雨，滇中、滇西森林火险气象等级将维持高危险级别；其中，丽江、大理东部、楚雄、昆明西部森林火险气象等级将维持极高危险级别，极易出现森林火灾，需注意防范。
	为做好森林草原防灭火工作，保护好绿水青山和人民生命财产安全，云南省应急管理厅、云南省林业和草原局、云南省森林消防总队、应急管理部南方航空护林总站联合发布《森林防火倡议书》，希望全省各单位、社会各界、各族人民群众谨记在3月1日至4月30日的森林高火险期内，森林防火区禁止一切野外用火；发现火情，立即拨打火警电话12119报警。
	倡议书还号召，清明节期间，通过网络祭扫、远程视频、代理祭扫、鲜花祭祀、植树祭祀等生态、文明、健康的方式祭奠、缅怀亲人；通过建立亲属微信群、微视频，以讲先人故事、书写寄语、制作思念卡等简约方式“无烟上坟”“文明祭祖”，减少火灾隐患。(完)
【编辑:郭泽华】
</body></doc>