<doc><id>1370</id><url>http://www.chinanews.com/cj/2020/04-02/9145858.shtml</url><title>赣州国际陆港中欧(亚)班列步入正轨</title><datetime>2020-4-2 20:27:00</datetime><body>	(抗击新冠肺炎)赣州国际陆港中欧(亚)班列步入正轨
	中新网赣州4月2日电(吴鹏泉廖国胜)4月1日晚间，X9238次中亚班列搭载42辆价值500万美元的鞋子、服装、日用百货、机械设备等货物，从赣州国际陆港开往哈萨克斯坦、塔吉克斯坦和乌兹别克斯坦。这是今年复工复产以来，赣州国际陆港开出的第4趟中欧(亚)班列。
	据介绍，复工复产以来，赣州国际陆港一手抓疫情防控，一手抓稳外贸，充分利用中欧班列和铁海联运国际物流通道优势，让各项业务走上了快车道。
	自2月18日首列中亚班列从赣州国际陆港开出后，现在赣州国际港每周实现了进来3列，出去2列的目标，同时内贸班列也实现了常态化开行，每天开行在2列左右。
	班列开行量上来了，配送服务方面也不能落后。据中国铁路南昌局集团有限公司赣州车务段介绍，该段主动对接赣州国际陆港发展集团有限公司、中铁集装箱公司，在车辆配备、装车挂运、手续办理等过程中均开辟绿色通道，采取优先承运、优先装车、优先挂运措施；挑选优质箱源、车源，提前做好空集装箱组织，优化装车计划、装载方案，组织人员全程盯控货物入箱、集装箱装车作业，提供“一站式”定制服务，确保货物及时挂运，快速安全运出。
	值得一提的是，为了赣州国际港站促进外贸上量，江西赣州市专门出台了应对疫情稳定外贸增长20条的政策措施，帮助港区企业尽快恢复生产、释放产能，全力保障赣州国际陆港外贸稳增长。
	记者了解到，赣州国际陆港今年将开行中欧班列300列。除此之外，赣州国际陆港还将计划实现多口岸直通、多品种运营和多方式联运，集装箱吞吐量突破100万标箱。
	赣州是江西的“南大门”，也是古代陆上丝绸之路和海上丝绸之路陆海互联的主要通道。赣州国际陆港是中国第八个内陆开放口岸、首个内陆监管试验区。(完)
【编辑:郭泽华】
</body></doc>