<doc><id>1373</id><url>http://www.chinanews.com/cj/2020/04-02/9145807.shtml</url><title>中国逾四分之三外贸企业复产率超70%</title><datetime>2020-4-2 20:21:00</datetime><body>	(抗击新冠肺炎)中国逾四分之三外贸企业复产率超70%
	中新社北京4月2日电(记者李晓喻)中国商务部2日公布的最新数据显示，截至3月30日，全国75.6%的重点外贸企业复产率超过70%，比上周提升4.2个百分点；湖北省也有超过50%的外贸企业复产率超过70%。
	中国商务部外贸司二级巡视员刘长于在当天举行的新闻发布会上称，这“充分验证了中国外贸企业在危机面前的应对能力”，中国有信心全力稳住外贸基本盘。
	随着全球疫情愈演愈烈，越来越多国家对人流、物流实施严格限制，管控列车、航班、船舶，关闭全部或部分口岸。大批中国外贸企业复工复产后，又面临国际市场需求减弱、订单取消、贸易壁垒增多、资金链紧张等新的难题。
	商务部部长钟山日前称，下一步中方除了对外贸企业加大信贷投放力度，切实减轻企业负担外，还将加强国际合作，推动减少贸易限制，推动贸易伙伴简化通关手续，降低港口、检验检疫等环节收费，减少疫情对全球产业链供应链的影响。同时，中方将推动区域全面经济伙伴关系协定(RCEP)早日签署，推进中日韩自贸协定等谈判进程，营造良好的国际经贸合作环境。(完)
【编辑:苑菁菁】
</body></doc>