<doc><id>1375</id><url>http://www.chinanews.com/gn/2020/04-02/9145805.shtml</url><title>浙江台州海警携手渔政部门成立联络室 助力“平安海区”</title><datetime>2020-4-2 20:19:00</datetime><body>	中新网台州4月2日电(记者范宇斌)2日，台州海警局驻浙江省台州市港航口岸和渔业管理局联络室正式挂牌成立。这是海警与渔政两部门加强协作，在全国建立的首家联络室。联络室的建立，将对强化港航口岸和渔业管理部门与海警机构联系协作、共同打击海上各类违法行为，维护渔区稳定，实现海上执法战略关口前移等起到平台支撑作用。
	台州海警局局长沈跃表示，“为适应新形势下海上执法新需要，我们双方决定筹建驻台州渔政联络室。通过共同会商、研究案情、制定措施，实现业务互学、信息互通、工作互助，共同打击涉海、涉渔违法犯罪行为，助力台州市‘平安海区’建设。”
	据了解，联络室成立后，将主要承担渔业、海警机构间的执法协作，推进《渔业法》《港口法》《治安管理处罚法》《刑法》等法条衔接，定期召开部门联席会议，组织协调涉海重大行政、刑事案件办理，开展相关执法信息的交流和共享等职责。
	“因为海上执法的特殊性，调查取证难、证据保存难、信息来源渠道少等问题一直制约涉海、涉渔案件的办理。近年来，双方致力于构建完善相应的协调沟通衔接配合机制，实现互帮互助。”台州市海洋与渔业执法队队长吴军杰介绍。
	以2010年全国首例非法捕捞水产品案为例，吴军杰说，“在该案办理过程中，调查取证范围北至山东、南至福建，战线长、难度大。其间得益于海警部门的提前介入，很快锁定当事人，极大促进了办案效率。”他表示，台州海警局及其所属海警机构在办理各类海上案件时，需要对涉渔类及渔船外形的相关涉案船舶和证书进行检验认定时，港航口岸和渔业部门也会给予全力协助。
	据悉，除设立联络室外，台州海警局和台州市港航口岸和渔业管理局已于3月31日联合印发《关于加强执法协作机制建设的若干意见》的有关通知，建立健全联席会议、执法协查、案件移送、重大案件会商和信息共享等系列机制，维护台州市港航、海洋渔业生产和管理秩序，推进“平安渔场”“平安港口”建设。
	台州市港航口岸和渔业管理局副局长王直君表示，“下一步，我们将在联络室建立的基础上，发挥平台优势作用，实现警务联勤、巡查联动、信息联通，推进台州海洋渔业可持续健康发展和渔区社会稳定，为台州现代化湾区建设保驾护航。”(完)
【编辑:郭泽华】
</body></doc>