<doc><id>1376</id><url>http://www.chinanews.com/cj/2020/04-02/9145806.shtml</url><title>“清明”小长假新疆铁路将增开旅客列车62列</title><datetime>2020-4-2 20:18:00</datetime><body>	中新网乌鲁木齐4月2日电(徐涛)记者4月2日从中国铁路乌鲁木齐局集团公司了解到，随着2020年“清明”小长假临近，为满足假日旅客出行需求，新疆铁路部门将加开乌鲁木齐至伊宁、乌苏、哈密、吐哈，伊宁至霍尔果斯，和静至库尔勒方向旅客列车(含动车组列车)62列。
	据悉，“清明节”小长假，新疆铁路部门将开行乌鲁木齐至伊宁动车组列车18列，开行乌鲁木齐至伊宁快速旅客列车10列，开行乌鲁木齐至乌苏特快旅客列车8列，开行伊宁至霍尔果斯快速旅客列车6列，开行和静至库尔勒快速旅客列车4列，开行乌鲁木齐至哈密、吐哈动车组列车16列。其中，东疆方向16列，北疆方向42列，南疆方向4列。
	新疆铁路部门提醒广大旅客，加开列车车票可通过互联网、车站售票窗口及客票代售点、自动售票机购买。旅客可及时关注车站公告及“新疆铁路”微信、微博平台，或登录中国铁路客服中心12306网站、拨打12306客服电话查询详情，及时掌握列车开行信息，以便合理安排出行计划。
	数据显示，2019年，新疆铁路实现客货运量“双丰收”，全年完成客运发送量超4498万人次，同比增长超18%；完成货运发送量逾1.5亿吨，同比增长超21%。(完)
【编辑:郭泽华】
</body></doc>