<doc><id>1377</id><url>http://www.chinanews.com/gn/2020/04-02/9145799.shtml</url><title>宁夏获批首家国家专业化众创空间</title><datetime>2020-4-2 20:17:00</datetime><body>	中新网银川4月2日电(李佩珊)4月2日，记者从宁夏回族自治区科技厅获悉，在科技部近日发布的《关于第三批国家专业化众创空间备案示范的通知》中，宁夏共享装备股份有限公司的智能铸造国家专业化众创空间名列其中，成为宁夏首家国家专业化众创空间，实现国家专业化众创空间“零”突破。
	据了解，宁夏自2016年起开始培育众创空间，目前已认定自治区级众创空间46家。众创空间在科技企业培育和创新创业氛围营造等方面发挥出积极作用。国家专业化众创空间聚焦细分产业领域，以推动科技型创新创业、服务于实体经济为宗旨的重要创新创业服务平台，强调服务对象、孵化条件和服务内容的高度专业化，是能够高效配置和集成各类创新要素实现精准孵化，推动龙头骨干企业、中小微企业、科研院所、高校、创客多方协同创新的重要载体。
	共享装备股份有限公司的智能铸造国家专业化众创空间组建于2016年，是中国首个专门为绿色智能铸造领域创客和企业提供创新创业服务的平台，采用线上线下相结合的服务模式。线上搭建绿色智能铸造工业互联网平台——共享工业云，线下建设创客工坊和孵化基地。目前已服务企业用户4000余家，个人用户66900多位，完成交易额102亿元，孵化科技型企业11家，累计为行业企业设计、建设10个绿色智能铸造数字化车间和智能单元。
	据悉，共享装备股份有限公司计划在银川设计建成世界首个万吨级铸造3D打印智能工厂。(完)
【编辑:苑菁菁】
</body></doc>