<doc><id>1381</id><url>http://www.chinanews.com/sh/2020/04-02/9145840.shtml</url><title>北京：来自塞尔维亚的一家四人先后被确诊</title><datetime>2020-4-2 20:03:00</datetime><body>	新华社北京4月2日电(记者王君璐)北京市疾控中心副主任庞星火在4月2日召开的北京市新冠肺炎疫情防控工作新闻发布会上通报，4月1日北京市新增报告境外输入新冠肺炎确诊病例2例，来源为塞尔维亚，涉及3月19日抵京的俄航SU204航班。
	据庞星火介绍，这两例确诊病例户籍所在地均为天津，为同一家庭，是3月30日北京市报告的一对夫妻确诊病例的长子和次子。2月18日两人随同父母前往塞尔维亚。3月18日一家四人从塞尔维亚出发，经俄罗斯莫斯科转乘俄航SU204航班，3月19日抵京，全程佩戴一次性医用口罩和护目镜。入境时体温检测无异常，遂转运至集中医学观察点进行隔离观察。
	两人父母分别于3月27日和3月28日出现症状，3月30日确诊。次子于3月29日出现咽痛，长子于3月31日出现糊状便，3月31日经新冠病毒核酸检测，结果均为阳性。结合境外旅行史、肺部影像、血液检查等其他诊断依据，4月1日两人被诊断为确诊病例。目前两人在小汤山医院隔离治疗，临床分型分别为轻型和普通型。
	庞星火再次提示市民近期不要到境外国家或地区旅行，避免境外感染风险。新冠病毒传染性较强，出现聚集性发病的风险较高，由于部分新冠病毒感染者症状不典型，因此入境后要做好14天隔离医学观察，归国人员在进行医学观察期间应密切关注个人健康状况变化，出现异常及时报告和就诊。
【编辑:朱延静】
</body></doc>