<doc><id>1382</id><url>http://www.chinanews.com/gn/2020/04-02/9145842.shtml</url><title>外交部礼宾司司长洪磊主持召开新冠肺炎疫情防控驻华使团吹风会</title><datetime>2020-4-2 20:02:00</datetime><body>	2020年4月2日上午，外交部礼宾司司长洪磊主持召开吹风会，向外国驻华使馆和国际组织介绍新冠肺炎疫情防控涉使团政策及工作情况，现场解答各使团提出的问题。吹风会通过网络平台举行，170余个驻华使团使节和外交人员参加。
	洪磊表示，在习近平主席亲自部署、亲自指挥下，中国政府和中国人民众志成城抗击行新冠肺炎疫情，防控工作取得来之不易的阶段性重要成果。在中国抗疫最艰难的时期，驻华使团纷纷以不同形式表达慰问支持，中方对此铭记在心，深表感谢。中方始终高度重视做好疫情防控涉使团工作，在信息通报、防疫政策实施、面向使团防疫物资配送、就医安排等方面采取系列举措，协助各使团解决实际困难，受到普遍欢迎。
	洪磊指出，当前中国境内疫情防控形势向好，但全球疫情正处于大爆发、大流行阶段，涉及各阶层、各界别，中国面临严峻的外防输入形势，北京的压力尤大。在此形势下，中方连续出台多项加强防控工作规定，外交部礼宾司已多次照会各驻华使团，及时告知有关情况和注意事项。希望使团同事尊重遵守中方防疫规定，做好自身防疫，积极支持并配合首都防疫工作，为维护全体驻华使团人员和北京市民健康安全贡献心力。
	与会各国使节和外交人员表示，真诚感谢中方举行此次吹风会，将尊重遵守中方防疫规定，积极配合做好相关工作。
【编辑:郭泽华】
</body></doc>