<doc><id>1386</id><url>http://www.chinanews.com/gn/2020/04-02/9145834.shtml</url><title>国家森防办对9省区市森林草原防灭火工作进行督导检查</title><datetime>2020-4-2 19:58:00</datetime><body>	新华社北京4月2日电(记者刘夏村)记者2日从应急管理部获悉，近日国家森林草原防灭火指挥部办公室、应急管理部、国家林业和草原局联合组织6个督查组，对北京、广西、四川、云南、陕西等9个省区市森林草原防灭火工作进行督导检查。
	应急管理部相关负责人介绍，督查期间，各督查组将重点督查以下几方面情况：一是工作部署情况。统筹做好疫情防控和森林草原防灭火工作，针对春季特别是清明等重点时段进行专项部署。二是责任落实情况。严格落实地方党委政府领导责任、有关部门管理责任和经营单位主体责任。三是野外火源防控情况。各地开展野外火源专项治理行动，是否制定了可操作性的工作方案，是否采取有效措施确保取得实效。四是安全施救情况。深刻吸取森林灭火中重大人员伤亡教训，切实做好森林草原防灭火安全。五是应急准备情况，包括应急预案修订、扑火队伍驻防、扑火物资准备、应急值守等方面。
	应急管理部有关负责人表示，近期我国部分地区森林火险等级达到高度危险级别，防火形势异常严峻。4月1日，国家森林草原防灭火指挥部办公室向北京市、河北省、山西省发布高森林火险橙色预警，向四川省、云南省发布高森林火险红色预警。
【编辑:朱延静】
</body></doc>