<doc><id>1387</id><url>http://www.chinanews.com/business/2020/04-02/9145826.shtml</url><title>罗永浩直播带货 智能硬件新玩家搜狗现场大秀AI能力</title><datetime>2020-4-2 19:55:00</datetime><body>	中新网4月2日电昨天20:00，在全网沸腾已久的罗永浩直播带货首秀准时开播。在此之前，业界对于罗永浩首秀将会带什么货关注度颇高，并且猜测纷纷。谜底在当晚终于揭晓。包括搜狗AI录音笔S1、小米手机10等在内的10多款产品成为罗永浩首批带货的网红商品。
	罗永浩直播带货首秀，智能硬件新玩家搜狗AI能力惊艳全场
	作为新晋智能硬件玩家，搜狗于今年2月份刚刚推出的AI录音笔S1被罗永浩首批选中进行推荐，在当晚直播中，罗永浩重点向网友推荐介绍了S1基于AI降噪的超强拾音、高效及高度精准的转写、支持实时个人同传及数十个语种的全能翻译等能力。在直播中，罗永浩与两名搭档对其AI降噪功能进行了现场测试。测试显示，在“吹风机”和“揉糖纸”所带来的巨大噪音环境下，开启了AI降噪功能的搜狗AI录音笔S1能够有效地消除环境噪音，还原清晰人声。两百多万网友亲眼见证了搜狗AI录音笔S1的强大技术能力。
	实际上，搜狗AI录音笔S1不仅产品功能强大，颜值也很“能打”。不久前，搜狗AI录音笔S1还凭借颠覆性的功能变革和脱俗的设计理念，荣获具有工业设计界“奥斯卡”之称的2020年德国红点设计大奖。
	王小川“空降”罗永浩直播间，揭秘S1背后的AI黑科技
	令人惊喜的是，搜狗CEO王小川在当晚也“空降”罗永浩抖音直播间，并向网友豪气派发了10万元红包，将直播气氛推向最高潮。并且，王小川还在直播现场就搜狗AI录音笔S1的相关产品技术问题与罗永浩进行了互动交流。
	罗永浩表示，试用搜狗AI录音笔S1前，没想到AI技术进步这么大，特别是S1在录音笔品类方面的创新和突破，更是刷新了他对录音笔产品的认知。而作为曾经的科技行业创业者，罗永浩对于搜狗AI录音笔S1的“出炉”过程非常好奇，搜狗CEO王小川在现场进行了解答。
	据王小川介绍，搜狗AI录音笔S1之所以功能如此强大，源于搭载了众多搜狗独创或业内领先的AI黑科技。
	首先，搜狗AI录音笔S1之所以有高达98%的转写准确率，主要是得益于搜狗强大的语音技术。在业内领先的搜狗知音引擎远场语音识别技术的加持下，基于搜狗8麦克风阵列算法，S1的拾音距离最高可达10米，远场语音识别准确率领先行业。此外，S1还支持搜狗输入法用户词库同步，大幅提升用户个性化语言的转写准确率。同时，在语音转写支持的语言数量上S1相比同类产品是最多的，它支持中英日韩等10种外语以及粤川津陕等10种方言的转写。不仅如此，S1还具备增强识别能力，可识别不同讲话人，以及掌声、笑声，能够提升用户在不同场景下的使用体验。
	其次，相比其他录音笔产品，搜狗AI录音笔S1在技术上更是有诸多业内独创。比如S1独创了AI降噪功能，在综合8路麦克风信号的基础上，基于搜狗领先的pureVoiceAI降噪算法实现了深度智能降噪，可过滤4万余种真实噪音。S1还拥有业内独创的智能摘要技术，可自动提炼录音文稿的主题和关键语句，由此能够显著提升录音整理的效率。
	不仅如此，在对话翻译方面，S1完全碾压市面上的众多专业翻译机，目前市售的专业翻译机产品，在线翻译最多支持59种语言，离线翻译最多支持7种语言，并且这些翻译机的翻译功能都只支持中文与外语的互译，无法做到两种外语之间的翻译。而S1在线的情况下支持63个语言，覆盖200多个国家和地区，离线的情况下也能支持中、英、日、韩、法、俄等9种常用语言的互译。并且除了支持传统的中文与外语的互译之外，还支持任意两个语种之间的翻译。
	王小川在直播后透漏，录音笔可以认为是语音版的输入法，与搜狗本身的AI能力较为匹配，之前发布的AI录音笔C1一经发布便成为了主流电商平台的录音笔类目单品销量冠军，随后在双十一期间又拿下天猫京东双平台单品总销量冠军。这系列产品可以很好的打磨搜狗硬件，去做设计、研发、生产的链条，可以为搜狗后续继续做大众化的AI产品，打下坚实的基础。
	作为智能硬件领域新秀玩家，搜狗对智能硬件的趋势及自身硬件规划也有自己独到的见解，那就是朝着更便携、更具备IO能力的方向去发展，王小川也透漏，今年搜狗还会推出更加大众的高科技产品，基于其背后语音、翻译、图像等各方面领先AI技术的支撑，搜狗在硬件领域的动作值得期待。
【编辑:于晓】
</body></doc>