<doc><id>1389</id><url>http://www.chinanews.com/sh/2020/04-02/9145731.shtml</url><title>外籍男子殴打医护人员细节曝光：女护士被打后泪流满面 </title><datetime>2020-4-2 19:42:00</datetime><body>	中新网4月2日电“广州一护士被外籍新冠肺炎患者无故殴打”一事1日引发社会热议。2日，广州市第八人民医院通过微信公众号发布情况说明称，经法医检查，被打护士面部、脖颈处以及腰部都发现损伤，鉴定为轻微伤。医院为被打护士进行了全身体检，并及时邀请相关专家会诊。目前，汪护士情绪稳定。
	说明指出，4月1日早上7:20左右，广州市第八人民医院隔离一区汪护士进入外籍新冠肺炎确诊患者OKONKWONWOYECHIKAPATRICK(男，47岁，尼日利亚籍)病房，告知其需要抽血检查，患者不予理睬。当汪护士走出病房时，该患者紧随其后，试图强行走出隔离病房。汪护士见状立即进行阻拦，被其推倒在地殴打并咬伤脸部。
	经法医检查，汪护士面部、脖颈处以及腰部都发现损伤，鉴定为轻微伤。该外籍确诊患者3月20日自境外入境广州，接受新冠病毒核酸检测呈阳性，23日被送医院进行隔离治疗，目前核酸检测仍为阳性。
	说明提及，汪护士被袭后，同事发现其神情恐慌、手脚抖动、泪流满面，当即协助其脱下防护服走出隔离病房。随后，值班医生马上报警，医院保安第一时间穿好防护服进入了隔离病房，防止该患者继续行凶伤人。
	同时，值班医生立即汇报给科室负责人邓主任。邓主任接报后马上向院长及医院保卫科负责人汇报，并在第一时间赶回医院。到科室后，邓主任立即对汪护士进行安抚，查看其伤情，排除了艾滋病和病毒性肝炎的感染风险，安排科室同事带她去做了相关检查。邓主任同时建议医院紧急联系安排心理干预。
	医院为汪护士进行了全身体检，并及时邀请相关专家会诊，邀请广州市惠爱医院心理科医师对汪护士和隔离一区医护人员进行了紧急心理辅导。同时，医院也在第一时间向汪护士家属告知了情况，家属也赶来看望。
	考虑该外籍患者系新冠肺炎确诊病例，且将汪护士面屏撕掉并咬伤，医院将受伤的汪护士按照医学相关流程进行处置。医院已安排医务人员24小时陪护。目前，汪护士情绪稳定。
	事件发生后，广州警方已以刑事案件对此事进行立案调查，并进一步加强了对医院内部及周边的安保工作。目前涉案嫌疑人正在监管下隔离治疗。
【编辑:吉翔】
</body></doc>