<doc><id>1391</id><url>http://www.chinanews.com/sh/2020/04-02/9145794.shtml</url><title>四川西昌森林火灾：3名伤者生命体征相对稳定 择期手术</title><datetime>2020-4-2 19:42:00</datetime><body>	四川西昌市经久乡森林火灾：3名伤者生命体征相对稳定择期手术
	中新网西昌4月2日电(刘忠俊王鹏汤雁)四川西昌市人民政府新闻办4月2日发布消息称，参与该市经久乡森林火灾扑救遇险受伤的3名伤者生命体征相对稳定，将择期手术。
	官方通报称，宁南县专业扑火队遇险受伤的3名伤员，于3月31日8时许，由西昌市人民医院应急救车送至西昌卫星发射基地医院救治。经诊断，1名伤者特重度烧伤，1名伤者重度烧伤，1名伤者轻度烧伤，医院第一时间实施了紧急对症处置。
	接到伤者后，当地全力调集优质医疗资源，组织医疗力量实施救治。医疗团队由重症医学科、烧伤科等25名多学科权威专家和医护人员组成。四川省人民医院急诊监护室主任医师王建东、烧伤科副主任医师李巍联合担任组长，专家成员有华西医院烧伤整形科主任医师许学文、华西医院重症医学科主任医师张中伟、华西医院心理学教授王雪等。
	3月31日18时，四川省人民医院医疗专家抵达西昌，并进行省、州、市专家联合会诊，讨论制定救治方案，尽一切办法防止伤员死亡，减少并发症，降低畸残率。当日21时30分，经医疗专家组研究决定，整合当前最优质的医疗资源和力量，将3名伤员转送至西昌医疗条件最好的凉山州第一人民医院治疗，特重度烧伤伤员和重度烧伤伤员随即进入ICU独立病房治疗，轻度烧伤伤员进入烧伤科普通独立病房治疗。其间，专家组通过现场会诊、远程会诊，持续分析病情、反复讨论完善治疗方案，对3名伤员实行24小时医疗值守和特别护理。
	官方通报还称，经两天严密监测生命体征，完善相关辅查，加强生命支持，采取一系列对症抢救、治疗措施，3名患者休克基本纠正，生命体征相对稳定，器官功能改善。目前，正继续密切监测病情变化，择期手术。(完)
【编辑:苑菁菁】
</body></doc>