<doc><id>1393</id><url>http://www.chinanews.com/sh/2020/04-02/9145818.shtml</url><title>武汉新增无症状感染者35例 新增出院病例145例</title><datetime>2020-4-2 19:40:00</datetime><body>	中新网4月2日电据武汉卫健委网站消息，4月1日0时至24时，全市新增确诊病例0例，新增出院病例145例，新增死亡病例6例，新增疑似病例0例。
	截至2020年4月1日24时，全市累计报告确诊病例50007例。其中(大疫情网按现住址统计)：江岸区6549例、江汉区5183例、硚口区6834例、汉阳区4670例、武昌区7458例、青山区2782例、洪山区4679例、东西湖区2462例、蔡甸区1417例、江夏区848例、黄陂区2114例、新洲区1072例、武汉开发区(汉南)1085例、东湖开发区2148例、东湖风景区480例、外地226例。
	全市累计治愈出院46320人，累计死亡2559人。现有确诊病例1128人(重症279人、危重症118人)，现有疑似病例0例。
	全市新增无症状感染者35例，解除隔离277例，尚在医学观察无症状感染者678例。
	4月1日0-24时，全市发热门诊接诊229人次，较前日减少98人，其中首诊156人。4月1日当日，全市核酸检测13479人。
【编辑:吉翔】
</body></doc>