<doc><id>1395</id><url>http://www.chinanews.com/gn/2020/04-02/9145822.shtml</url><title>中央应对新冠肺炎疫情工作领导小组：要加强无症状感染者管理和治愈出院患者全流程管理</title><datetime>2020-4-2 19:37:00</datetime><body>	2日，中共中央政治局常委、国务院总理、中央应对新冠肺炎疫情工作领导小组组长李克强主持召开领导小组会议。
	中共中央政治局常委、中央应对新冠肺炎疫情工作领导小组副组长王沪宁出席。
	会议指出，要认真贯彻习近平总书记重要讲话精神，按照中央应对疫情工作领导小组部署，继续毫不放松抓好疫情防控。排查消除风险隐患，加强陆地边境疫情输入防范。坚持实事求是、公开透明发布信息，不得瞒报漏报迟报。在精准防控同时有力有序推动复工复产提速扩面。
	会议指出，要加强无症状感染者管理。抓紧科学开展无症状感染流行病学调查，为防控提供科学支撑。要加强治愈出院患者全流程管理，对复阳人员及时隔离收治。离鄂通道管控解除后，道路检疫检查要科学规范，同时保障客货运输畅通。
	会议指出，要加强陆地边境防输入工作。压实边境省区党委政府主体和属地责任，一级压一级，完善防控方案。减少不必要的人员跨境流动。加强交通要道、便道等值守检查。
	会议指出，各地要因地制宜优化重点场所、单位和人群疫情防控。低风险地区在做好防控前提下，推动工作场所正常生产办公和商场、公园等正常营业，推进生产生活秩序全面恢复。
	会议指出，要统筹推进疫情防控和经济社会发展工作。坚持应急处置和常态化防控相结合，有力有序积极推进复工复产。加强企业帮扶纾困，努力保障供应链稳定，以扩内需、促改革增强经济回升动力。
	领导小组成员丁薛祥、黄坤明、蔡奇、王毅、肖捷、赵克志参加。
【编辑:朱延静】
</body></doc>