<doc><id>1399</id><url>http://www.chinanews.com/gn/2020/04-02/9145786.shtml</url><title>新疆：未发现因疫情防控影响环境安全的情况</title><datetime>2020-4-2 19:08:00</datetime><body>	(抗击新冠肺炎)新疆：未发现因疫情防控影响环境安全的情况
	中新网乌鲁木齐4月2日电(胡嘉琛)新冠肺炎疫情发生后，新疆未发现因疫情防控影响环境安全的情况。记者从2日举行的“新疆维吾尔自治区坚决打好污染防治攻坚战发布会”获得上述消息。
	会上，根据新疆维吾尔自治区生态环境厅副厅长马红军公布数据，2020年1月20日至3月14日，新疆16城市空气质量、地表水环境质量以及饮用水源地水质安全均未受到疫情防控影响。
	马红军介绍，自1月20日以来，新疆对近600家医疗机构、111个城镇污水处理厂和5个工业园区污水处理厂、1000余个集中隔离场所开展排查、监管，严格监督落实污水处理和消毒措施，保证污水处理和消毒效果。新疆累计收集处置新冠疫情医疗废物超103吨，做到了100%收集和及时处置。
	在支持企业复工复产方面，凡属于疫情防控期间急需的医疗卫生、物资生产、研究试验等建设项目，新疆各级生态环境部门特事特办，开辟“绿色通道”，简化项目审批程序，加强服务指导，帮助项目尽快投入运行或形成生产能力。
	此外，马红军称，2020年是新疆打好污染防治攻坚战的收官之年，接下来将做好疫情防控和经济社会发展生态环保工作；有序推进农村人居环境整治；加强生态环境保护监管，持续推进自然保护区问题整改；强化危险废物环境监管；积极应对气候变化；着力提高生态环境治理体系与治理能力现代化。(完)
【编辑:苑菁菁】
</body></doc>