<doc><id>14</id><url>http://www.chinanews.com/sh/2024/05-29/10225372.shtml</url><title>捂好民众“钱袋子” 河南4年破获电诈案件逾3万起</title><datetime>2024-5-29 20:41:00</datetime><body>	中新网郑州5月29日电(记者刘鹏)“凡是让你汇款到‘安全账户’的，凡是中奖、领奖要交钱的……都是电信诈骗！”为了捂好民众“钱袋子”，日前，在河南许昌市某工地上，许昌市公安局示范区分局尚集派出所民警杨超正在向工人详细讲解最新反诈知识和相关政策。
	记者29日从河南省公安厅获悉，自2020年以来，该省公安机关共破获电信网络诈骗案件逾3万起，抓获犯罪嫌疑人逾15万名。尤其是今年以来，河南全省电诈案件立案数同比下降30%，案件高发多发势头初步得到遏制。
	当日，河南省公安厅在通报一宗典型案例时称，驻马店市正阳县公安局此前接到报案称，陈某因网上兼职刷单被“客服”诱导下载指定软件，前后被骗21万余元。接报后，正阳县公安局成立专案组并辗转跋涉15个省35个地市、行程30多万公里，最终成功侦破6·20特大跨国电信网络诈骗案，抓获从境外诈骗窝点回流境内的犯罪嫌疑人300余名，涉案资金达20余亿元，冻结资产2亿元。
	近年来，河南公安机关坚持把打击作为遏制电信网络诈骗突出犯罪的必要手段，保持对电信网络诈骗违法犯罪的严打高压态势。为深入推进“断卡”行动，河南公安机关坚持打击、治理、惩戒多管齐下，全面核查涉案手机卡、银行卡，严厉打击收贩卡团伙及其犯罪网络，依法严惩行业“内鬼”。特别是对公司化运作的犯罪团伙，严厉打击组织者、策划者，同时立足境内打境外，依法严厉打击为境外诈骗提供信息支持、技术支撑、转账洗钱等服务。
	同时，河南公安机关充分运用大数据资源和高科技手段，不断提升电诈犯罪的技术反制水平，各地建成一批符合实际、具有本地特色的预警拦截系统，有力发挥了实战作用。
	通报称，2020年以来，河南累计开展预警劝阻5000余万人次，为群众挽回大量潜在经济损失。
	据了解，以“进社区、进农村、进网络”反诈宣传为载体，河南公安机关持续推动宣传防范工作升级，充分发挥“一村(格)一警”扎根基层、贴近群众、覆盖面广的优势，深入开展“全民防骗，中原无诈”全覆盖反诈宣传工作。针对侦破的大案要案则通过电视媒体适时进行宣传报道，揭露犯罪伎俩，提高群众知晓率。(完)【编辑:刘阳禾】
</body></doc>