<doc><id>140</id><url>http://www.chinanews.com/gn/2024/05-29/10225006.shtml</url><title>两岸动漫音乐文化周在蓉举办 让两岸文化交流“潮”起来</title><datetime>2024-5-29 10:48:00</datetime><body>	畅谈动漫中的中华文化元素、交流动漫产业发展的路径与技术、共同欣赏书画作品展览……近日，第三届“四川海峡两岸动漫音乐文化周”在四川成都举行。本届文化周以“乐动青春、放飞梦想”为主题，来自海峡两岸的文化动漫界人士及青年代表等400余人参加活动。
	本届文化周由致公党四川省委会、致公党中央联络部、四川省政协港澳台侨和外事委员会、四川海外联谊会主办。
	绽放青春光芒
	“我对本次活动里的动漫音乐晚会和两岸书画展充满兴趣，感觉既有艺术气息又充满青春活力。”“这次活动收获很多，在与大陆动漫画家、手机游戏开发者和Cosplay表演者的交流中，大家找到了不少有共鸣的角色和元素。”……会场内外，参会的两岸青年或互动交流，或驻足欣赏，在活动中拉近彼此心灵距离。
	“四川海峡两岸动漫音乐文化周绽放着青春的光芒，希望活动成为两岸青年文艺交流的重要平台。”致公党中央副主席兼秘书长卢国懿在致辞中表示，丰富、时尚的动漫音乐元素，能够让两岸文化交流“潮”起来，让两岸青年尽情放飞青春活力，碰撞出艺术火花。本次活动内容多元充实，包括动漫文化交流展、书画交流展、数字青年论坛、动漫产业发展高峰论坛、动漫音乐晚会、参观考察等。
	2018年以来，致公党四川省委会已先后举办3届四川海峡两岸动漫音乐文化周活动，该活动正逐步成为对台文化交流的亮丽品牌。近年来，致公党四川省委会充分发挥自身特色，拓展两岸交流新机制、新模式、新渠道，搭建起两岸青少年文化交流的重要平台。
	“动漫音乐是两岸青年共同喜爱的流行元素，是两岸文化交流的重要桥梁。”台湾“国际洪门中华总会”理事长、新党副秘书长郑光礼说，活动为两岸青年提供了交流平台，汇聚两岸文艺先锋，致力于推动中华文化的发扬和传播，更有利于促进两岸融合发展、同胞心灵契合。
	激发创意活力
	“当前大陆的动漫音乐文化及相关产业蓬勃发展，而且还有很大的发展潜力。”交流发言中，在川创业的台湾青年李伟国认为，川台两地有丰富的动漫文化资源与产业优势，可以加强互动交流，推动文化领域的深度合作。
	李伟国举例说，今年元宵节期间，他参与承办的港澳台青年文化嘉年华融入了台湾电音三太子、四川三星堆等元素，同时也在美食市集安排了川台两地特色小吃摊位，颇受游客好评。
	近期以来，川台两地文化交流热络。5月中旬，2024海峡两岸巴蜀文化艺术季在四川达州启动，通过文化创意大赛、文创作品展览、文化实践体验等形式，让古老厚重的巴蜀文化在两岸文化创意的交流激荡中焕发新活力。今年3月，2024川台高校“设计、美术、文创”春季联展在四川成都举行，汇聚川台两地高校学子近200件精品力作，展现了两岸青年学子的无限创意与艺术追求。
	成都大学教授、成都市动漫游戏协会会长钟远波认为，四川作为天府之国，历史悠久、文化厚重，不论是三星堆、三国文化，还是哪吒、大熊猫等形象，都可以成为动漫、游戏中的流行元素或标志性符号。希望两岸业者可以深度挖掘巴蜀文化元素，加强交流合作。
	推动文化传播
	“我从小喜欢看动漫、听流行音乐。近些年来，两岸同胞一起创作了不少广受好评的动漫作品，有的还被改编成电视剧、电影、手机游戏、文创产品等，形式也越来越丰富。”中国国民党副主席连胜文说，近些年两岸的动漫、流行音乐中有着各类国潮和传统文化元素，包含经典名著、历史典故、汉服等，体现了中华文化的博大精深。他希望两岸青年通过本次活动深化情感交流，共同推动中华文化的传播和发展。
	不少来自川台两地的专家学者和动漫音乐爱好者表示，数字技术突破时空限制、表现手法更多元智能，为文化传播提供了新方式新路径。两岸青年要加强交流、优势互补，共同推动两岸动漫产业发展，开拓国际市场，为提升中华文化在国际上的传播力和影响力贡献力量。
	参加活动的湖北经济学院台籍教师林小幔告诉记者：“现在不少动漫和游戏都融入了传统文化元素，让孩子对背诵诗词经典、了解历史典故等有了更强的兴趣。”她表示，期望未来两岸能举办更多动漫领域的交流活动，在动漫创作、发行、教育等方面深化合作。（本报记者柴逸扉）
	《人民日报海外版》（2024年05月29日第04版）【编辑:李润泽】
</body></doc>