<doc><id>1402</id><url>http://www.chinanews.com/gj/2020/04-02/9145764.shtml</url><title>爱尔兰累计确诊新冠肺炎3447例 或将延长“居家令”</title><datetime>2020-4-2 18:58:00</datetime><body>	中新网4月2日电据路透社报道，当地时间2日，爱尔兰副总理科文尼表示，为遏制新冠肺炎疫情蔓延，爱尔兰的居家限制令很可能会延长。
	当地时间4月1日下午，爱尔兰卫生部宣布当天新增确诊病例212例，累计感染者增至3447例；新增14例死亡患者，全国累计死亡增加至85例。
	科文尼在新闻发布会上说，“人们确实需要意识到这些限制会持续一段时间。”他表示，政府已经设定了一个期限，即4月12日，但很可能将延长这个期限。
	据报道，3月27日，爱尔兰总理大幅收紧居家限制令。他要求公民留在家中，只允许去杂货店购物，进行个人体育锻炼或“绝对必要”的家庭访问。

【编辑:郭炘蔚】
</body></doc>