<doc><id>1409</id><url>http://www.chinanews.com/gn/2020/04-02/9145741.shtml</url><title>昆仑山脉祁曼塔格山地区现世界濒危动物豺种群 </title><datetime>2020-4-2 18:30:00</datetime><body>	中新社西宁4月2日电(孙睿)中国科学院西北高原生物研究所副研究员连新明2日向中新社记者透露，通过对视频的研究发现，昆仑山脉祁曼塔格山地区有良好的豺种群。
	豺是中国本土物种，在中国历史上分布于除台湾和海南岛之外的大部分陆域省区，过去30年间，分布在华东、华中、华南区域的豺已基本绝迹。公开资料显示，豺被列入世界自然保护联盟濒危物种红色名录，入选《华盛顿公约》I级保护动物。
	日前，青海省茫崖市摄影家协会在东昆仑山脉北支的祁曼塔格山地区布设的红外相机，首次清晰拍摄到豺、雪豹、猞猁、兔狲等十余种高原野生动物的珍贵影像资料。
	中国科学院西北高原生物研究所通过对影像资料进行分析后发现，其中一段影像资料中，共有6匹豺在视频中出现，限于光线和物种特征，豺群性别未能判断。
	“在昆仑山脉祁曼塔格山地区能一次性纪录到6匹豺，实属罕见。”连新明说，证明了该地区有一个非常健康的豺种群，也意味着昆仑山脉祁曼塔格山地区生态系统丰富度和完整性都有了提高。
	连新明表示，除此之外，在昆仑山地区，没有人干扰的情况下，这个健康的豺种群也能使其数量得到回升，这是非常有希望的。(完)
【编辑:苑菁菁】
</body></doc>