<doc><id>141</id><url>http://www.chinanews.com/ty/2024/05-29/10225002.shtml</url><title>西班牙公布欧洲杯大名单 罗德里最大牌</title><datetime>2024-5-29 10:44:00</datetime><body>	西班牙公布欧洲杯大名单
	罗德里最大牌，亚马尔最年轻
	欧洲国家联赛冠军西班牙队公布了参加2024欧洲杯的29人大名单，在6月7日递交最终参赛名单前，主帅德拉富恩特还会裁掉3人。曼城中场球星罗德里是西班牙阵中最大牌的球员，16岁的巴塞罗那右边锋亚马尔则最为年轻。
	在2023世界足球先生评选中，现役世界第一后腰罗德里名列第六，成为排名最高的西班牙球员。外界普遍认为第六的排名对罗德里偏低了，他应该取代梅西进入前三名。在曼城主帅瓜迪奥拉的战术体系中，罗德里被视为攻防转换的“阵眼”。
	罗德里除了战术地位极为重要，还善于攻入关键球。上赛季欧冠决赛，罗德里打进全场唯一进球，帮助曼城夺得队史第一个欧冠冠军；本赛季英超最后一轮，罗德里又攻入锁定胜局的进球，帮助曼城实现英超史无前例的四连冠。在国家队，罗德里同样展示大将风度，去年6月帮助西班牙首次夺得欧洲国家联赛冠军。
	亚马尔出生于2007年7月，本赛季已经代表巴塞罗那出场50次，很多时候作为右边锋位置的主力。今年3月，西班牙在热身赛主场以3比3战平巴西，亚马尔制造一个点球并助攻一次，伯纳乌球场的球迷起立为他鼓掌，罗德里在那场比赛罚进两个点球。
	另一名入选西班牙队大名单的年轻球员库巴西出生于2007年1月，今年1月才迎来巴萨一线队首秀，很快就确立主力地位。今年3月，库巴西迎来西班牙国家队首秀，在对哥伦比亚和巴西的热身赛替补出场。
	与亚马尔和库巴西相比，21岁的巴萨中场费尔明年长一些，此番是他首次入选国家队，他本赛季多次为巴萨取得关键进球。巴萨中场佩德里虽然有伤在身，但这位2021金童奖得主还是入选欧洲杯大名单，加维、巴尔德、加亚因伤落选。巴黎圣日耳曼前锋阿森西奥本赛季表现平平，这位中前场多面手遗憾落选欧洲杯大名单。
	西班牙缺少高产得分手，马德里竞技前锋莫拉塔本赛季攻入15个西甲进球，在西甲射手榜排名并列第八，成为排名最高的西班牙球员。皇家贝蒂斯前锋阿约泽·佩雷斯即将年满31岁，首次入选国家队，他本赛季攻入9个联赛进球。
	西班牙是三届欧洲杯冠军得主，虽然整体实力不及全盛时期，但仍旧不容小视。下月初，西班牙将在热身赛对阵安道尔和北爱尔兰。
	西班牙在本届欧洲杯被分入B组，同组对手包括阿尔巴尼亚、克罗地亚以及意大利。6月16日凌晨，西班牙将在小组赛首战对阵去年的欧国联决赛对手克罗地亚；6月21日，西班牙将在小组赛第二轮迎来卫冕冠军也是上届欧洲杯半决赛对手意大利。羊城晚报记者刘毅
	足球欧洲杯
	西班牙29人大名单
	门将：西蒙(毕尔巴鄂竞技)、拉亚(阿森纳)、雷米罗(皇家社会)
	后卫：纳乔(皇家马德里)、卡瓦哈尔(皇家马德里)、纳瓦斯(塞维利亚)、拉波尔特(利雅得胜利)、勒诺尔芒(皇家社会)、库巴西(巴塞罗那)、格里马尔多(勒沃库森)、库库雷利亚(切尔西)、维维安(毕尔巴鄂)
	中场：罗德里(曼城)、佩德里(巴塞罗那)、祖比门迪(皇家社会)、梅里诺(皇家社会)、鲁伊斯(巴黎圣日耳曼)、略伦特(马德里竞技)、费尔明(巴塞罗那)、亚历克斯·加西亚(赫罗纳)、巴埃纳(比利亚雷亚尔)
	前锋：莫拉塔(马德里竞技)、亚马尔(巴塞罗那)、费兰·托雷斯(巴塞罗那)、奥尔莫(莱比锡)、尼科·威廉姆斯(毕尔巴鄂)、阿约泽·佩雷斯(皇家贝蒂斯)、何塞卢(皇家马德里)、奥亚萨瓦尔(皇家社会)
	来源：羊城晚报作者：刘毅【编辑:曹子健】
</body></doc>