<doc><id>1410</id><url>http://www.chinanews.com/cj/2020/04-02/9145733.shtml</url><title>佛山GDP首次破万亿元  成广东第三个GDP破万亿元城市</title><datetime>2020-4-2 18:28:00</datetime><body>	中新社佛山4月2日电(记者程景伟)《2019年佛山市国民经济和社会发展统计公报》4月2日正式公布。该公报显示，根据广东省统计局统一核算，2019年佛山市地区生产总值初步核算总量为10751.02亿元(人民币，下同)，比上年增长6.9%。这是继广州、深圳之后，佛山成为广东省第三个GDP突破万亿元大关的城市。
	佛山是民营经济大市，目前民营企业数量占比超过九成。2019年佛山市民营经济增加值6748.31亿元，占该市生产总值的比重为62.8%。
	去年佛山地方一般公共预算收入731.47亿元，比上年增长4.0%。在财政收入保持稳定增长的同时，佛山延续了“藏富于民”的势头。
	该公报显示，2019年末佛山金融机构本外币存款余额16948.10亿元，比上年末增长10.25%。其中境内住户存款余额8383.03亿元，同比增长10.63%。
	与此同时，2019年全年佛山居民人均可支配收入54043元，比上年增长8.9%，扣除价格因素实际增长5.8%；人均生活消费支出37160元，同比增长9.1%，扣除价格因素实际增长6.0%。
	2019年末佛山市常住人口815.86万人，比上年末增加25.29万人，同比增长3.20%。
	在居民消费中，除购房外，买车往往是最大宗的消费之一。因此，汽车保有量在很大程度上能够侧面证明一座城市居民的生活水平。该公报显示，2019年末佛山民用汽车保有量273.58万辆，比上年末增长8.0%。其中，私人汽车248.08万辆，同比增长7.3%。(完)
【编辑:苑菁菁】
</body></doc>