<doc><id>1412</id><url>http://www.chinanews.com/cj/2020/04-02/9145714.shtml</url><title>山西：2019年落实装配式建筑近560万平方米</title><datetime>2020-4-2 18:25:00</datetime><body>	中新网太原4月2日电(高瑞峰)2日，记者从山西省住房和城乡建设厅获悉，2019年，山西全省落实装配式建筑559.85万平方米。目前，该省累计认定装配式建筑产业基地21个，装配式建筑示范项目8个。
	山西省11个地市中，太原、朔州、忻州、晋中、阳泉、临汾、运城7市完成了2019年装配式建筑年度目标任务，其中太原市完成272.02万平方米，示范带动效果明显；大同、吕梁、长治、晋城4市未能完成年度目标任务。
	目前，山西省装配式建筑产业基地主要集中于省直企业，地市企业产业基地建设有待加强，朔州、长治、吕梁3市仍未实现本地有效产能；各市上报的装配式建筑项目中，住宅项目数量相对较少，装配式建筑规模化优势未能充分发挥。
	根据《装配式建筑产业基地管理办法》《装配式建筑示范项目管理办法》，山西省住房和城乡建设厅对产业基地、示范项目实施情况进行评估，对于评估结果为“较差”的产业基地、示范项目，2020年4月底前未按期报送整改情况或整改不到位，将撤销产业基地、示范项目认定，记入企业不良信息。
	下一步，山西将持续推动装配式建筑项目落地，推进装配式建筑产业基地建设，鼓励本地企业参与装配式建筑产业链，并开展技术攻关，培训专业人才和工人，为装配式建筑发展提供支撑。(完)
【编辑:郭泽华】
</body></doc>