<doc><id>1415</id><url>http://www.chinanews.com/cj/2020/04-02/9145718.shtml</url><title>中蒙最大陆路口岸一季度运行中欧班列396列</title><datetime>2020-4-2 18:22:00</datetime><body>	中新网二连浩特4月2日电(李爱平梁晓虹)二连海关2日对外消息称，中蒙最大陆路口岸二连浩特口岸，今年一季度运行中欧班列396列次、38809个集装箱、货运量38.58万吨，同比分别增长32%、51.72%、81.81%，货物总值5.48亿美元。
	二连浩特口岸位于中国的正北方，与蒙古国扎门乌德口岸隔界相望，是中蒙最大陆路口岸，欧亚大路桥中的重要战略枢纽，也是国务院首批批准的全国13个沿边开放城市之一。
	据二连海关铁路监管一科聂卫东介绍，中欧班列通关既要快捷也要安全，二连海关安排专人在国门通道24小时不间断值守，把好班列进出国门的“第一岗”“第一哨”，在防范疫情传入、传出的同时提供高效快捷的通关环境，为中欧班列跑出加速度和高质量保驾护航。
	目前，经二连浩特口岸出入境的中欧班列线路覆盖亚欧14个国家和60多个地区，为“一带一路”沿线国家贸易畅通提供了保障。(完)
【编辑:苑菁菁】
</body></doc>