<doc><id>1418</id><url>http://www.chinanews.com/gn/2020/04-02/9145712.shtml</url><title>重庆多部门联合开展爱卫月活动 助力新冠肺炎疫情防控</title><datetime>2020-4-2 18:18:00</datetime><body>	(抗击新冠肺炎)重庆多部门联合开展爱卫月活动助力新冠肺炎疫情防控
	中新网重庆4月2日电(记者韩璐)4月是第32个全国爱国卫生月。2日，记者从重庆市卫生健康委获悉，为防止新冠疫情与登革热、寨卡病毒病等虫媒传染性疾病流行叠加，助力疫情防控取得决定性胜利，重庆多个部门将联合开展爱卫月活动，并在4月13日至20日进行重庆全市集中投药消杀。
	“爱国卫生运动主要目的就是把广大人民群众发动起来，全民动员、全民参与，不断改善城乡环境，着力解决突出卫生问题，普及健康生活方式，切实维护人民群众健康权益。”重庆市卫生健康委主任黄明会说。为此，今年的爱卫月活动主要围绕“洁净家园志愿服务、爱国卫生科普宣传、病媒生物春季防制、农村厕所革命质量提升”四项专题活动进行。
	据介绍，按照《关于深入开展爱国卫生运动扎实做好新冠肺炎疫情防控工作的通知》(渝肺炎组办发〔2020〕58号)要求，实施六大行动。要推进落实“门前三包”，开展春季村庄清洁行动，整治各类生产生活场所环境，做好校园开学前的清洁消毒工作。并结合“文明在行动·重庆更洁净”和“文明新生活”垃圾分类志愿服务工作，引导党员干部、市民群众就近就便开展志愿服务活动。
	“重庆市民都爱美食，在爱国卫生科普宣传专题活动中，会深化‘吃得文明’主题活动，推广吃得合法、吃得合理、吃得卫生、吃得礼貌、吃得干净。”重庆市卫生健康为爱卫处处长李彤说，今年爱卫月活动之一，就是培养市民文明卫生意识、绿色环保生活方式、合理膳食知识、科学健身方法。
	“重庆全市将在4月13日至20日进行集中投药消杀。”李彤表示，做好病媒生物春季防制工作，要坚持以环境卫生治理为主，药物消杀为辅原则。在清理垃圾、清除闲置积水，疏通沟渠、从源头上杜绝蚊虫、老鼠孳生方面要实行群专结合，既要动员群众自己动手清理死角，又要组织专业防制队伍开展开展灭鼠、灭蟑、灭蚊、灭蝇活动。
	此外，重庆还制定《2020年农村改厕工作方案》，启动2020年“农村改厕质量年”行动。开展“规范用厕、文明如厕”主题宣传，开展文明生活习惯、卫生厕所日常管护等宣传教育。充分发挥志愿者以及工会、共青团、妇联等基层群团组织的作用，了解群众对农村改厕工作满意度，开展农村改厕工作宣传活动。
【编辑:郭泽华】
</body></doc>