<doc><id>1419</id><url>http://www.chinanews.com/gj/2020/04-02/9145735.shtml</url><title>日本青少年吸食大麻者快速增加</title><datetime>2020-4-2 18:15:00</datetime><body>	新华社东京4月2日电(记者郭丹)日本警察厅2日说，2019年日本共抓获4321名吸食大麻者，较上一年增加743人。警察厅警告说，大麻正在不断向青少年群体渗透，青少年中吸食大麻的人数正在快速增加。
	据日本警察厅公布的统计数据，2019年抓获的4321名大麻吸食者中，14至19岁的吸食者为609人，较上一年增加180人；20岁至30岁的吸食者为1950人，较上一年增加429人。
	日本警方分析认为，许多年轻人认为与兴奋剂相比大麻危险性比较低，因此在好奇心以及周围环境的驱使下开始吸食。当下，必须正确告诫青年人吸食大麻的危害，让他们知晓大麻会严重影响人的认知能力，还会增加精神疾病的患病风险。
	日本警察厅公布，2019年日本共抓获毒品吸食者13364人。其中使用兴奋剂的最多，共8584人。
	此外，日本警察厅还公布了毒品缴获数量。2019年，日本共缴获兴奋剂2293.1公斤，较上一年增长一倍。值得一提的是，日本去年还破获了一起合成毒品大案，共缴获73935粒摇头丸。
【编辑:朱延静】
</body></doc>