<doc><id>1421</id><url>http://www.chinanews.com/gn/2020/04-02/9145727.shtml</url><title>用生命践行初心使命 湖北14名新冠肺炎疫情防控一线牺牲人员被评定为首批烈士</title><datetime>2020-4-2 18:02:00</datetime><body>	近日，湖北省人民政府根据《烈士褒扬条例》和《退役军人事务部中央军委政治工作部关于妥善做好新冠肺炎疫情防控牺牲人员烈士褒扬工作的通知》精神，评定王兵、冯效林、江学庆、刘智明、李文亮、张抗美、肖俊、吴涌、柳帆、夏思思、黄文军、梅仲明、彭银华、廖建军等14名(按姓氏笔画排序)牺牲在新冠肺炎疫情防控一线人员为首批烈士。他们不顾个人安危，逆行出征，敢于担当，无私奉献，用生命践行为人民服务的初心使命。
	新冠肺炎疫情是新中国成立以来在我国发生的传播速度最快、感染范围最广、防控难度最大的一次重大突发公共卫生事件。在以习近平同志为核心的党中央坚强领导下，广大医务人员和防疫工作者英勇奋战在疫情防控工作第一线，为坚决打赢湖北保卫战、武汉保卫战做出了突出贡献，涌现出一大批可歌可泣的先进典型，王兵等14名同志就是其中的优秀代表。
	“烈士”是党和国家授予为国家、社会和人民英勇献身的公民的最高荣誉性称号。首批评定的14名烈士，有的是直接参与一线救治工作的白衣战士，用生命守护生命，以大爱诠释医者仁心；有的是始终坚守在疫情防控一线的公安干警，以生命践行使命，用热血铸就警魂；有的是用真心真情帮助解决群众生活困难的社区工作者，用生命书写担当，用爱心守护家园。他们是新时代最可爱的人，他们的崇高精神永垂不朽！
【编辑:于晓】
</body></doc>