<doc><id>1423</id><url>http://www.chinanews.com/gj/2020/04-02/9145703.shtml</url><title>西班牙新冠肺炎确诊超11万例 “封城”后近90万人失业</title><datetime>2020-4-2 17:51:00</datetime><body>	中新网4月2日电据西班牙卫生部网站消息，截至当地时间4月1日晚20时，西班牙新增新冠肺炎确诊病例8102例，累计110238例。另外，死亡病例累计10003例。自新冠肺炎疫情蔓延以来，该国已裁减近90万个工作岗位。
	据媒体此前报道，当地时间4月2日，西班牙社会保障部数据显示，自西班牙3月中旬为抗击新冠肺炎疫情施行“封城”措施以来，该国已裁减近90万个工作岗位，其中一半以上是临时性的。
	报道称，自3月14日起，西班牙已经禁止了除必要外出以外的其他所有外出活动。近日，西班牙政府进一步强化防控措施，除了必要人员外，其他人禁止外出工作。数据显示，自“封城”措施开始以来，已有898822名西班牙人失业，其中包括大约55万名的临时工。
【编辑:郭炘蔚】
</body></doc>