<doc><id>1424</id><url>http://www.chinanews.com/sh/2020/04-02/9145700.shtml</url><title>一外籍新冠肺炎患者打伤护士被广州警方刑事立案调查</title><datetime>2020-4-2 17:44:00</datetime><body>	新华社广州4月2日电（记者毛鑫）广州市公安局2日通报，一名外籍（尼日利亚籍）新冠肺炎确诊患者在隔离病区不配合治疗，并将一女护士打伤，广州警方决定对其刑事立案调查。
	据警方通报，4月1日7时20分许，广州市第八人民医院嘉禾院区住院部一楼隔离病区女护士汪某请一外籍新冠肺炎确诊患者OKONKWONWOYECHIKAPATRICK（男，47岁，尼日利亚籍）抽血检查，该患者不予理睬，还试图强行走出隔离病房。护士见状将其阻拦，被其推倒在地殴打并咬伤脸部。经法医检查，护士汪某面部等都发现损伤，鉴定为轻微伤。
	该患者3月20日自境外入境广州，接受新冠病毒核酸检测呈阳性，23日被送市第八人民医院进行隔离治疗。目前其核酸检测仍为阳性。
	目前，该医院已加强内部隔离区安保力量。同时，广州警方已立刑事案件对此事进行调查，并进一步加强对医院内部及周边的安保工作。涉案嫌疑人目前正在警方监管下隔离治疗，待其治疗结束，警方将立即对其采取刑事强制措施，并依据中华人民共和国传染病防治法、刑法、外国人入境出境管理法等法律法规，坚决依法严肃处理。

【编辑:朱延静】
</body></doc>