<doc><id>1425</id><url>http://www.chinanews.com/ty/2020/04-02/9145683.shtml</url><title>全球网球赛事将暂停至7月13日</title><datetime>2020-4-2 17:44:00</datetime><body>	(抗击新冠肺炎)全球网球赛事将暂停至7月13日
	中新社北京4月2日电北京时间4月2日，男子职业网球选手协会(ATP)、女子网球协会(WTA)、国际网球联合会(ITF)发布声明称，受新冠肺炎疫情影响，ATP和WTA巡回赛以及所有ITF世界网球巡回赛将暂停至2020年7月13日。
	全英草地网球俱乐部当地时间1日宣布，2020年温布尔登网球锦标赛取消，而第134届锦标赛将于2021年6月28日至7月11日举行。随后ATP和WTA发表联合声明表示，网球赛事将继续停摆至7月13日。“ATP和WTA意识到优先考虑公众健康安全的重要性和责任，同时评估了巡回赛恢复的可行性，因此做出这样的安排。”
	WTA首席执行官兼主席斯蒂夫·西蒙表示，这是一个艰难的决定。“我们对于保护球员、工作人员和球迷的健康和安全保持警惕。尽管我们对本赛季进一步推迟感到失望，但我们的首要任务仍然是在这个特殊的时间里互相支持，并为重启比赛做准备。”
	ATP主席安德里亚·高登兹同时称：“新冠肺炎疫情在全球范围内的扩散让我们别无选择，只能够延长巡回赛的停摆期，这是我们所有成员和相关网球管理机构一致做出的决定。”
	ITF主席大卫·哈格蒂也表示，保护所有参与网球运动的球员和公众的健康一直是首要任务。“我们知道这一决定的影响，也绝不轻易做出决定，我们将继续以专家意见和实际情况为指导。”
	目前，2020年7月13日之后的巡回赛将计划按照原有的赛程安排进行，而8月全球网球赛事则将进入北美赛季。按照计划，2020年美国网球公开赛将于8月31日至9月13日进行。
	美国网球协会随后发表声明称，今年美网计划如期举行。“我们理解温网所面临的特殊情况以及取消的原因，目前美国网球协会仍然计划如期举办美国网球公开赛，美国网球协会将密切关注新冠肺炎疫情的发展态势，并为突发事件做好准备。”
	美网之后则将进入中国赛季。此前法网宣布将比赛时间推迟至今年9月20日至10月4日，这势必将对中国赛季产生冲击。目前，中国网球公开赛、武汉网球公开赛、珠海网球公开赛等赛事先后表态称将按原计划推进赛事筹备工作。(完)
【编辑:郭泽华】
</body></doc>