<doc><id>1426</id><url>http://www.chinanews.com/gn/2020/04-02/9145695.shtml</url><title>江苏盐城：公益诉讼促17处革命遗址和纪念设施得到保护</title><datetime>2020-4-2 17:42:00</datetime><body>	新华社南京4月2日电(记者朱国亮)清明节到来之际，江苏省盐城市检察机关公益诉讼部门干警先后来到贺希文、马玉仁烈士墓前祭扫，看到两座烈士墓园已得到修葺。
	贺希文曾是八路军的一名连队副指导员，1943年在今盐城滨海县遭遇伏击牺牲。因年久失修，其墓园几乎被荒草覆盖，纪念塔开裂严重。2019年底，盐城检察机关向当地政府发出检察建议，督促加强对烈士墓园的保护。如今，这一墓园已修葺一新，不仅烈士纪念塔得到翻新，墓园环境也得到修整，还铺设了一条新路，方便群众前来祭扫。
	马玉仁是苏鲁战区第一路抗日游击军司令，1940年与日伪军激战中身负重伤，壮烈殉国。因年久失修，其位于盐城建湖县的墓园荒芜，仅剩水泥墓基。2019年底，盐城检察机关发出检察建议后，当地政府为烈士重新修建了墓地，立起了墓碑，还对墓园进行了重新规划。整个墓园的修葺工作正在推进中。
	1941年，新四军在盐城重建军部，坚持抗战，留下大量红色遗存、革命文物。经排查，盐城市境内现有革命遗址和纪念设施248处，其中重要革命遗址55处。
	盐城市人民检察院第六检察部负责人吴斌介绍，2019年底，盐城市两级检察机关发现，一些革命烈士纪念设施存在年久失修、毁损严重、周边杂草丛生的情况，不利于群众瞻仰纪念。于是，有关地方检察机关启动英烈保护公益诉讼诉前程序，向相关主管部门发出检察建议，督促依法履行监管职责，加强修缮、管护这些革命遗址和纪念设施。
	今年3月起，盐城市检察院又在全市开展保护革命遗址和纪念设施公益诉讼专项行动。据盐城市检察院提供的数据，截至目前，包括贺希文、马玉仁烈士墓园在内，盐城市检察机关通过公益诉讼途径，已督促地方政府和相关监管部门采取措施修缮和保护17处革命遗址和纪念设施。
	盐城市人民检察院检察长葛冰说，通过公益诉讼的途径，保护革命遗址和纪念设施，不仅是维护社会公共利益，让烈士陵园恢复应有的庄严和肃穆，更是传承红色基因，践行社会主义核心价值观。
【编辑:朱延静】
</body></doc>