<doc><id>1427</id><url>http://www.chinanews.com/gn/2020/04-02/9145684.shtml</url><title>中国2018年R&amp;D经费总量世界第二 人力规模全球首位</title><datetime>2020-4-2 17:41:00</datetime><body>	中国2018年R&amp;D经费总量世界第二 人力规模全球首位
	中新社北京4月2日电(记者孙自法)中国科学技术部2日通过官网发布最新完成的2018年中国R&amp;D(科学研究与试验发展)经费投入和人员发展分析显示，2018年，中国R&amp;D经费继续保持稳定增长态势，R&amp;D经费总量接近2万亿元(人民币，下同)，仅次于美国，居世界第2位。
	2018年中国R&amp;D经费投入特征分析称，总体上，R&amp;D经费投入符合中国经济社会发展的基本要求和阶段状况。投入规模方面，2018年中国R&amp;D经费总量为19677.9亿元，比上年增加2071.8亿元，增长11.8%，排名继续保持世界第2位。投入强度方面有小幅提升，2018年中国R&amp;D经费投入强度达到2.14%，比2017年提高0.02个百分点。
	从R&amp;D活动类型看，2018年中国的基础研究经费为1090.4亿元，应用研究经费为2190.9亿元，试验发展经费为16396.7亿元，所占比重分别为5.5%、11.1%和83.3%。从R&amp;D经费的资金来源构成看，企业是中国R&amp;D经费主要来源，2018年来自企业的资金为15079.3亿元，占76.5%。
	中国政府不断加大对科技创新的投入力度，2018年国家财政科技拨款达到9518.2亿元，占国家公共财政支出的4.3%，比上年增长0.18个百分点。
	2018年中国R&amp;D人员发展状况分析显示，2018年，中国R&amp;D人员总量达到438.1万人年，万名就业人员中R&amp;D人员为56.5人年/万人。R&amp;D研究人员总量达到186.6万人年，万名就业人员中R&amp;D研究人员为24.1人年/万人。R&amp;D人力规模仍居全球首位，R&amp;D人力投入强度仍低于西方发达国家，但差距有所减小。
	2018年中国参与R&amp;D活动的人员总数为657.1万人，比上年增长5.8%，其中68%为全时人员。在R&amp;D人员中，女性176万人，比上年增长6%，科研人员比重为43.1%，比上年增加0.5个百分点。企业R&amp;D人员方面，2018年中国企业R&amp;D人员总量达到342.5万人年，占全国的78.2%，比上年增加0.5个百分点。(完)
【编辑:苑菁菁】
</body></doc>