<doc><id>1428</id><url>http://www.chinanews.com/gn/2020/04-02/9145670.shtml</url><title>“世界超市”义乌迎防疫物资“出口潮” 助力海外抗疫</title><datetime>2020-4-2 17:40:00</datetime><body>	(抗击新冠肺炎)“世界超市”义乌迎防疫物资“出口潮”助力海外抗疫
	中新网义乌4月2日电(记者奚金燕)伴随着全球疫情严峻形势不断升级，中国防疫物资生产企业产能不断释放，在国内供给相对平衡的情况下，不少企业抓住国际市场需求，出口防疫物资呈大幅增长态势。
	据义乌海关2日消息，今年一季度，义乌海关共为辖区出口防疫物资签发各类优惠原产地证书727份，货值8932.5万元(人民币，下同)，同比分别增长440.6%和578.7%，可为相关产品减免进口国关税超700万元。这些产品主要为口罩、防护手套、防护服等，出口到韩国、东盟、澳大利亚、智利等国家和地区。
	就在3月31日，义乌海关为辖区义乌市禾倪贸易有限公司加急签发了一份优惠原产地证书，产品为一批输往马来西亚的防护服。凭该份优惠原产地证书，上述产品可享受近2万元的进口国关税减免。
	防疫物资出口增长的背后除了需求驱动，也离不开义乌政府的推动。为助力海外抗击疫情，作为“世界超市”的义乌积极搭建全球防疫物资供需平台，举办了义乌2020防疫商品对接会。
	对接会现场，防疫物资品类繁多，除口罩、防护服、消毒液等外，还有灭菌灯、空气净化喷雾机等产品。
	义乌工商学院的国际学生拉敏此次参加对接会收获颇丰。拉敏会英语、西班牙语、阿拉伯语和中文四种语言，近段时间，委托他到市场上购买防疫物资的外国朋友不在少数，需求的品类也五花八门。
	“市场太大了，防疫产品并不好找。”拉敏说，终于能在这个对接会“一网打尽”。为了帮助无法前来的外国朋友询价比价，拉敏一直举着手机、开着视频在对接上来回穿梭，忙忙碌碌。
	得知义乌市场内有对接会，达学眼镜负责人朱日文联合多个厂家一起前来参加展销，共带了护目镜等30多款产品，希望为国内外市场提供更为丰富的防疫物资。
	据统计，活动首日就累计客流2.7万余人次，现场成交867.3万元，意向订单7842.33万元。(完)
【编辑:郭泽华】
</body></doc>