<doc><id>1429</id><url>http://www.chinanews.com/gn/2020/04-02/9145677.shtml</url><title>北京现场祭扫人员同比下降90% 选择网上祭扫、代祭扫者增多</title><datetime>2020-4-2 17:38:00</datetime><body>	中新网北京4月2日电(陈杭)从3月21日至4月1日，北京市各殡葬服务机构接待祭扫人员与去年同期相比下降了90%。选择网上祭扫和代为祭扫服务的人员数量明显增多。
	北京市委社会工委、市民政局二级巡视员李全喜2日在发布会上提到以上内容。
	从3月21日开始，在严格落实疫情防控前提下，北京市各扫墓点有序开放祭扫活动，通过提前预约、分时入园、身份核验、人流疏导等措施，实现祭扫活动安全平稳有序。
	3月21日至4月1日，12天时间，各殡葬服务机构已累计接待43.3万祭扫民众，日均接待量为3.6万人，与去年同期相比祭扫人员下降了90%。
	李全喜提到，在广大民众的理解和支持下，祭扫预约服务系统运行平稳，交通秩序良好，没有明显拥堵；入园祭扫身份核验流程通畅，园内没有出现人员聚集；完成网上祭扫7320人，代为祭扫4291人，选择网上祭扫和代为祭扫服务的人员数量明显增多；陵园内没有烧纸、燃香的现象。
	对于清明假日预约情况，李全喜表示，4月4日、5日、6日分别有5.9万人、4.2万人、2.1万人预约祭扫，预约人数最多的陵园依次为八宝山人民公墓、八宝山革命公墓、潮白陵园、太子峪陵园、万佛华侨陵园。
	为做好清明节祭扫服务保障，清明节期间，各殡葬单位对殡仪馆、骨灰堂等相对密闭空间，对使用频率较高的公共场所和设施，加大消毒频次。
	李全喜称，各部门继续强化人员和物资保障，加大联合执法力度，共同做好交通出行、殡仪服务、医疗救治、应急处突等保障工作，提供更优质、贴心、人文的祭扫服务，确保清明节安全平稳有序。(完0
【编辑:郭泽华】
</body></doc>