<doc><id>1431</id><url>http://www.chinanews.com/gn/2020/04-02/9145667.shtml</url><title>重庆向6个国家捐赠一批医疗防疫物资</title><datetime>2020-4-2 17:35:00</datetime><body>	(抗击新冠肺炎)重庆向6个国家捐赠一批医疗防疫物资
	中新网重庆4月2日电(记者刘相琳)重庆市政府2日向印度、巴基斯坦、越南、亚美尼亚、厄瓜多尔、哥伦比亚捐赠一批医疗防疫物资，支援这些国家抗击新冠肺炎疫情。
	这批物资包括向印度捐赠1000套防护服、1000套隔离衣和N95医用防护口罩5000个；向巴基斯坦捐赠一次性医用外科口罩100000个；向越南捐赠一次性医用外科口罩100000个；向亚美尼亚捐赠FFP2级医用防护口罩5万个、医用检查手套10000双；向厄瓜多尔捐赠防护服1000套、隔离衣1000套、N95医用防护口罩5000个；向哥伦比亚捐赠防护服1000套、隔离衣1000套、核酸检测试剂盒2000人份、一次性医用外科口罩20000个、N95医用防护口罩5000个。
	记者在捐赠现场看见，捐赠的物资外包装上面，分别用中文、英语、越南语等张贴着各种加油鼓劲标语。捐赠给巴基斯坦的物资上面张贴着“患难与共真朋友同甘共苦好兄弟”，捐赠给印度的物资上面张贴着“中印关系源远流长”，捐赠给越南的物资上面张贴着“山连山水连水”，捐赠给亚美尼亚的物资上面张贴着“高山之巅长江之滨”。
	据了解，重庆在保障该市疫情防控工作前提下，此前已分两批次向韩国、意大利、伊朗等国家及友好城市捐赠了两批医疗防护物资，包括N95口罩、FFP2口罩、KF94口罩、一次性医用外科口罩等超过50万个。除了捐赠防护物资外，重庆也向国外友城发出了慰问信，并提供防疫物资采购渠道，与多个国家举行新冠肺炎疫情防控交流视频会议，分享疫情防控经验。
【编辑:苑菁菁】
</body></doc>