<doc><id>1432</id><url>http://www.chinanews.com/gn/2020/04-02/9145690.shtml</url><title>河北：174个重点文旅项目开工复工 总投资1684亿元</title><datetime>2020-4-2 17:34:00</datetime><body>	新华社石家庄4月2日电(记者高博、冯维健)为推动文化和旅游融合发展，2020年河北省174个重点文旅项目日前集中开工复工，项目总投资1684亿元，拉开今春河北文旅项目建设复工复产序幕。
	2020年，河北将举办第五届省旅游产业发展大会，各市拟举办13场市级旅游产业发展大会，涉及33个县(市、区)。河北文旅系统围绕供给侧结构性改革，聚焦文旅融合、乡村振兴等重点领域，谋划建设174个旅游产业发展大会重点项目，其中，新建项目96个、续建和改扩建项目78个，项目总投资1684亿元。
	2016年以来，河北省已连续举办四届省级旅游产业发展大会和40场市级旅游产业发展大会。4年来，省、市旅游产业发展大会以580亿元财政投资撬动了3300亿元社会投资，共建设重点观摩项目390个，打造各类新业态项目287个，提升老景区222家。
	据悉，这些项目作为引领区域旅游发展的新引擎，对带动区域经济转型升级、生态文明建设、优化城乡环境、解决脱贫致富起到了重要推动作用。据统计，4年来，通过河北省、市两级旅游产业发展大会已带动1129个村发展乡村旅游，惠及498个贫困村、23万贫困群众。

【编辑:朱延静】
</body></doc>