<doc><id>1433</id><url>http://www.chinanews.com/hr/2020/04-02/9145686.shtml</url><title>德国一语言学校5名患新冠肺炎中国籍学生已痊愈</title><datetime>2020-4-2 17:33:00</datetime><body>	中新网4月2日电据“中国驻法兰克福总领馆”微信公众号消息，日前，驻法兰克福总领馆领区某语言学校5名中国籍学生确诊感染新冠肺炎一事引起大家广泛关注。经过两周时间隔离观察，5名确诊的中国籍学生最新一次核酸检测结果已全部转为阴性。
	驻法兰克福总领馆提醒领区中国公民疫情期间密切关注自身身体状况，切实采取防护措施，如确诊感染请向总领馆报告，我们将积极提供协助。
	祝广大侨胞健康平安。
【编辑:曾小威】
</body></doc>