<doc><id>1434</id><url>http://www.chinanews.com/sh/2020/04-02/9145661.shtml</url><title>重庆图书馆面向社会征集抗疫文献资料</title><datetime>2020-4-2 17:33:00</datetime><body>	(抗击新冠肺炎)重庆图书馆面向社会征集抗疫文献资料
	中新网重庆4月2日电(记者钟旖)重庆图书馆作为重庆市的文献收藏中心，承担着收集、整理、保存与开发利用地方文献的任务。记者2日获悉，为妥善收藏、保管重庆市抗击新冠肺炎疫情的相关地方性资料，真实记录广大人民群众防疫、控疫的生活状态，传播全民抗疫正能量，即日起，重庆图书馆面向社会各界公开征集重庆抗击新冠肺炎疫情相关文献资料，保存这段特殊的“重庆记疫”，留存历史，以资借鉴。
	本次征集主题为“抗疫记忆‘渝’你相约”。征集范围包括与重庆市抗击新冠肺炎疫情相关的各类出版物、公文、档案、文学艺术创作、抗疫日记、书信、照片、手稿、音像资料等；重庆人民参与抗疫的志愿服务凭证、记录；募集、捐赠物资的凭证、记录等；重庆医护人员支援湖北的文字材料、照片、音视频等，包括“请战书”、工作场景照、与患者互动材料、有典型意义的团队(个人)事迹材料等；以及重庆新闻媒体、社交媒体以及影视爱好者在疫情期间中形成的纪实性资料和宣传报道材料，特别是能够完整呈现某一专门主题，如体现医务工作者工作情况、患者情况、居家隔离情况等的文字、图片、网页或截屏、音视频资料等；或者疫情期间特有的实物材料，如：通告、登记表格、出入证、返岗工作证、标语、宣传册(单)等。
	记者了解到，此次征集为无偿捐赠，捐赠作品需为捐赠者原创或获得作者授权，重庆图书馆拥有受赠资料的使用权。实物资料要求尽量为原件，电子版稿件必须是定稿作品，提供未压缩件，并附简短说明。所有提交方式均请注明联系人姓名、联系电话、通讯地址等，以便联络。
	市民可通过四种方式提交。一是网络提交：电子文献可发送至邮箱cqtsgcbzx@sina.com，邮件主题请以“抗疫征集”命名；二是到馆移交：捐赠者可到重庆图书馆采编中心(9:00—17：00)移交，来馆前请先与工作人员联系；三是邮寄：寄送至重庆市沙坪坝区凤天大道106号重庆图书馆采编中心，邮编400037，电话023-65210848，寄送前请先电话联系；四是特殊情况可联系上门征集。
	征集结束后，重庆图书馆将对捐赠文献仔细鉴选，凡符合入藏标准入选后将向捐赠者颁发“收藏证书”，所捐资料承诺在重庆图书馆永久保存并充分利用。如经过鉴选不予收藏，将原物退还。联系人李花，地址为重庆市沙坪坝区凤天大道106号重庆图书馆采编中心，电话023-65210848。
【编辑:郭泽华】
</body></doc>