<doc><id>1435</id><url>http://www.chinanews.com/hr/2020/04-02/9145680.shtml</url><title>侨界助力宁夏教育扶贫 搭起扶智连心桥</title><datetime>2020-4-2 17:32:00</datetime><body>	中新网银川4月2日电(李佩珊)4月2日，记者从宁夏回族自治区党委统战部获悉，香港黄廷方慈善基金有限公司为宁夏学子捐助的助学金落地宁夏育才学校。160名优秀高中生每人都收到了该基金会捐赠的“黄廷方奖学金”2500元人民币。
	“黄廷方奖学金”是全国政协委员、香港信和集团主席黄志祥先生，为纪念其父、信和创办人黄廷方先生，并继承其父乐善好施、奉献社会之传统而创办的。拟出资1亿元港币，以留本取息的永久性方式，用于奖励家庭经济困难、品学兼优的优秀中学生、大学生，帮助他们接受更好的教育。2015年开始，宁夏海联会与香港黄廷方慈善基金有限公司搭起了教育扶贫扶智连心桥，每年资助宁夏160名优秀高中贫困学生，直至他们高中毕业。捐赠项目将持续至2021年，累计捐资240万元人民币。此项活动是宁夏利用“大侨务”平台，发挥侨务资源优势，服务教育脱贫的有效实践。
	据了解，黄廷方奖学金奖励对象为宁夏、福建、四川、重庆、广东及香港的全日制在校高中生、大学生，品学兼优且家庭经济困难者。在宁夏育才学校，香港黄廷方慈善基金有限公司专门设立了“黄廷方奖学金励志班”，资助部分贫困学生，其余资助南部山区贫困生。
	虽然远隔千山万水，但仍然能感受到香港侨界力量对宁夏学子的满满爱心。学生们纷纷表示要倍加努力学习，以优异成绩回馈社会。(完)
【编辑:曾小威】
</body></doc>