<doc><id>1436</id><url>http://www.chinanews.com/gn/2020/04-02/9145676.shtml</url><title>北京为海外侨胞提供代祭扫服务 减少归国途中风险</title><datetime>2020-4-2 17:31:00</datetime><body>	中新网北京4月2日电(陈杭)为满足海外华侨华人的祭扫需求，北京提供代为祭扫和网上祭扫服务预约。确需到现场祭扫的人员，要提前通过网上或电话进行预约，严格遵守隔离未满14天不得预约的规定。
	中共北京市委社会工委、市民政局二级巡视员李全喜2日在发布会上提到以上内容。
	李全喜称，今年清明节祭扫服务的主题是“加强疫情防控，平安文明祭扫”，就是要在做好疫情防控的前提下，尽最大可能为市民提供优质的祭扫服务。
	为满足海外华侨华人的祭扫需求，减少他们归国途中的风险，中共北京市委统战部在“北京统战”官方微信公众号上推送清明祭扫服务专刊，提供代为祭扫和网上祭扫服务预约。
	目前，北京市68个规模较大的祭扫点网上已预约代为祭扫共7063次，预约量排名前三位的殡葬服务机构分别是八宝山人民公墓、太子峪陵园、八宝山革命公墓。
	据李全喜介绍，4月4日、5日、6日分别有5.9万人、4.2万人、2.1万人预约祭扫，预约人数最多的陵园依次为八宝山人民公墓、八宝山革命公墓、潮白陵园、太子峪陵园、万佛华侨陵园。
	为减少人员流动，避免人员聚集，降低传染风险，北京倡导转变传统祭扫习俗，推行“理性追思，文明祭扫”理念，倡导广大民众选择网上祭扫模式，通过开展家庭追思、书写寄语等方式缅怀故人，树立文明祭扫新风尚。
	确需到现场祭扫的人员，要提前通过网上或电话进行预约，严格遵守隔离未满14天不得预约的规定。北京将通过相关健康信息数据进行比对，提前对预约人员筛查并短信提醒，不符合条件不能到现场祭扫。
	民众须按照预约时间段到场凭预约二维码入园。电话预约的人员，凭预约电话并通过“北京健康宝”或“疫情防控行程卡”或社区出入证等验证，经过体温检测正常者入园。
	李全喜提醒民众，合理选择祭扫时间，规划出行路线，佩戴口罩，携带身份证，配合做好体温检测、身份和健康信息核验。
	近一段时间，北京市天气多晴少雨，天干物燥，防火工作形势严峻。
	北京市所有殡葬服务机构严禁使用明火、严禁墓区吸烟、严禁点燃香烛、严禁焚烧纸钱、严禁燃放鞭炮，烧纸桶和焚烧炉一律停用。
	李全喜表示，希望广大民众不要携带纸钱香烛到祭扫现场，各祭扫点在入口处放置了回收桶，携带的可放入回收桶。不在街边、路边焚香烧纸，严防火灾和污染环境，共同维护首都的美好城市环境。(完)
【编辑:郭泽华】
</body></doc>