<doc><id>1437</id><url>http://www.chinanews.com/hr/2020/04-02/9145673.shtml</url><title>英国湘籍侨胞开发抗“疫”救援小程序 6大实用功能服务同胞</title><datetime>2020-4-2 17:31:00</datetime><body>	中新网长沙4月2日电(刘曼陈亚玲)记者2日从英国湖南同乡会获悉，众心相守，共克时艰--英国湖南同乡会三会一体抗“疫”救援小程序平台日前正式上线。该小程序涵盖寻医问诊求药、网店平台云购、援助站点查询、预约领取物资、防疫物资购买、实时专题热议等6大基本功能板块。
	“这些功能考虑并结合了大家目前的所求所需，致力于为同胞们提供优质服务。”英国湖南同乡会会长吴莉莉介绍，疫情期间，全英各城市面临“停摆”，广大留守在英国的同胞们也面临着一些如出门看病难、防疫物资不足、实体经营受限等问题。为此，英国湖南同乡会、英国湖南商贸总会、英国湘籍同学会联合为广大在英湘籍同胞开发搭建了上述小程序平台，以科技向善推动公益前行，守护同乡同胞，传递家乡温度。
	选物资、填信息、存核销码……记者在小程序中体验“预约领取物资”功能，发现有医用外科口罩、N95口罩、预防中药方冲剂等防疫物资供选择。预约成功后，核销码将自动保存在“个人页面”下“我的预约”信息栏中，整个流程明晰快捷。
	“留守群站长会在网上公布领取地址和时间，站长扫核销码确认后即可领取相关物资。”吴莉莉说，除免费领取物资外，还可在小程序上向资深湘籍中医寻医问诊，在线购买防疫药品及物资等，免预约不排队。
	英国湖南商贸总会成员可以无负担入驻小程序总平台，以走出短期实体营业困境。目前已有少许商家通过该平台实现线上经营。平台上的《在英留学生，请“罩”顾好自己》《病毒桀桀处，仍见暖“湘”情》等暖心资讯则聚焦同乡会爱心援助微公益。
	自新冠肺炎疫情发生以来，在英湘籍侨胞第一时间捐资捐物，助力祖(籍)国抗击疫情；疫情在英国蔓延后，英国湖南同乡会通过牵头建立临时援助站及中医预防和诊疗工作小组、采购预防药包等方式，为海外“湘亲”提供保障和支持。
	吴莉莉表示，此次小程序平台上线，是留守住在国抗“疫”侨胞的集体智慧结晶，后续将继续完善功能，助力海外同胞抗“疫”。(完)
【编辑:曾小威】
</body></doc>