<doc><id>1438</id><url>http://www.chinanews.com/sh/2020/04-02/9145685.shtml</url><title>两男子从澳门返京隐瞒不报被行拘</title><datetime>2020-4-2 17:28:00</datetime><body>	中新网客户端4月2日电据北京市公安局副局长、新闻发言人潘绪宏2日在发布会上介绍，近日，连续查处多名违反防疫规定的入境进京人员。3月11日，本市某公司员工解某军(男，29岁)从北京乘飞机，经深圳中转前往澳门，14日返京，后又自驾往返唐山会友。其出境、入境及返京情况，均未向社区和所在单位报告，未按规定隔离观察。
	3月16日，本市某公司员工殷某(男，32岁)从北京乘飞机，经珠海中转前往澳门，17日返京，未向社区及单位报告，未按规定隔离观察，多次外出，并在社区民警询问时，谎称仅去过深圳，故意隐瞒出入境事实。
	潘绪宏表示，东城、石景山公安分局已分别对解某军、殷某处以行政拘留的处罚。目前，二人正在指定地点集中隔离，待通过医学观察后执行拘留。(陈杭彭婧如)
【编辑:苑菁菁】
</body></doc>