<doc><id>1439</id><url>http://www.chinanews.com/gj/2020/04-02/9145516.shtml</url><title>英国单日病毒检测数不足1万？ 约翰逊承认需增加检测 </title><datetime>2020-4-2 17:22:00</datetime><body>	中新网4月2日电综合英媒报道，当地时间4月1日，英国首相约翰逊表示，英国需要“大幅度提高”对新冠病毒的检测。英国官员称，该国每天进行的新冠病毒检测不足1万人，远远落后于德国等一些国家。
	报道称，工党影子内阁卫生大臣乔纳森·阿什沃思要求对英国新冠病毒检测落后于其他国家的原因做出解释。他说，“德国每周检测50万人，但我们仍未达到总理承诺的每天1万人的水平。”
	当地时间4月1日，约翰逊在社交媒体上发布视频称，英国需要“大幅度提高”对新冠病毒的检测。他说，检测将能够解开新冠病毒“谜题”并“最终战胜它”。
	约翰逊还表示，“重要的是，确实患有这种疾病的人能够被检测为阳性，并采取必要的步骤在家里隔离，就像我和许多许多其他人正在做的那样。”约翰逊日前确诊感染新冠肺炎，并正在进行自我隔离。
	英国卫生部4月1日发布的数据显示，该国已有2352例新冠肺炎死亡病例，与前一天公布的官方数据相比大幅增加563例。另外，该国累计确诊病例数已增至29474例，比前一天增加4324例。
【编辑:郭炘蔚】
</body></doc>